alpha,gamma,episodes,seed,success_rate,avg_return,avg_steps,elapsed_seconds
0.0,0.0,20,0,0.055,-1.0944,11.22,0.075498
0.0,0.0,20,1,0.065,-1.0511,10.055,0.053001
0.0,0.0,20,2,0.035,-1.0962,9.31,0.051001
0.0,0.0,20,3,0.045,-1.0826,9.63,0.0565
0.0,0.0,20,4,0.06,-1.0445,9.225,0.043499
0.0,0.0,20,5,0.05,-1.0807,10.035,0.047502
0.0,0.0,20,6,0.05,-1.0511,9.045,0.041499
0.0,0.0,20,7,0.04,-1.1017,10.085,0.048501
0.0,0.0,20,8,0.05,-1.0767,9.835,0.048
0.0,0.0,20,9,0.025,-1.1181,9.65,0.0475
0.0,0.0,20,10,0.03,-1.1128,9.64,0.052501
0.0,0.0,20,11,0.025,-1.1204,9.765,0.051999
0.0,0.0,20,12,0.04,-1.0759,9.04,0.0455
0.0,0.0,20,13,0.045,-1.0677,8.885,0.0515
0.0,0.0,20,14,0.03,-1.1158,9.79,0.049999
0.0,0.0,20,15,0.05,-1.06,9.245,0.048502
0.0,0.0,20,16,0.015,-1.1149,8.735,0.0465
0.0,0.0,20,17,0.02,-1.1024,8.365,0.057
0.0,0.0,20,18,0.035,-1.0943,9.215,0.051001
0.0,0.0,20,19,0.025,-1.1209,10.28,0.052
0.0,0.0,20,20,0.05,-1.0767,9.835,0.049999
0.0,0.0,20,21,0.045,-1.0581,8.405,0.047499
0.0,0.0,20,22,0.065,-1.059,10.45,0.054499
0.0,0.0,20,23,0.08,-0.9977,9.375,0.06
0.0,0.0,20,24,0.045,-1.0737,9.185,0.052001
0.0,0.0,20,25,0.03,-1.0884,8.42,0.0545
0.0,0.0,20,26,0.035,-1.0882,8.91,0.053001
0.0,0.0,20,27,0.02,-1.1135,8.92,0.052999
0.0,0.0,20,28,0.035,-1.0918,9.09,0.052
0.0,0.0,20,29,0.02,-1.1311,9.555,0.051999
0.0,0.0,20,30,0.055,-1.0606,9.53,0.051002
0.0,0.0,20,31,0.035,-1.0862,8.81,0.041
0.0,0.0,20,32,0.025,-1.0952,8.505,0.043499
0.0,0.0,20,33,0.03,-1.0956,9.025,0.0425
0.0,0.0,20,34,0.05,-1.0532,8.66,0.043501
0.0,0.0,20,35,0.06,-1.0474,9.37,0.046499
0.0,0.0,20,36,0.045,-1.0885,9.925,0.0515
0.0,0.0,20,37,0.065,-1.0462,10.055,0.058001
0.0,0.0,20,38,0.03,-1.1103,9.515,0.051
0.0,0.0,20,39,0.06,-1.0631,10.155,0.052
0.0,0.0,20,40,0.095,-0.9869,10.09,0.0545
0.0,0.0,20,41,0.055,-1.0653,9.765,0.0505
0.0,0.0,20,42,0.055,-1.0756,10.525,0.052999
0.0,0.0,20,43,0.045,-1.0749,9.245,0.044001
0.0,0.0,20,44,0.04,-1.0876,9.625,0.0535
0.0,0.0,20,45,0.055,-1.0541,9.205,0.059501
0.0,0.0,20,46,0.045,-1.0793,9.465,0.05
0.0,0.0,20,47,0.025,-1.1328,10.385,0.0555
0.0,0.0,20,48,0.04,-1.079,8.95,0.047501
0.0,0.0,20,49,0.07,-1.0493,10.465,0.052998
0.0,0.0,20,50,0.03,-1.1044,9.465,0.051499
0.0,0.0,20,51,0.05,-1.0662,9.555,0.053001
0.0,0.0,20,52,0.03,-1.1088,9.44,0.061501
0.0,0.0,20,53,0.08,-1.0175,9.875,0.053502
0.0,0.0,20,54,0.07,-1.0387,9.935,0.052498
0.0,0.0,20,55,0.03,-1.0994,8.97,0.046001
0.0,0.0,20,56,0.05,-1.0658,9.29,0.0505
0.0,0.0,20,57,0.055,-1.0638,9.69,0.048999
0.0,0.0,20,58,0.05,-1.0647,9.235,0.044001
0.0,0.0,20,59,0.065,-1.0288,9.185,0.042418
0.0,0.0,20,60,0.04,-1.0851,9.745,0.0475
0.0,0.0,20,61,0.035,-1.1033,9.665,0.050999
0.0,0.0,20,62,0.06,-1.0505,9.525,0.045501
0.0,0.0,20,63,0.045,-1.0705,10.005,0.051497
0.0,0.0,20,64,0.035,-1.0879,9.14,0.048499
0.0,0.0,20,65,0.03,-1.1088,9.685,0.055001
0.0,0.0,20,66,0.05,-1.082,10.345,0.060501
0.0,0.0,20,67,0.005,-1.1443,8.715,0.049502
0.0,0.0,20,68,0.05,-1.0682,9.41,0.046499
0.0,0.0,20,69,0.045,-1.0855,9.775,0.0435
0.0,0.0,20,70,0.035,-1.1058,9.79,0.047
0.0,0.0,20,71,0.03,-1.1223,10.115,0.048501
0.0,0.0,20,72,0.05,-1.0854,10.515,0.051
0.0,0.0,20,73,0.04,-1.066,8.545,0.0425
0.0,0.0,20,74,0.035,-1.0899,8.995,0.040499
0.0,0.0,20,75,0.05,-1.0745,10.215,0.0535
0.0,0.0,20,76,0.055,-1.0693,9.965,0.064
0.0,0.0,20,77,0.045,-1.0895,10.22,0.057501
0.0,0.0,20,78,0.045,-1.0825,9.87,0.053
0.0,0.0,20,79,0.035,-1.1233,10.665,0.054999
0.0,0.0,20,80,0.035,-1.0995,9.475,0.046502
0.0,0.0,20,81,0.07,-1.0308,9.54,0.050997
0.0,0.0,20,82,0.03,-1.0826,8.13,0.046001
0.0,0.0,20,83,0.03,-1.1194,9.97,0.064
0.0,0.0,20,84,0.04,-1.0928,9.885,0.0545
0.0,0.0,20,85,0.055,-1.0601,9.505,0.057001
0.0,0.0,20,86,0.025,-1.1148,9.485,0.056999
0.0,0.0,20,87,0.015,-1.1307,9.28,0.056999
0.0,0.0,20,88,0.045,-1.0944,10.71,0.0605
0.0,0.0,20,89,0.05,-1.0664,9.32,0.041501
0.0,0.0,20,90,0.04,-1.0922,9.61,0.047
0.0,0.0,20,91,0.06,-1.0456,9.28,0.047001
0.0,0.0,20,92,0.065,-1.0378,9.39,0.046999
0.0,0.0,20,93,0.045,-1.0735,9.175,0.0435
0.0,0.0,20,94,0.065,-1.038,9.645,0.054
0.0,0.0,20,95,0.035,-1.0918,9.335,0.056
0.0,0.0,20,96,0.055,-1.1001,11.505,0.065432
0.0,0.0,20,97,0.045,-1.0846,10.22,0.053
0.0,0.0,20,98,0.035,-1.0979,9.64,0.061998
0.0,0.0,20,99,0.045,-1.0832,9.66,0.0505
0.0,0.0,100,0,0.055,-1.0944,11.22,0.071001
0.0,0.0,100,1,0.065,-1.0511,10.055,0.0675
0.0,0.0,100,2,0.035,-1.0962,9.31,0.062
0.0,0.0,100,3,0.045,-1.0826,9.63,0.058501
0.0,0.0,100,4,0.06,-1.0445,9.225,0.0585
0.0,0.0,100,5,0.05,-1.0807,10.035,0.060502
0.0,0.0,100,6,0.05,-1.0511,9.045,0.055499
0.0,0.0,100,7,0.04,-1.1017,10.085,0.056998
0.0,0.0,100,8,0.05,-1.0767,9.835,0.064002
0.0,0.0,100,9,0.025,-1.1181,9.65,0.073499
0.0,0.0,100,10,0.03,-1.1128,9.64,0.067001
0.0,0.0,100,11,0.025,-1.1204,9.765,0.061001
0.0,0.0,100,12,0.04,-1.0759,9.04,0.063998
0.0,0.0,100,13,0.045,-1.0677,8.885,0.058003
0.0,0.0,100,14,0.03,-1.1158,9.79,0.067498
0.0,0.0,100,15,0.05,-1.06,9.245,0.0675
0.0,0.0,100,16,0.015,-1.1149,8.735,0.066998
0.0,0.0,100,17,0.02,-1.1024,8.365,0.065002
0.0,0.0,100,18,0.035,-1.0943,9.215,0.063501
0.0,0.0,100,19,0.025,-1.1209,10.28,0.069998
0.0,0.0,100,20,0.05,-1.0767,9.835,0.0585
0.0,0.0,100,21,0.045,-1.0581,8.405,0.051001
0.0,0.0,100,22,0.065,-1.059,10.45,0.0595
0.0,0.0,100,23,0.08,-0.9977,9.375,0.056001
0.0,0.0,100,24,0.045,-1.0737,9.185,0.0685
0.0,0.0,100,25,0.03,-1.0884,8.42,0.065499
0.0,0.0,100,26,0.035,-1.0882,8.91,0.064502
0.0,0.0,100,27,0.02,-1.1135,8.92,0.063501
0.0,0.0,100,28,0.035,-1.0918,9.09,0.070998
0.0,0.0,100,29,0.02,-1.1311,9.555,0.0745
0.0,0.0,100,30,0.055,-1.0606,9.53,0.066999
0.0,0.0,100,31,0.035,-1.0862,8.81,0.058999
0.0,0.0,100,32,0.025,-1.0952,8.505,0.059999
0.0,0.0,100,33,0.03,-1.0956,9.025,0.056501
0.0,0.0,100,34,0.05,-1.0532,8.66,0.051999
0.0,0.0,100,35,0.06,-1.0474,9.37,0.052999
0.0,0.0,100,36,0.045,-1.0885,9.925,0.059501
0.0,0.0,100,37,0.065,-1.0462,10.055,0.0615
0.0,0.0,100,38,0.03,-1.1103,9.515,0.058501
0.0,0.0,100,39,0.06,-1.0631,10.155,0.063498
0.0,0.0,100,40,0.095,-0.9869,10.09,0.071002
0.0,0.0,100,41,0.055,-1.0653,9.765,0.071002
0.0,0.0,100,42,0.055,-1.0756,10.525,0.074002
0.0,0.0,100,43,0.045,-1.0749,9.245,0.067497
0.0,0.0,100,44,0.04,-1.0876,9.625,0.075001
0.0,0.0,100,45,0.055,-1.0541,9.205,0.064999
0.0,0.0,100,46,0.045,-1.0793,9.465,0.062535
0.0,0.0,100,47,0.025,-1.1328,10.385,0.067964
0.0,0.0,100,48,0.04,-1.079,8.95,0.0635
0.0,0.0,100,49,0.07,-1.0493,10.465,0.070001
0.0,0.0,100,50,0.03,-1.1044,9.465,0.074001
0.0,0.0,100,51,0.05,-1.0662,9.555,0.0655
0.0,0.0,100,52,0.03,-1.1088,9.44,0.063001
0.0,0.0,100,53,0.08,-1.0175,9.875,0.064999
0.0,0.0,100,54,0.07,-1.0387,9.935,0.062499
0.0,0.0,100,55,0.03,-1.0994,8.97,0.0545
0.0,0.0,100,56,0.05,-1.0658,9.29,0.0595
0.0,0.0,100,57,0.055,-1.0638,9.69,0.06
0.0,0.0,100,58,0.05,-1.0647,9.235,0.06
0.0,0.0,100,59,0.065,-1.0288,9.185,0.066003
0.0,0.0,100,60,0.04,-1.0851,9.745,0.060999
0.0,0.0,100,61,0.035,-1.1033,9.665,0.066
0.0,0.0,100,62,0.06,-1.0505,9.525,0.067
0.0,0.0,100,63,0.045,-1.0705,10.005,0.062001
0.0,0.0,100,64,0.035,-1.0879,9.14,0.065498
0.0,0.0,100,65,0.03,-1.1088,9.685,0.0725
0.0,0.0,100,66,0.05,-1.082,10.345,0.070002
0.0,0.0,100,67,0.005,-1.1443,8.715,0.058999
0.0,0.0,100,68,0.05,-1.0682,9.41,0.068499
0.0,0.0,100,69,0.045,-1.0855,9.775,0.0645
0.0,0.0,100,70,0.035,-1.1058,9.79,0.071001
0.0,0.0,100,71,0.03,-1.1223,10.115,0.076
0.0,0.0,100,72,0.05,-1.0854,10.515,0.075999
0.0,0.0,100,73,0.04,-1.066,8.545,0.058
0.0,0.0,100,74,0.035,-1.0899,8.995,0.059
0.0,0.0,100,75,0.05,-1.0745,10.215,0.063003
0.0,0.0,100,76,0.055,-1.0693,9.965,0.058998
0.0,0.0,100,77,0.045,-1.0895,10.22,0.0585
0.0,0.0,100,78,0.045,-1.0825,9.87,0.061499
0.0,0.0,100,79,0.035,-1.1233,10.665,0.065502
0.0,0.0,100,80,0.035,-1.0995,9.475,0.0725
0.0,0.0,100,81,0.07,-1.0308,9.54,0.062999
0.0,0.0,100,82,0.03,-1.0826,8.13,0.058
0.0,0.0,100,83,0.03,-1.1194,9.97,0.067003
0.0,0.0,100,84,0.04,-1.0928,9.885,0.061997
0.0,0.0,100,85,0.055,-1.0601,9.505,0.063001
0.0,0.0,100,86,0.025,-1.1148,9.485,0.052999
0.0,0.0,100,87,0.015,-1.1307,9.28,0.058001
0.0,0.0,100,88,0.045,-1.0944,10.71,0.068498
0.0,0.0,100,89,0.05,-1.0664,9.32,0.075002
0.0,0.0,100,90,0.04,-1.0922,9.61,0.067999
0.0,0.0,100,91,0.06,-1.0456,9.28,0.063999
0.0,0.0,100,92,0.065,-1.0378,9.39,0.065
0.0,0.0,100,93,0.045,-1.0735,9.175,0.0655
0.0,0.0,100,94,0.065,-1.038,9.645,0.070501
0.0,0.0,100,95,0.035,-1.0918,9.335,0.075998
0.0,0.0,100,96,0.055,-1.1001,11.505,0.077
0.0,0.0,100,97,0.045,-1.0846,10.22,0.068
0.0,0.0,100,98,0.035,-1.0979,9.64,0.061
0.0,0.0,100,99,0.045,-1.0832,9.66,0.065501
0.0,0.0,500,0,0.055,-1.0944,11.22,0.126999
0.0,0.0,500,1,0.065,-1.0511,10.055,0.121001
0.0,0.0,500,2,0.035,-1.0962,9.31,0.132
0.0,0.0,500,3,0.045,-1.0826,9.63,0.128999
0.0,0.0,500,4,0.06,-1.0445,9.225,0.116501
0.0,0.0,500,5,0.05,-1.0807,10.035,0.1195
0.0,0.0,500,6,0.05,-1.0511,9.045,0.116001
0.0,0.0,500,7,0.04,-1.1017,10.085,0.1245
0.0,0.0,500,8,0.05,-1.0767,9.835,0.111999
0.0,0.0,500,9,0.025,-1.1181,9.65,0.140501
0.0,0.0,500,10,0.03,-1.1128,9.64,0.139999
0.0,0.0,500,11,0.025,-1.1204,9.765,0.123999
0.0,0.0,500,12,0.04,-1.0759,9.04,0.149505
0.0,0.0,500,13,0.045,-1.0677,8.885,0.127996
0.0,0.0,500,14,0.03,-1.1158,9.79,0.118001
0.0,0.0,500,15,0.05,-1.06,9.245,0.102499
0.0,0.0,500,16,0.015,-1.1149,8.735,0.104001
0.0,0.0,500,17,0.02,-1.1024,8.365,0.114501
0.0,0.0,500,18,0.035,-1.0943,9.215,0.119
0.0,0.0,500,19,0.025,-1.1209,10.28,0.127498
0.0,0.0,500,20,0.05,-1.0767,9.835,0.123501
0.0,0.0,500,21,0.045,-1.0581,8.405,0.112501
0.0,0.0,500,22,0.065,-1.059,10.45,0.1085
0.0,0.0,500,23,0.08,-0.9977,9.375,0.109999
0.0,0.0,500,24,0.045,-1.0737,9.185,0.1175
0.0,0.0,500,25,0.03,-1.0884,8.42,0.1145
0.0,0.0,500,26,0.035,-1.0882,8.91,0.126499
0.0,0.0,500,27,0.02,-1.1135,8.92,0.13
0.0,0.0,500,28,0.035,-1.0918,9.09,0.109
0.0,0.0,500,29,0.02,-1.1311,9.555,0.129499
0.0,0.0,500,30,0.055,-1.0606,9.53,0.139002
0.0,0.0,500,31,0.035,-1.0862,8.81,0.116999
0.0,0.0,500,32,0.025,-1.0952,8.505,0.116003
0.0,0.0,500,33,0.03,-1.0956,9.025,0.122498
0.0,0.0,500,34,0.05,-1.0532,8.66,0.125499
0.0,0.0,500,35,0.06,-1.0474,9.37,0.138001
0.0,0.0,500,36,0.045,-1.0885,9.925,0.14
0.0,0.0,500,37,0.065,-1.0462,10.055,0.144999
0.0,0.0,500,38,0.03,-1.1103,9.515,0.130001
0.0,0.0,500,39,0.06,-1.0631,10.155,0.129
0.0,0.0,500,40,0.095,-0.9869,10.09,0.149999
0.0,0.0,500,41,0.055,-1.0653,9.765,0.147501
0.0,0.0,500,42,0.055,-1.0756,10.525,0.137002
0.0,0.0,500,43,0.045,-1.0749,9.245,0.103498
0.0,0.0,500,44,0.04,-1.0876,9.625,0.128
0.0,0.0,500,45,0.055,-1.0541,9.205,0.170998
0.0,0.0,500,46,0.045,-1.0793,9.465,0.127001
0.0,0.0,500,47,0.025,-1.1328,10.385,0.1175
0.0,0.0,500,48,0.04,-1.079,8.95,0.112998
0.0,0.0,500,49,0.07,-1.0493,10.465,0.112001
0.0,0.0,500,50,0.03,-1.1044,9.465,0.125501
0.0,0.0,500,51,0.05,-1.0662,9.555,0.114498
0.0,0.0,500,52,0.03,-1.1088,9.44,0.115
0.0,0.0,500,53,0.08,-1.0175,9.875,0.138499
0.0,0.0,500,54,0.07,-1.0387,9.935,0.1275
0.0,0.0,500,55,0.03,-1.0994,8.97,0.098001
0.0,0.0,500,56,0.05,-1.0658,9.29,0.103499
0.0,0.0,500,57,0.055,-1.0638,9.69,0.114501
0.0,0.0,500,58,0.05,-1.0647,9.235,0.107999
0.0,0.0,500,59,0.065,-1.0288,9.185,0.122502
0.0,0.0,500,60,0.04,-1.0851,9.745,0.1125
0.0,0.0,500,61,0.035,-1.1033,9.665,0.111498
0.0,0.0,500,62,0.06,-1.0505,9.525,0.102
0.0,0.0,500,63,0.045,-1.0705,10.005,0.106502
0.0,0.0,500,64,0.035,-1.0879,9.14,0.1065
0.0,0.0,500,65,0.03,-1.1088,9.685,0.107999
0.0,0.0,500,66,0.05,-1.082,10.345,0.1295
0.0,0.0,500,67,0.005,-1.1443,8.715,0.116501
0.0,0.0,500,68,0.05,-1.0682,9.41,0.1165
0.0,0.0,500,69,0.045,-1.0855,9.775,0.1275
0.0,0.0,500,70,0.035,-1.1058,9.79,0.119503
0.0,0.0,500,71,0.03,-1.1223,10.115,0.111998
0.0,0.0,500,72,0.05,-1.0854,10.515,0.112001
0.0,0.0,500,73,0.04,-1.066,8.545,0.102501
0.0,0.0,500,74,0.035,-1.0899,8.995,0.113499
0.0,0.0,500,75,0.05,-1.0745,10.215,0.120502
0.0,0.0,500,76,0.055,-1.0693,9.965,0.13
0.0,0.0,500,77,0.045,-1.0895,10.22,0.120001
0.0,0.0,500,78,0.045,-1.0825,9.87,0.124
0.0,0.0,500,79,0.035,-1.1233,10.665,0.111499
0.0,0.0,500,80,0.035,-1.0995,9.475,0.1165
0.0,0.0,500,81,0.07,-1.0308,9.54,0.122002
0.0,0.0,500,82,0.03,-1.0826,8.13,0.116997
0.0,0.0,500,83,0.03,-1.1194,9.97,0.144501
0.0,0.0,500,84,0.04,-1.0928,9.885,0.123501
0.0,0.0,500,85,0.055,-1.0601,9.505,0.1185
0.0,0.0,500,86,0.025,-1.1148,9.485,0.1325
0.0,0.0,500,87,0.015,-1.1307,9.28,0.1235
0.0,0.0,500,88,0.045,-1.0944,10.71,0.123999
0.0,0.0,500,89,0.05,-1.0664,9.32,0.110501
0.0,0.0,500,90,0.04,-1.0922,9.61,0.113501
0.0,0.0,500,91,0.06,-1.0456,9.28,0.118497
0.0,0.0,500,92,0.065,-1.0378,9.39,0.113001
0.0,0.0,500,93,0.045,-1.0735,9.175,0.1135
0.0,0.0,500,94,0.065,-1.038,9.645,0.1085
0.0,0.0,500,95,0.035,-1.0918,9.335,0.1015
0.0,0.0,500,96,0.055,-1.1001,11.505,0.1135
0.0,0.0,500,97,0.045,-1.0846,10.22,0.1225
0.0,0.0,500,98,0.035,-1.0979,9.64,0.102999
0.0,0.0,500,99,0.045,-1.0832,9.66,0.106501
0.0,0.0,2000,0,0.055,-1.0944,11.22,0.315
0.0,0.0,2000,1,0.065,-1.0511,10.055,0.308002
0.0,0.0,2000,2,0.035,-1.0962,9.31,0.306499
0.0,0.0,2000,3,0.045,-1.0826,9.63,0.303999
0.0,0.0,2000,4,0.06,-1.0445,9.225,0.313501
0.0,0.0,2000,5,0.05,-1.0807,10.035,0.315999
0.0,0.0,2000,6,0.05,-1.0511,9.045,0.3195
0.0,0.0,2000,7,0.04,-1.1017,10.085,0.394002
0.0,0.0,2000,8,0.05,-1.0767,9.835,0.310498
0.0,0.0,2000,9,0.025,-1.1181,9.65,0.3245
0.0,0.0,2000,10,0.03,-1.1128,9.64,0.319501
0.0,0.0,2000,11,0.025,-1.1204,9.765,0.306499
0.0,0.0,2000,12,0.04,-1.0759,9.04,0.299002
0.0,0.0,2000,13,0.045,-1.0677,8.885,0.298998
0.0,0.0,2000,14,0.03,-1.1158,9.79,0.306001
0.0,0.0,2000,15,0.05,-1.06,9.245,0.305499
0.0,0.0,2000,16,0.015,-1.1149,8.735,0.301001
0.0,0.0,2000,17,0.02,-1.1024,8.365,0.291499
0.0,0.0,2000,18,0.035,-1.0943,9.215,0.325
0.0,0.0,2000,19,0.025,-1.1209,10.28,0.321499
0.0,0.0,2000,20,0.05,-1.0767,9.835,0.312002
0.0,0.0,2000,21,0.045,-1.0581,8.405,0.3005
0.0,0.0,2000,22,0.065,-1.059,10.45,0.316001
0.0,0.0,2000,23,0.08,-0.9977,9.375,0.317998
0.0,0.0,2000,24,0.045,-1.0737,9.185,0.314
0.0,0.0,2000,25,0.03,-1.0884,8.42,0.310001
0.0,0.0,2000,26,0.035,-1.0882,8.91,0.303
0.0,0.0,2000,27,0.02,-1.1135,8.92,0.303588
0.0,0.0,2000,28,0.035,-1.0918,9.09,0.295912
0.0,0.0,2000,29,0.02,-1.1311,9.555,0.313499
0.0,0.0,2000,30,0.055,-1.0606,9.53,0.308501
0.0,0.0,2000,31,0.035,-1.0862,8.81,0.304999
0.0,0.0,2000,32,0.025,-1.0952,8.505,0.301001
0.0,0.0,2000,33,0.03,-1.0956,9.025,0.306
0.0,0.0,2000,34,0.05,-1.0532,8.66,0.2995
0.0,0.0,2000,35,0.06,-1.0474,9.37,0.304
0.0,0.0,2000,36,0.045,-1.0885,9.925,0.304002
0.0,0.0,2000,37,0.065,-1.0462,10.055,0.293497
0.0,0.0,2000,38,0.03,-1.1103,9.515,0.294
0.0,0.0,2000,39,0.06,-1.0631,10.155,0.305001
0.0,0.0,2000,40,0.095,-0.9869,10.09,0.321
0.0,0.0,2000,41,0.055,-1.0653,9.765,0.307501
0.0,0.0,2000,42,0.055,-1.0756,10.525,0.310998
0.0,0.0,2000,43,0.045,-1.0749,9.245,0.3045
0.0,0.0,2000,44,0.04,-1.0876,9.625,0.302501
0.0,0.0,2000,45,0.055,-1.0541,9.205,0.309499
0.0,0.0,2000,46,0.045,-1.0793,9.465,0.332503
0.0,0.0,2000,47,0.025,-1.1328,10.385,0.340499
0.0,0.0,2000,48,0.04,-1.079,8.95,0.315999
0.0,0.0,2000,49,0.07,-1.0493,10.465,0.311999
0.0,0.0,2000,50,0.03,-1.1044,9.465,0.308999
0.0,0.0,2000,51,0.05,-1.0662,9.555,0.307502
0.0,0.0,2000,52,0.03,-1.1088,9.44,0.300499
0.0,0.0,2000,53,0.08,-1.0175,9.875,0.316501
0.0,0.0,2000,54,0.07,-1.0387,9.935,0.3645
0.0,0.0,2000,55,0.03,-1.0994,8.97,0.380498
0.0,0.0,2000,56,0.05,-1.0658,9.29,0.387501
0.0,0.0,2000,57,0.055,-1.0638,9.69,0.332998
0.0,0.0,2000,58,0.05,-1.0647,9.235,0.342001
0.0,0.0,2000,59,0.065,-1.0288,9.185,0.307998
0.0,0.0,2000,60,0.04,-1.0851,9.745,0.3115
0.0,0.0,2000,61,0.035,-1.1033,9.665,0.307
0.0,0.0,2000,62,0.06,-1.0505,9.525,0.309502
0.0,0.0,2000,63,0.045,-1.0705,10.005,0.307498
0.0,0.0,2000,64,0.035,-1.0879,9.14,0.3055
0.0,0.0,2000,65,0.03,-1.1088,9.685,0.3095
0.0,0.0,2000,66,0.05,-1.082,10.345,0.312499
0.0,0.0,2000,67,0.005,-1.1443,8.715,0.3105
0.0,0.0,2000,68,0.05,-1.0682,9.41,0.3155
0.0,0.0,2000,69,0.045,-1.0855,9.775,0.339999
0.0,0.0,2000,70,0.035,-1.1058,9.79,0.359
0.0,0.0,2000,71,0.03,-1.1223,10.115,0.339002
0.0,0.0,2000,72,0.05,-1.0854,10.515,0.358001
0.0,0.0,2000,73,0.04,-1.066,8.545,0.376498
0.0,0.0,2000,74,0.035,-1.0899,8.995,0.309
0.0,0.0,2000,75,0.05,-1.0745,10.215,0.310002
0.0,0.0,2000,76,0.055,-1.0693,9.965,0.321498
0.0,0.0,2000,77,0.045,-1.0895,10.22,0.324001
0.0,0.0,2000,78,0.045,-1.0825,9.87,0.320502
0.0,0.0,2000,79,0.035,-1.1233,10.665,0.308998
0.0,0.0,2000,80,0.035,-1.0995,9.475,0.302
0.0,0.0,2000,81,0.07,-1.0308,9.54,0.299001
0.0,0.0,2000,82,0.03,-1.0826,8.13,0.300999
0.0,0.0,2000,83,0.03,-1.1194,9.97,0.306502
0.0,0.0,2000,84,0.04,-1.0928,9.885,0.305997
0.0,0.0,2000,85,0.055,-1.0601,9.505,0.310001
0.0,0.0,2000,86,0.025,-1.1148,9.485,0.302999
0.0,0.0,2000,87,0.015,-1.1307,9.28,0.377001
0.0,0.0,2000,88,0.045,-1.0944,10.71,0.3305
0.0,0.0,2000,89,0.05,-1.0664,9.32,0.3085
0.0,0.0,2000,90,0.04,-1.0922,9.61,0.312999
0.0,0.0,2000,91,0.06,-1.0456,9.28,0.297001
0.0,0.0,2000,92,0.065,-1.0378,9.39,0.301
0.0,0.0,2000,93,0.045,-1.0735,9.175,0.3035
0.0,0.0,2000,94,0.065,-1.038,9.645,0.295498
0.0,0.0,2000,95,0.035,-1.0918,9.335,0.299501
0.0,0.0,2000,96,0.055,-1.1001,11.505,0.336501
0.0,0.0,2000,97,0.045,-1.0846,10.22,0.314499
0.0,0.0,2000,98,0.035,-1.0979,9.64,0.3055
0.0,0.0,2000,99,0.045,-1.0832,9.66,0.308
0.0,0.5,20,0,0.055,-1.0944,11.22,0.0505
0.0,0.5,20,1,0.065,-1.0511,10.055,0.0435
0.0,0.5,20,2,0.035,-1.0962,9.31,0.038498
0.0,0.5,20,3,0.045,-1.0826,9.63,0.043001
0.0,0.5,20,4,0.06,-1.0445,9.225,0.04
0.0,0.5,20,5,0.05,-1.0807,10.035,0.044001
0.0,0.5,20,6,0.05,-1.0511,9.045,0.0425
0.0,0.5,20,7,0.04,-1.1017,10.085,0.0465
0.0,0.5,20,8,0.05,-1.0767,9.835,0.043591
0.0,0.5,20,9,0.025,-1.1181,9.65,0.04441
0.0,0.5,20,10,0.03,-1.1128,9.64,0.046999
0.0,0.5,20,11,0.025,-1.1204,9.765,0.045001
0.0,0.5,20,12,0.04,-1.0759,9.04,0.045499
0.0,0.5,20,13,0.045,-1.0677,8.885,0.045002
0.0,0.5,20,14,0.03,-1.1158,9.79,0.0505
0.0,0.5,20,15,0.05,-1.06,9.245,0.044501
0.0,0.5,20,16,0.015,-1.1149,8.735,0.038497
0.0,0.5,20,17,0.02,-1.1024,8.365,0.035504
0.0,0.5,20,18,0.035,-1.0943,9.215,0.038998
0.0,0.5,20,19,0.025,-1.1209,10.28,0.042999
0.0,0.5,20,20,0.05,-1.0767,9.835,0.044
0.0,0.5,20,21,0.045,-1.0581,8.405,0.040499
0.0,0.5,20,22,0.065,-1.059,10.45,0.052501
0.0,0.5,20,23,0.08,-0.9977,9.375,0.039999
0.0,0.5,20,24,0.045,-1.0737,9.185,0.04
0.0,0.5,20,25,0.03,-1.0884,8.42,0.039
0.0,0.5,20,26,0.035,-1.0882,8.91,0.0395
0.0,0.5,20,27,0.02,-1.1135,8.92,0.038499
0.0,0.5,20,28,0.035,-1.0918,9.09,0.040002
0.0,0.5,20,29,0.02,-1.1311,9.555,0.046888
0.0,0.5,20,30,0.055,-1.0606,9.53,0.0475
0.0,0.5,20,31,0.035,-1.0862,8.81,0.039499
0.0,0.5,20,32,0.025,-1.0952,8.505,0.039
0.0,0.5,20,33,0.03,-1.0956,9.025,0.042003
0.0,0.5,20,34,0.05,-1.0532,8.66,0.041499
0.0,0.5,20,35,0.06,-1.0474,9.37,0.040998
0.0,0.5,20,36,0.045,-1.0885,9.925,0.044502
0.0,0.5,20,37,0.065,-1.0462,10.055,0.045001
0.0,0.5,20,38,0.03,-1.1103,9.515,0.043
0.0,0.5,20,39,0.06,-1.0631,10.155,0.048499
0.0,0.5,20,40,0.095,-0.9869,10.09,0.044003
0.0,0.5,20,41,0.055,-1.0653,9.765,0.044999
0.0,0.5,20,42,0.055,-1.0756,10.525,0.047504
0.0,0.5,20,43,0.045,-1.0749,9.245,0.039996
0.0,0.5,20,44,0.04,-1.0876,9.625,0.039503
0.0,0.5,20,45,0.055,-1.0541,9.205,0.044998
0.0,0.5,20,46,0.045,-1.0793,9.465,0.040502
0.0,0.5,20,47,0.025,-1.1328,10.385,0.044997
0.0,0.5,20,48,0.04,-1.079,8.95,0.038001
0.0,0.5,20,49,0.07,-1.0493,10.465,0.044
0.0,0.5,20,50,0.03,-1.1044,9.465,0.041999
0.0,0.5,20,51,0.05,-1.0662,9.555,0.039999
0.0,0.5,20,52,0.03,-1.1088,9.44,0.042001
0.0,0.5,20,53,0.08,-1.0175,9.875,0.043001
0.0,0.5,20,54,0.07,-1.0387,9.935,0.046499
0.0,0.5,20,55,0.03,-1.0994,8.97,0.0375
0.0,0.5,20,56,0.05,-1.0658,9.29,0.040002
0.0,0.5,20,57,0.055,-1.0638,9.69,0.041499
0.0,0.5,20,58,0.05,-1.0647,9.235,0.039
0.0,0.5,20,59,0.065,-1.0288,9.185,0.037501
0.0,0.5,20,60,0.04,-1.0851,9.745,0.039998
0.0,0.5,20,61,0.035,-1.1033,9.665,0.0425
0.0,0.5,20,62,0.06,-1.0505,9.525,0.040003
0.0,0.5,20,63,0.045,-1.0705,10.005,0.046498
0.0,0.5,20,64,0.035,-1.0879,9.14,0.049499
0.0,0.5,20,65,0.03,-1.1088,9.685,0.040499
0.0,0.5,20,66,0.05,-1.082,10.345,0.0465
0.0,0.5,20,67,0.005,-1.1443,8.715,0.0375
0.0,0.5,20,68,0.05,-1.0682,9.41,0.039502
0.0,0.5,20,69,0.045,-1.0855,9.775,0.048999
0.0,0.5,20,70,0.035,-1.1058,9.79,0.048999
0.0,0.5,20,71,0.03,-1.1223,10.115,0.0425
0.0,0.5,20,72,0.05,-1.0854,10.515,0.044001
0.0,0.5,20,73,0.04,-1.066,8.545,0.042502
0.0,0.5,20,74,0.035,-1.0899,8.995,0.042997
0.0,0.5,20,75,0.05,-1.0745,10.215,0.0435
0.0,0.5,20,76,0.055,-1.0693,9.965,0.0475
0.0,0.5,20,77,0.045,-1.0895,10.22,0.044999
0.0,0.5,20,78,0.045,-1.0825,9.87,0.039
0.0,0.5,20,79,0.035,-1.1233,10.665,0.046501
0.0,0.5,20,80,0.035,-1.0995,9.475,0.042999
0.0,0.5,20,81,0.07,-1.0308,9.54,0.043501
0.0,0.5,20,82,0.03,-1.0826,8.13,0.034998
0.0,0.5,20,83,0.03,-1.1194,9.97,0.042
0.0,0.5,20,84,0.04,-1.0928,9.885,0.044
0.0,0.5,20,85,0.055,-1.0601,9.505,0.041502
0.0,0.5,20,86,0.025,-1.1148,9.485,0.041498
0.0,0.5,20,87,0.015,-1.1307,9.28,0.041001
0.0,0.5,20,88,0.045,-1.0944,10.71,0.050501
0.0,0.5,20,89,0.05,-1.0664,9.32,0.0395
0.0,0.5,20,90,0.04,-1.0922,9.61,0.043499
0.0,0.5,20,91,0.06,-1.0456,9.28,0.044501
0.0,0.5,20,92,0.065,-1.0378,9.39,0.050499
0.0,0.5,20,93,0.045,-1.0735,9.175,0.046
0.0,0.5,20,94,0.065,-1.038,9.645,0.05
0.0,0.5,20,95,0.035,-1.0918,9.335,0.047
0.0,0.5,20,96,0.055,-1.1001,11.505,0.0575
0.0,0.5,20,97,0.045,-1.0846,10.22,0.049001
0.0,0.5,20,98,0.035,-1.0979,9.64,0.049501
0.0,0.5,20,99,0.045,-1.0832,9.66,0.044998
0.0,0.5,100,0,0.055,-1.0944,11.22,0.067501
0.0,0.5,100,1,0.065,-1.0511,10.055,0.061
0.0,0.5,100,2,0.035,-1.0962,9.31,0.064
0.0,0.5,100,3,0.045,-1.0826,9.63,0.0615
0.0,0.5,100,4,0.06,-1.0445,9.225,0.056
0.0,0.5,100,5,0.05,-1.0807,10.035,0.061001
0.0,0.5,100,6,0.05,-1.0511,9.045,0.053499
0.0,0.5,100,7,0.04,-1.1017,10.085,0.0595
0.0,0.5,100,8,0.05,-1.0767,9.835,0.054001
0.0,0.5,100,9,0.025,-1.1181,9.65,0.049498
0.0,0.5,100,10,0.03,-1.1128,9.64,0.057002
0.0,0.5,100,11,0.025,-1.1204,9.765,0.0515
0.0,0.5,100,12,0.04,-1.0759,9.04,0.057499
0.0,0.5,100,13,0.045,-1.0677,8.885,0.053499
0.0,0.5,100,14,0.03,-1.1158,9.79,0.0655
0.0,0.5,100,15,0.05,-1.06,9.245,0.056004
0.0,0.5,100,16,0.015,-1.1149,8.735,0.056496
0.0,0.5,100,17,0.02,-1.1024,8.365,0.046499
0.0,0.5,100,18,0.035,-1.0943,9.215,0.051001
0.0,0.5,100,19,0.025,-1.1209,10.28,0.056499
0.0,0.5,100,20,0.05,-1.0767,9.835,0.0495
0.0,0.5,100,21,0.045,-1.0581,8.405,0.047501
0.0,0.5,100,22,0.065,-1.059,10.45,0.0545
0.0,0.5,100,23,0.08,-0.9977,9.375,0.053
0.0,0.5,100,24,0.045,-1.0737,9.185,0.052502
0.0,0.5,100,25,0.03,-1.0884,8.42,0.047499
0.0,0.5,100,26,0.035,-1.0882,8.91,0.052001
0.0,0.5,100,27,0.02,-1.1135,8.92,0.050012
0.0,0.5,100,28,0.035,-1.0918,9.09,0.051962
0.0,0.5,100,29,0.02,-1.1311,9.555,0.057
0.0,0.5,100,30,0.055,-1.0606,9.53,0.057501
0.0,0.5,100,31,0.035,-1.0862,8.81,0.045998
0.0,0.5,100,32,0.025,-1.0952,8.505,0.045
0.0,0.5,100,33,0.03,-1.0956,9.025,0.05
0.0,0.5,100,34,0.05,-1.0532,8.66,0.048
0.0,0.5,100,35,0.06,-1.0474,9.37,0.057501
0.0,0.5,100,36,0.045,-1.0885,9.925,0.0565
0.0,0.5,100,37,0.065,-1.0462,10.055,0.053
0.0,0.5,100,38,0.03,-1.1103,9.515,0.0505
0.0,0.5,100,39,0.06,-1.0631,10.155,0.051499
0.0,0.5,100,40,0.095,-0.9869,10.09,0.058
0.0,0.5,100,41,0.055,-1.0653,9.765,0.054001
0.0,0.5,100,42,0.055,-1.0756,10.525,0.055999
0.0,0.5,100,43,0.045,-1.0749,9.245,0.0495
0.0,0.5,100,44,0.04,-1.0876,9.625,0.056
0.0,0.5,100,45,0.055,-1.0541,9.205,0.0525
0.0,0.5,100,46,0.045,-1.0793,9.465,0.0525
0.0,0.5,100,47,0.025,-1.1328,10.385,0.0515
0.0,0.5,100,48,0.04,-1.079,8.95,0.054499
0.0,0.5,100,49,0.07,-1.0493,10.465,0.0555
0.0,0.5,100,50,0.03,-1.1044,9.465,0.049502
0.0,0.5,100,51,0.05,-1.0662,9.555,0.050498
0.0,0.5,100,52,0.03,-1.1088,9.44,0.049001
0.0,0.5,100,53,0.08,-1.0175,9.875,0.049499
0.0,0.5,100,54,0.07,-1.0387,9.935,0.052001
0.0,0.5,100,55,0.03,-1.0994,8.97,0.053
0.0,0.5,100,56,0.05,-1.0658,9.29,0.0495
0.0,0.5,100,57,0.055,-1.0638,9.69,0.051499
0.0,0.5,100,58,0.05,-1.0647,9.235,0.051502
0.0,0.5,100,59,0.065,-1.0288,9.185,0.050999
0.0,0.5,100,60,0.04,-1.0851,9.745,0.0525
0.0,0.5,100,61,0.035,-1.1033,9.665,0.053001
0.0,0.5,100,62,0.06,-1.0505,9.525,0.052001
0.0,0.5,100,63,0.045,-1.0705,10.005,0.057499
0.0,0.5,100,64,0.035,-1.0879,9.14,0.0555
0.0,0.5,100,65,0.03,-1.1088,9.685,0.056999
0.0,0.5,100,66,0.05,-1.082,10.345,0.054501
0.0,0.5,100,67,0.005,-1.1443,8.715,0.0505
0.0,0.5,100,68,0.05,-1.0682,9.41,0.051
0.0,0.5,100,69,0.045,-1.0855,9.775,0.055
0.0,0.5,100,70,0.035,-1.1058,9.79,0.052
0.0,0.5,100,71,0.03,-1.1223,10.115,0.052999
0.0,0.5,100,72,0.05,-1.0854,10.515,0.05969
0.0,0.5,100,73,0.04,-1.066,8.545,0.051311
0.0,0.5,100,74,0.035,-1.0899,8.995,0.052502
0.0,0.5,100,75,0.05,-1.0745,10.215,0.054497
0.0,0.5,100,76,0.055,-1.0693,9.965,0.055502
0.0,0.5,100,77,0.045,-1.0895,10.22,0.054498
0.0,0.5,100,78,0.045,-1.0825,9.87,0.0545
0.0,0.5,100,79,0.035,-1.1233,10.665,0.057
0.0,0.5,100,80,0.035,-1.0995,9.475,0.050998
0.0,0.5,100,81,0.07,-1.0308,9.54,0.054
0.0,0.5,100,82,0.03,-1.0826,8.13,0.046499
0.0,0.5,100,83,0.03,-1.1194,9.97,0.055501
0.0,0.5,100,84,0.04,-1.0928,9.885,0.0535
0.0,0.5,100,85,0.055,-1.0601,9.505,0.051499
0.0,0.5,100,86,0.025,-1.1148,9.485,0.051
0.0,0.5,100,87,0.015,-1.1307,9.28,0.050502
0.0,0.5,100,88,0.045,-1.0944,10.71,0.057999
0.0,0.5,100,89,0.05,-1.0664,9.32,0.055999
0.0,0.5,100,90,0.04,-1.0922,9.61,0.052503
0.0,0.5,100,91,0.06,-1.0456,9.28,0.052499
0.0,0.5,100,92,0.065,-1.0378,9.39,0.0525
0.0,0.5,100,93,0.045,-1.0735,9.175,0.051499
0.0,0.5,100,94,0.065,-1.038,9.645,0.052
0.0,0.5,100,95,0.035,-1.0918,9.335,0.051504
0.0,0.5,100,96,0.055,-1.1001,11.505,0.061498
0.0,0.5,100,97,0.045,-1.0846,10.22,0.0555
0.0,0.5,100,98,0.035,-1.0979,9.64,0.051498
0.0,0.5,100,99,0.045,-1.0832,9.66,0.054501
0.0,0.5,500,0,0.055,-1.0944,11.22,0.115999
0.0,0.5,500,1,0.065,-1.0511,10.055,0.102502
0.0,0.5,500,2,0.035,-1.0962,9.31,0.104999
0.0,0.5,500,3,0.045,-1.0826,9.63,0.1035
0.0,0.5,500,4,0.06,-1.0445,9.225,0.101002
0.0,0.5,500,5,0.05,-1.0807,10.035,0.104498
0.0,0.5,500,6,0.05,-1.0511,9.045,0.106499
0.0,0.5,500,7,0.04,-1.1017,10.085,0.104004
0.0,0.5,500,8,0.05,-1.0767,9.835,0.101497
0.0,0.5,500,9,0.025,-1.1181,9.65,0.1065
0.0,0.5,500,10,0.03,-1.1128,9.64,0.107502
0.0,0.5,500,11,0.025,-1.1204,9.765,0.107499
0.0,0.5,500,12,0.04,-1.0759,9.04,0.1165
0.0,0.5,500,13,0.045,-1.0677,8.885,0.130001
0.0,0.5,500,14,0.03,-1.1158,9.79,0.160999
0.0,0.5,500,15,0.05,-1.06,9.245,0.143501
0.0,0.5,500,16,0.015,-1.1149,8.735,0.131499
0.0,0.5,500,17,0.02,-1.1024,8.365,0.134999
0.0,0.5,500,18,0.035,-1.0943,9.215,0.1475
0.0,0.5,500,19,0.025,-1.1209,10.28,0.1305
0.0,0.5,500,20,0.05,-1.0767,9.835,0.124001
0.0,0.5,500,21,0.045,-1.0581,8.405,0.102997
0.0,0.5,500,22,0.065,-1.059,10.45,0.1305
0.0,0.5,500,23,0.08,-0.9977,9.375,0.135503
0.0,0.5,500,24,0.045,-1.0737,9.185,0.129997
0.0,0.5,500,25,0.03,-1.0884,8.42,0.101999
0.0,0.5,500,26,0.035,-1.0882,8.91,0.112003
0.0,0.5,500,27,0.02,-1.1135,8.92,0.113497
0.0,0.5,500,28,0.035,-1.0918,9.09,0.104502
0.0,0.5,500,29,0.02,-1.1311,9.555,0.109998
0.0,0.5,500,30,0.055,-1.0606,9.53,0.117001
0.0,0.5,500,31,0.035,-1.0862,8.81,0.109001
0.0,0.5,500,32,0.025,-1.0952,8.505,0.099999
0.0,0.5,500,33,0.03,-1.0956,9.025,0.129001
0.0,0.5,500,34,0.05,-1.0532,8.66,0.114498
0.0,0.5,500,35,0.06,-1.0474,9.37,0.104999
0.0,0.5,500,36,0.045,-1.0885,9.925,0.115002
0.0,0.5,500,37,0.065,-1.0462,10.055,0.114499
0.0,0.5,500,38,0.03,-1.1103,9.515,0.101
0.0,0.5,500,39,0.06,-1.0631,10.155,0.124501
0.0,0.5,500,40,0.095,-0.9869,10.09,0.118499
0.0,0.5,500,41,0.055,-1.0653,9.765,0.1055
0.0,0.5,500,42,0.055,-1.0756,10.525,0.123499
0.0,0.5,500,43,0.045,-1.0749,9.245,0.108999
0.0,0.5,500,44,0.04,-1.0876,9.625,0.111002
0.0,0.5,500,45,0.055,-1.0541,9.205,0.116498
0.0,0.5,500,46,0.045,-1.0793,9.465,0.106
0.0,0.5,500,47,0.025,-1.1328,10.385,0.127001
0.0,0.5,500,48,0.04,-1.079,8.95,0.114501
0.0,0.5,500,49,0.07,-1.0493,10.465,0.114998
0.0,0.5,500,50,0.03,-1.1044,9.465,0.107001
0.0,0.5,500,51,0.05,-1.0662,9.555,0.105999
0.0,0.5,500,52,0.03,-1.1088,9.44,0.106001
0.0,0.5,500,53,0.08,-1.0175,9.875,0.118
0.0,0.5,500,54,0.07,-1.0387,9.935,0.114
0.0,0.5,500,55,0.03,-1.0994,8.97,0.094003
0.0,0.5,500,56,0.05,-1.0658,9.29,0.106
0.0,0.5,500,57,0.055,-1.0638,9.69,0.116497
0.0,0.5,500,58,0.05,-1.0647,9.235,0.137
0.0,0.5,500,59,0.065,-1.0288,9.185,0.1285
0.0,0.5,500,60,0.04,-1.0851,9.745,0.131501
0.0,0.5,500,61,0.035,-1.1033,9.665,0.130998
0.0,0.5,500,62,0.06,-1.0505,9.525,0.136002
0.0,0.5,500,63,0.045,-1.0705,10.005,0.131502
0.0,0.5,500,64,0.035,-1.0879,9.14,0.1065
0.0,0.5,500,65,0.03,-1.1088,9.685,0.114
0.0,0.5,500,66,0.05,-1.082,10.345,0.111003
0.0,0.5,500,67,0.005,-1.1443,8.715,0.117999
0.0,0.5,500,68,0.05,-1.0682,9.41,0.124998
0.0,0.5,500,69,0.045,-1.0855,9.775,0.111498
0.0,0.5,500,70,0.035,-1.1058,9.79,0.11751
0.0,0.5,500,71,0.03,-1.1223,10.115,0.11899
0.0,0.5,500,72,0.05,-1.0854,10.515,0.114501
0.0,0.5,500,73,0.04,-1.066,8.545,0.100499
0.0,0.5,500,74,0.035,-1.0899,8.995,0.1075
0.0,0.5,500,75,0.05,-1.0745,10.215,0.105501
0.0,0.5,500,76,0.055,-1.0693,9.965,0.109
0.0,0.5,500,77,0.045,-1.0895,10.22,0.110499
0.0,0.5,500,78,0.045,-1.0825,9.87,0.112999
0.0,0.5,500,79,0.035,-1.1233,10.665,0.101999
0.0,0.5,500,80,0.035,-1.0995,9.475,0.112
0.0,0.5,500,81,0.07,-1.0308,9.54,0.104002
0.0,0.5,500,82,0.03,-1.0826,8.13,0.104998
0.0,0.5,500,83,0.03,-1.1194,9.97,0.105501
0.0,0.5,500,84,0.04,-1.0928,9.885,0.114
0.0,0.5,500,85,0.055,-1.0601,9.505,0.104499
0.0,0.5,500,86,0.025,-1.1148,9.485,0.108001
0.0,0.5,500,87,0.015,-1.1307,9.28,0.103406
0.0,0.5,500,88,0.045,-1.0944,10.71,0.1095
0.0,0.5,500,89,0.05,-1.0664,9.32,0.108999
0.0,0.5,500,90,0.04,-1.0922,9.61,0.111502
0.0,0.5,500,91,0.06,-1.0456,9.28,0.102999
0.0,0.5,500,92,0.065,-1.0378,9.39,0.106501
0.0,0.5,500,93,0.045,-1.0735,9.175,0.120501
0.0,0.5,500,94,0.065,-1.038,9.645,0.129499
0.0,0.5,500,95,0.035,-1.0918,9.335,0.114001
0.0,0.5,500,96,0.055,-1.1001,11.505,0.129
0.0,0.5,500,97,0.045,-1.0846,10.22,0.145
0.0,0.5,500,98,0.035,-1.0979,9.64,0.115502
0.0,0.5,500,99,0.045,-1.0832,9.66,0.115999
0.0,0.5,2000,0,0.055,-1.0944,11.22,0.330501
0.0,0.5,2000,1,0.065,-1.0511,10.055,0.534501
0.0,0.5,2000,2,0.035,-1.0962,9.31,0.293546
0.0,0.5,2000,3,0.045,-1.0826,9.63,0.293499
0.0,0.5,2000,4,0.06,-1.0445,9.225,0.296003
0.0,0.5,2000,5,0.05,-1.0807,10.035,0.305499
0.0,0.5,2000,6,0.05,-1.0511,9.045,0.294501
0.0,0.5,2000,7,0.04,-1.1017,10.085,0.301501
0.0,0.5,2000,8,0.05,-1.0767,9.835,0.2865
0.0,0.5,2000,9,0.025,-1.1181,9.65,0.303499
0.0,0.5,2000,10,0.03,-1.1128,9.64,0.295999
0.0,0.5,2000,11,0.025,-1.1204,9.765,0.294002
0.0,0.5,2000,12,0.04,-1.0759,9.04,0.283998
0.0,0.5,2000,13,0.045,-1.0677,8.885,0.282501
0.0,0.5,2000,14,0.03,-1.1158,9.79,0.285499
0.0,0.5,2000,15,0.05,-1.06,9.245,0.298
0.0,0.5,2000,16,0.015,-1.1149,8.735,0.291503
0.0,0.5,2000,17,0.02,-1.1024,8.365,0.291
0.0,0.5,2000,18,0.035,-1.0943,9.215,0.300498
0.0,0.5,2000,19,0.025,-1.1209,10.28,0.303499
0.0,0.5,2000,20,0.05,-1.0767,9.835,0.305501
0.0,0.5,2000,21,0.045,-1.0581,8.405,0.2895
0.0,0.5,2000,22,0.065,-1.059,10.45,0.308
0.0,0.5,2000,23,0.08,-0.9977,9.375,0.304002
0.0,0.5,2000,24,0.045,-1.0737,9.185,0.285997
0.0,0.5,2000,25,0.03,-1.0884,8.42,0.287
0.0,0.5,2000,26,0.035,-1.0882,8.91,0.286999
0.0,0.5,2000,27,0.02,-1.1135,8.92,0.291003
0.0,0.5,2000,28,0.035,-1.0918,9.09,0.292043
0.0,0.5,2000,29,0.02,-1.1311,9.555,0.301454
0.0,0.5,2000,30,0.055,-1.0606,9.53,0.290002
0.0,0.5,2000,31,0.035,-1.0862,8.81,0.285997
0.0,0.5,2000,32,0.025,-1.0952,8.505,0.299501
0.0,0.5,2000,33,0.03,-1.0956,9.025,0.302
0.0,0.5,2000,34,0.05,-1.0532,8.66,0.306501
0.0,0.5,2000,35,0.06,-1.0474,9.37,0.294998
0.0,0.5,2000,36,0.045,-1.0885,9.925,0.307
0.0,0.5,2000,37,0.065,-1.0462,10.055,0.327501
0.0,0.5,2000,38,0.03,-1.1103,9.515,0.291
0.0,0.5,2000,39,0.06,-1.0631,10.155,0.298501
0.0,0.5,2000,40,0.095,-0.9869,10.09,0.315498
0.0,0.5,2000,41,0.055,-1.0653,9.765,0.293501
0.0,0.5,2000,42,0.055,-1.0756,10.525,0.299499
0.0,0.5,2000,43,0.045,-1.0749,9.245,0.3
0.0,0.5,2000,44,0.04,-1.0876,9.625,0.296999
0.0,0.5,2000,45,0.055,-1.0541,9.205,0.289003
0.0,0.5,2000,46,0.045,-1.0793,9.465,0.304498
0.0,0.5,2000,47,0.025,-1.1328,10.385,0.312999
0.0,0.5,2000,48,0.04,-1.079,8.95,0.2965
0.0,0.5,2000,49,0.07,-1.0493,10.465,0.288002
0.0,0.5,2000,50,0.03,-1.1044,9.465,0.352498
0.0,0.5,2000,51,0.05,-1.0662,9.555,0.342501
0.0,0.5,2000,52,0.03,-1.1088,9.44,0.296
0.0,0.5,2000,53,0.08,-1.0175,9.875,0.314
0.0,0.5,2000,54,0.07,-1.0387,9.935,0.294
0.0,0.5,2000,55,0.03,-1.0994,8.97,0.298499
0.0,0.5,2000,56,0.05,-1.0658,9.29,0.303503
0.0,0.5,2000,57,0.055,-1.0638,9.69,0.284495
0.0,0.5,2000,58,0.05,-1.0647,9.235,0.295501
0.0,0.5,2000,59,0.065,-1.0288,9.185,0.299999
0.0,0.5,2000,60,0.04,-1.0851,9.745,0.295501
0.0,0.5,2000,61,0.035,-1.1033,9.665,0.294001
0.0,0.5,2000,62,0.06,-1.0505,9.525,0.2885
0.0,0.5,2000,63,0.045,-1.0705,10.005,0.2945
0.0,0.5,2000,64,0.035,-1.0879,9.14,0.288499
0.0,0.5,2000,65,0.03,-1.1088,9.685,0.287001
0.0,0.5,2000,66,0.05,-1.082,10.345,0.307501
0.0,0.5,2000,67,0.005,-1.1443,8.715,0.313498
0.0,0.5,2000,68,0.05,-1.0682,9.41,0.2995
0.0,0.5,2000,69,0.045,-1.0855,9.775,0.298002
0.0,0.5,2000,70,0.035,-1.1058,9.79,0.309497
0.0,0.5,2000,71,0.03,-1.1223,10.115,0.2935
0.0,0.5,2000,72,0.05,-1.0854,10.515,0.303499
0.0,0.5,2000,73,0.04,-1.066,8.545,0.2945
0.0,0.5,2000,74,0.035,-1.0899,8.995,0.284
0.0,0.5,2000,75,0.05,-1.0745,10.215,0.299
0.0,0.5,2000,76,0.055,-1.0693,9.965,0.300004
0.0,0.5,2000,77,0.045,-1.0895,10.22,0.328498
0.0,0.5,2000,78,0.045,-1.0825,9.87,0.311
0.0,0.5,2000,79,0.035,-1.1233,10.665,0.293001
0.0,0.5,2000,80,0.035,-1.0995,9.475,0.314998
0.0,0.5,2000,81,0.07,-1.0308,9.54,0.303999
0.0,0.5,2000,82,0.03,-1.0826,8.13,0.291
0.0,0.5,2000,83,0.03,-1.1194,9.97,0.291999
0.0,0.5,2000,84,0.04,-1.0928,9.885,0.385503
0.0,0.5,2000,85,0.055,-1.0601,9.505,0.318002
0.0,0.5,2000,86,0.025,-1.1148,9.485,0.297995
0.0,0.5,2000,87,0.015,-1.1307,9.28,0.281501
0.0,0.5,2000,88,0.045,-1.0944,10.71,0.298501
0.0,0.5,2000,89,0.05,-1.0664,9.32,0.314499
0.0,0.5,2000,90,0.04,-1.0922,9.61,0.297502
0.0,0.5,2000,91,0.06,-1.0456,9.28,0.2835
0.0,0.5,2000,92,0.065,-1.0378,9.39,0.283503
0.0,0.5,2000,93,0.045,-1.0735,9.175,0.316997
0.0,0.5,2000,94,0.065,-1.038,9.645,0.307501
0.0,0.5,2000,95,0.035,-1.0918,9.335,0.299999
0.0,0.5,2000,96,0.055,-1.1001,11.505,0.351
0.0,0.5,2000,97,0.045,-1.0846,10.22,0.347502
0.0,0.5,2000,98,0.035,-1.0979,9.64,0.306499
0.0,0.5,2000,99,0.045,-1.0832,9.66,0.331499
0.0,0.8,20,0,0.055,-1.0944,11.22,0.0555
0.0,0.8,20,1,0.065,-1.0511,10.055,0.042999
0.0,0.8,20,2,0.035,-1.0962,9.31,0.0395
0.0,0.8,20,3,0.045,-1.0826,9.63,0.042501
0.0,0.8,20,4,0.06,-1.0445,9.225,0.035999
0.0,0.8,20,5,0.05,-1.0807,10.035,0.046001
0.0,0.8,20,6,0.05,-1.0511,9.045,0.04
0.0,0.8,20,7,0.04,-1.1017,10.085,0.0455
0.0,0.8,20,8,0.05,-1.0767,9.835,0.042
0.0,0.8,20,9,0.025,-1.1181,9.65,0.039499
0.0,0.8,20,10,0.03,-1.1128,9.64,0.0385
0.0,0.8,20,11,0.025,-1.1204,9.765,0.0425
0.0,0.8,20,12,0.04,-1.0759,9.04,0.042001
0.0,0.8,20,13,0.045,-1.0677,8.885,0.042499
0.0,0.8,20,14,0.03,-1.1158,9.79,0.042001
0.0,0.8,20,15,0.05,-1.06,9.245,0.038501
0.0,0.8,20,16,0.015,-1.1149,8.735,0.036499
0.0,0.8,20,17,0.02,-1.1024,8.365,0.032998
0.0,0.8,20,18,0.035,-1.0943,9.215,0.043501
0.0,0.8,20,19,0.025,-1.1209,10.28,0.043002
0.0,0.8,20,20,0.05,-1.0767,9.835,0.040998
0.0,0.8,20,21,0.045,-1.0581,8.405,0.031499
0.0,0.8,20,22,0.065,-1.059,10.45,0.0435
0.0,0.8,20,23,0.08,-0.9977,9.375,0.039
0.0,0.8,20,24,0.045,-1.0737,9.185,0.040501
0.0,0.8,20,25,0.03,-1.0884,8.42,0.0365
0.0,0.8,20,26,0.035,-1.0882,8.91,0.038999
0.0,0.8,20,27,0.02,-1.1135,8.92,0.038
0.0,0.8,20,28,0.035,-1.0918,9.09,0.038
0.0,0.8,20,29,0.02,-1.1311,9.555,0.0415
0.0,0.8,20,30,0.055,-1.0606,9.53,0.038502
0.0,0.8,20,31,0.035,-1.0862,8.81,0.036998
0.0,0.8,20,32,0.025,-1.0952,8.505,0.038
0.0,0.8,20,33,0.03,-1.0956,9.025,0.035
0.0,0.8,20,34,0.05,-1.0532,8.66,0.0365
0.0,0.8,20,35,0.06,-1.0474,9.37,0.0365
0.0,0.8,20,36,0.045,-1.0885,9.925,0.041
0.0,0.8,20,37,0.065,-1.0462,10.055,0.043
0.0,0.8,20,38,0.03,-1.1103,9.515,0.040499
0.0,0.8,20,39,0.06,-1.0631,10.155,0.046001
0.0,0.8,20,40,0.095,-0.9869,10.09,0.044499
0.0,0.8,20,41,0.055,-1.0653,9.765,0.041501
0.0,0.8,20,42,0.055,-1.0756,10.525,0.0435
0.0,0.8,20,43,0.045,-1.0749,9.245,0.040002
0.0,0.8,20,44,0.04,-1.0876,9.625,0.042498
0.0,0.8,20,45,0.055,-1.0541,9.205,0.038999
0.0,0.8,20,46,0.045,-1.0793,9.465,0.038502
0.0,0.8,20,47,0.025,-1.1328,10.385,0.041498
0.0,0.8,20,48,0.04,-1.079,8.95,0.0395
0.0,0.8,20,49,0.07,-1.0493,10.465,0.0415
0.0,0.8,20,50,0.03,-1.1044,9.465,0.039001
0.0,0.8,20,51,0.05,-1.0662,9.555,0.043
0.0,0.8,20,52,0.03,-1.1088,9.44,0.042
0.0,0.8,20,53,0.08,-1.0175,9.875,0.040002
0.0,0.8,20,54,0.07,-1.0387,9.935,0.0435
0.0,0.8,20,55,0.03,-1.0994,8.97,0.038499
0.0,0.8,20,56,0.05,-1.0658,9.29,0.038003
0.0,0.8,20,57,0.055,-1.0638,9.69,0.042995
0.0,0.8,20,58,0.05,-1.0647,9.235,0.038001
0.0,0.8,20,59,0.065,-1.0288,9.185,0.034669
0.0,0.8,20,60,0.04,-1.0851,9.745,0.038329
0.0,0.8,20,61,0.035,-1.1033,9.665,0.040001
0.0,0.8,20,62,0.06,-1.0505,9.525,0.039502
0.0,0.8,20,63,0.045,-1.0705,10.005,0.042499
0.0,0.8,20,64,0.035,-1.0879,9.14,0.039499
0.0,0.8,20,65,0.03,-1.1088,9.685,0.040502
0.0,0.8,20,66,0.05,-1.082,10.345,0.042998
0.0,0.8,20,67,0.005,-1.1443,8.715,0.0365
0.0,0.8,20,68,0.05,-1.0682,9.41,0.0375
0.0,0.8,20,69,0.045,-1.0855,9.775,0.044001
0.0,0.8,20,70,0.035,-1.1058,9.79,0.040499
0.0,0.8,20,71,0.03,-1.1223,10.115,0.041501
0.0,0.8,20,72,0.05,-1.0854,10.515,0.044003
0.0,0.8,20,73,0.04,-1.066,8.545,0.034496
0.0,0.8,20,74,0.035,-1.0899,8.995,0.039001
0.0,0.8,20,75,0.05,-1.0745,10.215,0.042499
0.0,0.8,20,76,0.055,-1.0693,9.965,0.0445
0.0,0.8,20,77,0.045,-1.0895,10.22,0.044
0.0,0.8,20,78,0.045,-1.0825,9.87,0.038497
0.0,0.8,20,79,0.035,-1.1233,10.665,0.045499
0.0,0.8,20,80,0.035,-1.0995,9.475,0.036999
0.0,0.8,20,81,0.07,-1.0308,9.54,0.042001
0.0,0.8,20,82,0.03,-1.0826,8.13,0.035001
0.0,0.8,20,83,0.03,-1.1194,9.97,0.040999
0.0,0.8,20,84,0.04,-1.0928,9.885,0.043001
0.0,0.8,20,85,0.055,-1.0601,9.505,0.038
0.0,0.8,20,86,0.025,-1.1148,9.485,0.037999
0.0,0.8,20,87,0.015,-1.1307,9.28,0.039502
0.0,0.8,20,88,0.045,-1.0944,10.71,0.048499
0.0,0.8,20,89,0.05,-1.0664,9.32,0.037499
0.0,0.8,20,90,0.04,-1.0922,9.61,0.043046
0.0,0.8,20,91,0.06,-1.0456,9.28,0.037955
0.0,0.8,20,92,0.065,-1.0378,9.39,0.039503
0.0,0.8,20,93,0.045,-1.0735,9.175,0.041499
0.0,0.8,20,94,0.065,-1.038,9.645,0.041
0.0,0.8,20,95,0.035,-1.0918,9.335,0.039499
0.0,0.8,20,96,0.055,-1.1001,11.505,0.047502
0.0,0.8,20,97,0.045,-1.0846,10.22,0.042001
0.0,0.8,20,98,0.035,-1.0979,9.64,0.039
0.0,0.8,20,99,0.045,-1.0832,9.66,0.041999
0.0,0.8,100,0,0.055,-1.0944,11.22,0.055502
0.0,0.8,100,1,0.065,-1.0511,10.055,0.052499
0.0,0.8,100,2,0.035,-1.0962,9.31,0.052501
0.0,0.8,100,3,0.045,-1.0826,9.63,0.049997
0.0,0.8,100,4,0.06,-1.0445,9.225,0.049001
0.0,0.8,100,5,0.05,-1.0807,10.035,0.054999
0.0,0.8,100,6,0.05,-1.0511,9.045,0.052
0.0,0.8,100,7,0.04,-1.1017,10.085,0.052894
0.0,0.8,100,8,0.05,-1.0767,9.835,0.047999
0.0,0.8,100,9,0.025,-1.1181,9.65,0.049002
0.0,0.8,100,10,0.03,-1.1128,9.64,0.056999
0.0,0.8,100,11,0.025,-1.1204,9.765,0.049998
0.0,0.8,100,12,0.04,-1.0759,9.04,0.045002
0.0,0.8,100,13,0.045,-1.0677,8.885,0.048001
0.0,0.8,100,14,0.03,-1.1158,9.79,0.056498
0.0,0.8,100,15,0.05,-1.06,9.245,0.054019
0.0,0.8,100,16,0.015,-1.1149,8.735,0.047982
0.0,0.8,100,17,0.02,-1.1024,8.365,0.047999
0.0,0.8,100,18,0.035,-1.0943,9.215,0.054
0.0,0.8,100,19,0.025,-1.1209,10.28,0.057
0.0,0.8,100,20,0.05,-1.0767,9.835,0.053999
0.0,0.8,100,21,0.045,-1.0581,8.405,0.046501
0.0,0.8,100,22,0.065,-1.059,10.45,0.052499
0.0,0.8,100,23,0.08,-0.9977,9.375,0.0465
0.0,0.8,100,24,0.045,-1.0737,9.185,0.054501
0.0,0.8,100,25,0.03,-1.0884,8.42,0.0465
0.0,0.8,100,26,0.035,-1.0882,8.91,0.049999
0.0,0.8,100,27,0.02,-1.1135,8.92,0.047003
0.0,0.8,100,28,0.035,-1.0918,9.09,0.046499
0.0,0.8,100,29,0.02,-1.1311,9.555,0.053
0.0,0.8,100,30,0.055,-1.0606,9.53,0.057001
0.0,0.8,100,31,0.035,-1.0862,8.81,0.046501
0.0,0.8,100,32,0.025,-1.0952,8.505,0.045999
0.0,0.8,100,33,0.03,-1.0956,9.025,0.0465
0.0,0.8,100,34,0.05,-1.0532,8.66,0.0465
0.0,0.8,100,35,0.06,-1.0474,9.37,0.050501
0.0,0.8,100,36,0.045,-1.0885,9.925,0.050999
0.0,0.8,100,37,0.065,-1.0462,10.055,0.053002
0.0,0.8,100,38,0.03,-1.1103,9.515,0.049998
0.0,0.8,100,39,0.06,-1.0631,10.155,0.057
0.0,0.8,100,40,0.095,-0.9869,10.09,0.054
0.0,0.8,100,41,0.055,-1.0653,9.765,0.051
0.0,0.8,100,42,0.055,-1.0756,10.525,0.054001
0.0,0.8,100,43,0.045,-1.0749,9.245,0.048999
0.0,0.8,100,44,0.04,-1.0876,9.625,0.052499
0.0,0.8,100,45,0.055,-1.0541,9.205,0.0475
0.0,0.8,100,46,0.045,-1.0793,9.465,0.0495
0.0,0.8,100,47,0.025,-1.1328,10.385,0.0525
0.0,0.8,100,48,0.04,-1.079,8.95,0.045502
0.0,0.8,100,49,0.07,-1.0493,10.465,0.055998
0.0,0.8,100,50,0.03,-1.1044,9.465,0.054
0.0,0.8,100,51,0.05,-1.0662,9.555,0.0545
0.0,0.8,100,52,0.03,-1.1088,9.44,0.047501
0.0,0.8,100,53,0.08,-1.0175,9.875,0.052
0.0,0.8,100,54,0.07,-1.0387,9.935,0.053501
0.0,0.8,100,55,0.03,-1.0994,8.97,0.048499
0.0,0.8,100,56,0.05,-1.0658,9.29,0.048036
0.0,0.8,100,57,0.055,-1.0638,9.69,0.049465
0.0,0.8,100,58,0.05,-1.0647,9.235,0.048
0.0,0.8,100,59,0.065,-1.0288,9.185,0.052
0.0,0.8,100,60,0.04,-1.0851,9.745,0.0505
0.0,0.8,100,61,0.035,-1.1033,9.665,0.054999
0.0,0.8,100,62,0.06,-1.0505,9.525,0.0465
0.0,0.8,100,63,0.045,-1.0705,10.005,0.0505
0.0,0.8,100,64,0.035,-1.0879,9.14,0.050501
0.0,0.8,100,65,0.03,-1.1088,9.685,0.0525
0.0,0.8,100,66,0.05,-1.082,10.345,0.058671
0.0,0.8,100,67,0.005,-1.1443,8.715,0.05283
0.0,0.8,100,68,0.05,-1.0682,9.41,0.049498
0.0,0.8,100,69,0.045,-1.0855,9.775,0.055
0.0,0.8,100,70,0.035,-1.1058,9.79,0.055
0.0,0.8,100,71,0.03,-1.1223,10.115,0.055002
0.0,0.8,100,72,0.05,-1.0854,10.515,0.054498
0.0,0.8,100,73,0.04,-1.066,8.545,0.049
0.0,0.8,100,74,0.035,-1.0899,8.995,0.047499
0.0,0.8,100,75,0.05,-1.0745,10.215,0.054502
0.0,0.8,100,76,0.055,-1.0693,9.965,0.056497
0.0,0.8,100,77,0.045,-1.0895,10.22,0.048503
0.0,0.8,100,78,0.045,-1.0825,9.87,0.053998
0.0,0.8,100,79,0.035,-1.1233,10.665,0.0545
0.0,0.8,100,80,0.035,-1.0995,9.475,0.048501
0.0,0.8,100,81,0.07,-1.0308,9.54,0.052998
0.0,0.8,100,82,0.03,-1.0826,8.13,0.043001
0.0,0.8,100,83,0.03,-1.1194,9.97,0.055499
0.0,0.8,100,84,0.04,-1.0928,9.885,0.0525
0.0,0.8,100,85,0.055,-1.0601,9.505,0.054503
0.0,0.8,100,86,0.025,-1.1148,9.485,0.048499
0.0,0.8,100,87,0.015,-1.1307,9.28,0.051501
0.0,0.8,100,88,0.045,-1.0944,10.71,0.057499
0.0,0.8,100,89,0.05,-1.0664,9.32,0.051
0.0,0.8,100,90,0.04,-1.0922,9.61,0.049498
0.0,0.8,100,91,0.06,-1.0456,9.28,0.052
0.0,0.8,100,92,0.065,-1.0378,9.39,0.055502
0.0,0.8,100,93,0.045,-1.0735,9.175,0.053499
0.0,0.8,100,94,0.065,-1.038,9.645,0.050001
0.0,0.8,100,95,0.035,-1.0918,9.335,0.051502
0.0,0.8,100,96,0.055,-1.1001,11.505,0.060498
0.0,0.8,100,97,0.045,-1.0846,10.22,0.051501
0.0,0.8,100,98,0.035,-1.0979,9.64,0.0515
0.0,0.8,100,99,0.045,-1.0832,9.66,0.0505
0.0,0.8,500,0,0.055,-1.0944,11.22,0.128504
0.0,0.8,500,1,0.065,-1.0511,10.055,0.126999
0.0,0.8,500,2,0.035,-1.0962,9.31,0.108999
0.0,0.8,500,3,0.045,-1.0826,9.63,0.1125
0.0,0.8,500,4,0.06,-1.0445,9.225,0.136
0.0,0.8,500,5,0.05,-1.0807,10.035,0.124499
0.0,0.8,500,6,0.05,-1.0511,9.045,0.11
0.0,0.8,500,7,0.04,-1.1017,10.085,0.108999
0.0,0.8,500,8,0.05,-1.0767,9.835,0.102002
0.0,0.8,500,9,0.025,-1.1181,9.65,0.113499
0.0,0.8,500,10,0.03,-1.1128,9.64,0.117498
0.0,0.8,500,11,0.025,-1.1204,9.765,0.101502
0.0,0.8,500,12,0.04,-1.0759,9.04,0.098999
0.0,0.8,500,13,0.045,-1.0677,8.885,0.098501
0.0,0.8,500,14,0.03,-1.1158,9.79,0.110502
0.0,0.8,500,15,0.05,-1.06,9.245,0.102497
0.0,0.8,500,16,0.015,-1.1149,8.735,0.097501
0.0,0.8,500,17,0.02,-1.1024,8.365,0.097001
0.0,0.8,500,18,0.035,-1.0943,9.215,0.109499
0.0,0.8,500,19,0.025,-1.1209,10.28,0.104
0.0,0.8,500,20,0.05,-1.0767,9.835,0.100001
0.0,0.8,500,21,0.045,-1.0581,8.405,0.095998
0.0,0.8,500,22,0.065,-1.059,10.45,0.107001
0.0,0.8,500,23,0.08,-0.9977,9.375,0.108999
0.0,0.8,500,24,0.045,-1.0737,9.185,0.106
0.0,0.8,500,25,0.03,-1.0884,8.42,0.098501
0.0,0.8,500,26,0.035,-1.0882,8.91,0.110498
0.0,0.8,500,27,0.02,-1.1135,8.92,0.108001
0.0,0.8,500,28,0.035,-1.0918,9.09,0.097001
0.0,0.8,500,29,0.02,-1.1311,9.555,0.103501
0.0,0.8,500,30,0.055,-1.0606,9.53,0.107501
0.0,0.8,500,31,0.035,-1.0862,8.81,0.093002
0.0,0.8,500,32,0.025,-1.0952,8.505,0.094998
0.0,0.8,500,33,0.03,-1.0956,9.025,0.099999
0.0,0.8,500,34,0.05,-1.0532,8.66,0.1035
0.0,0.8,500,35,0.06,-1.0474,9.37,0.105502
0.0,0.8,500,36,0.045,-1.0885,9.925,0.096498
0.0,0.8,500,37,0.065,-1.0462,10.055,0.105003
0.0,0.8,500,38,0.03,-1.1103,9.515,0.099999
0.0,0.8,500,39,0.06,-1.0631,10.155,0.103998
0.0,0.8,500,40,0.095,-0.9869,10.09,0.105501
0.0,0.8,500,41,0.055,-1.0653,9.765,0.10058
0.0,0.8,500,42,0.055,-1.0756,10.525,0.104922
0.0,0.8,500,43,0.045,-1.0749,9.245,0.103501
0.0,0.8,500,44,0.04,-1.0876,9.625,0.106496
0.0,0.8,500,45,0.055,-1.0541,9.205,0.103
0.0,0.8,500,46,0.045,-1.0793,9.465,0.101501
0.0,0.8,500,47,0.025,-1.1328,10.385,0.11
0.0,0.8,500,48,0.04,-1.079,8.95,0.109501
0.0,0.8,500,49,0.07,-1.0493,10.465,0.103499
0.0,0.8,500,50,0.03,-1.1044,9.465,0.098502
0.0,0.8,500,51,0.05,-1.0662,9.555,0.095498
0.0,0.8,500,52,0.03,-1.1088,9.44,0.093503
0.0,0.8,500,53,0.08,-1.0175,9.875,0.113498
0.0,0.8,500,54,0.07,-1.0387,9.935,0.1105
0.0,0.8,500,55,0.03,-1.0994,8.97,0.099
0.0,0.8,500,56,0.05,-1.0658,9.29,0.108999
0.0,0.8,500,57,0.055,-1.0638,9.69,0.108001
0.0,0.8,500,58,0.05,-1.0647,9.235,0.097002
0.0,0.8,500,59,0.065,-1.0288,9.185,0.104003
0.0,0.8,500,60,0.04,-1.0851,9.745,0.111497
0.0,0.8,500,61,0.035,-1.1033,9.665,0.105499
0.0,0.8,500,62,0.06,-1.0505,9.525,0.099002
0.0,0.8,500,63,0.045,-1.0705,10.005,0.1085
0.0,0.8,500,64,0.035,-1.0879,9.14,0.103503
0.0,0.8,500,65,0.03,-1.1088,9.685,0.104996
0.0,0.8,500,66,0.05,-1.082,10.345,0.105501
0.0,0.8,500,67,0.005,-1.1443,8.715,0.099998
0.0,0.8,500,68,0.05,-1.0682,9.41,0.101502
0.0,0.8,500,69,0.045,-1.0855,9.775,0.105499
0.0,0.8,500,70,0.035,-1.1058,9.79,0.102
0.0,0.8,500,71,0.03,-1.1223,10.115,0.103
0.0,0.8,500,72,0.05,-1.0854,10.515,0.112
0.0,0.8,500,73,0.04,-1.066,8.545,0.094999
0.0,0.8,500,74,0.035,-1.0899,8.995,0.11
0.0,0.8,500,75,0.05,-1.0745,10.215,0.1075
0.0,0.8,500,76,0.055,-1.0693,9.965,0.104
0.0,0.8,500,77,0.045,-1.0895,10.22,0.1035
0.0,0.8,500,78,0.045,-1.0825,9.87,0.109998
0.0,0.8,500,79,0.035,-1.1233,10.665,0.106001
0.0,0.8,500,80,0.035,-1.0995,9.475,0.105
0.0,0.8,500,81,0.07,-1.0308,9.54,0.117501
0.0,0.8,500,82,0.03,-1.0826,8.13,0.115999
0.0,0.8,500,83,0.03,-1.1194,9.97,0.113
0.0,0.8,500,84,0.04,-1.0928,9.885,0.119002
0.0,0.8,500,85,0.055,-1.0601,9.505,0.1075
0.0,0.8,500,86,0.025,-1.1148,9.485,0.103498
0.0,0.8,500,87,0.015,-1.1307,9.28,0.0975
0.0,0.8,500,88,0.045,-1.0944,10.71,0.098501
0.0,0.8,500,89,0.05,-1.0664,9.32,0.103
0.0,0.8,500,90,0.04,-1.0922,9.61,0.102499
0.0,0.8,500,91,0.06,-1.0456,9.28,0.1035
0.0,0.8,500,92,0.065,-1.0378,9.39,0.103002
0.0,0.8,500,93,0.045,-1.0735,9.175,0.100001
0.0,0.8,500,94,0.065,-1.038,9.645,0.102998
0.0,0.8,500,95,0.035,-1.0918,9.335,0.101999
0.0,0.8,500,96,0.055,-1.1001,11.505,0.115001
0.0,0.8,500,97,0.045,-1.0846,10.22,0.113
0.0,0.8,500,98,0.035,-1.0979,9.64,0.097501
0.0,0.8,500,99,0.045,-1.0832,9.66,0.098999
0.0,0.8,2000,0,0.055,-1.0944,11.22,0.312501
0.0,0.8,2000,1,0.065,-1.0511,10.055,0.317001
0.0,0.8,2000,2,0.035,-1.0962,9.31,0.301501
0.0,0.8,2000,3,0.045,-1.0826,9.63,0.290001
0.0,0.8,2000,4,0.06,-1.0445,9.225,0.294998
0.0,0.8,2000,5,0.05,-1.0807,10.035,0.344
0.0,0.8,2000,6,0.05,-1.0511,9.045,0.3025
0.0,0.8,2000,7,0.04,-1.1017,10.085,0.3015
0.0,0.8,2000,8,0.05,-1.0767,9.835,0.2865
0.0,0.8,2000,9,0.025,-1.1181,9.65,0.29
0.0,0.8,2000,10,0.03,-1.1128,9.64,0.2965
0.0,0.8,2000,11,0.025,-1.1204,9.765,0.289999
0.0,0.8,2000,12,0.04,-1.0759,9.04,0.289
0.0,0.8,2000,13,0.045,-1.0677,8.885,0.282
0.0,0.8,2000,14,0.03,-1.1158,9.79,0.311002
0.0,0.8,2000,15,0.05,-1.06,9.245,0.289499
0.0,0.8,2000,16,0.015,-1.1149,8.735,0.2855
0.0,0.8,2000,17,0.02,-1.1024,8.365,0.289
0.0,0.8,2000,18,0.035,-1.0943,9.215,0.305
0.0,0.8,2000,19,0.025,-1.1209,10.28,0.315
0.0,0.8,2000,20,0.05,-1.0767,9.835,0.3135
0.0,0.8,2000,21,0.045,-1.0581,8.405,0.2935
0.0,0.8,2000,22,0.065,-1.059,10.45,0.301001
0.0,0.8,2000,23,0.08,-0.9977,9.375,0.310499
0.0,0.8,2000,24,0.045,-1.0737,9.185,0.2875
0.0,0.8,2000,25,0.03,-1.0884,8.42,0.290498
0.0,0.8,2000,26,0.035,-1.0882,8.91,0.282
0.0,0.8,2000,27,0.02,-1.1135,8.92,0.296001
0.0,0.8,2000,28,0.035,-1.0918,9.09,0.2895
0.0,0.8,2000,29,0.02,-1.1311,9.555,0.294501
0.0,0.8,2000,30,0.055,-1.0606,9.53,0.330499
0.0,0.8,2000,31,0.035,-1.0862,8.81,0.341001
0.0,0.8,2000,32,0.025,-1.0952,8.505,0.2935
0.0,0.8,2000,33,0.03,-1.0956,9.025,0.315
0.0,0.8,2000,34,0.05,-1.0532,8.66,0.3055
0.0,0.8,2000,35,0.06,-1.0474,9.37,0.3775
0.0,0.8,2000,36,0.045,-1.0885,9.925,0.386
0.0,0.8,2000,37,0.065,-1.0462,10.055,0.293502
0.0,0.8,2000,38,0.03,-1.1103,9.515,0.288998
0.0,0.8,2000,39,0.06,-1.0631,10.155,0.2905
0.0,0.8,2000,40,0.095,-0.9869,10.09,0.322499
0.0,0.8,2000,41,0.055,-1.0653,9.765,0.2935
0.0,0.8,2000,42,0.055,-1.0756,10.525,0.294
0.0,0.8,2000,43,0.045,-1.0749,9.245,0.297501
0.0,0.8,2000,44,0.04,-1.0876,9.625,0.299999
0.0,0.8,2000,45,0.055,-1.0541,9.205,0.299001
0.0,0.8,2000,46,0.045,-1.0793,9.465,0.294
0.0,0.8,2000,47,0.025,-1.1328,10.385,0.320001
0.0,0.8,2000,48,0.04,-1.079,8.95,0.292499
0.0,0.8,2000,49,0.07,-1.0493,10.465,0.2885
0.0,0.8,2000,50,0.03,-1.1044,9.465,0.309501
0.0,0.8,2000,51,0.05,-1.0662,9.555,0.296
0.0,0.8,2000,52,0.03,-1.1088,9.44,0.295999
0.0,0.8,2000,53,0.08,-1.0175,9.875,0.297001
0.0,0.8,2000,54,0.07,-1.0387,9.935,0.300503
0.0,0.8,2000,55,0.03,-1.0994,8.97,0.298998
0.0,0.8,2000,56,0.05,-1.0658,9.29,0.296501
0.0,0.8,2000,57,0.055,-1.0638,9.69,0.304997
0.0,0.8,2000,58,0.05,-1.0647,9.235,0.2955
0.0,0.8,2000,59,0.065,-1.0288,9.185,0.292502
0.0,0.8,2000,60,0.04,-1.0851,9.745,0.293499
0.0,0.8,2000,61,0.035,-1.1033,9.665,0.297002
0.0,0.8,2000,62,0.06,-1.0505,9.525,0.287999
0.0,0.8,2000,63,0.045,-1.0705,10.005,0.300999
0.0,0.8,2000,64,0.035,-1.0879,9.14,0.305503
0.0,0.8,2000,65,0.03,-1.1088,9.685,0.294498
0.0,0.8,2000,66,0.05,-1.082,10.345,0.291499
0.0,0.8,2000,67,0.005,-1.1443,8.715,0.3155
0.0,0.8,2000,68,0.05,-1.0682,9.41,0.306504
0.0,0.8,2000,69,0.045,-1.0855,9.775,0.303997
0.0,0.8,2000,70,0.035,-1.1058,9.79,0.303999
0.0,0.8,2000,71,0.03,-1.1223,10.115,0.315
0.0,0.8,2000,72,0.05,-1.0854,10.515,0.306001
0.0,0.8,2000,73,0.04,-1.066,8.545,0.300998
0.0,0.8,2000,74,0.035,-1.0899,8.995,0.285501
0.0,0.8,2000,75,0.05,-1.0745,10.215,0.291499
0.0,0.8,2000,76,0.055,-1.0693,9.965,0.297503
0.0,0.8,2000,77,0.045,-1.0895,10.22,0.319499
0.0,0.8,2000,78,0.045,-1.0825,9.87,0.306501
0.0,0.8,2000,79,0.035,-1.1233,10.665,0.305998
0.0,0.8,2000,80,0.035,-1.0995,9.475,0.296
0.0,0.8,2000,81,0.07,-1.0308,9.54,0.307499
0.0,0.8,2000,82,0.03,-1.0826,8.13,0.3
0.0,0.8,2000,83,0.03,-1.1194,9.97,0.2995
0.0,0.8,2000,84,0.04,-1.0928,9.885,0.315001
0.0,0.8,2000,85,0.055,-1.0601,9.505,0.296999
0.0,0.8,2000,86,0.025,-1.1148,9.485,0.295072
0.0,0.8,2000,87,0.015,-1.1307,9.28,0.291928
0.0,0.8,2000,88,0.045,-1.0944,10.71,0.308536
0.0,0.8,2000,89,0.05,-1.0664,9.32,0.3215
0.0,0.8,2000,90,0.04,-1.0922,9.61,0.329
0.0,0.8,2000,91,0.06,-1.0456,9.28,0.33
0.0,0.8,2000,92,0.065,-1.0378,9.39,0.3715
0.0,0.8,2000,93,0.045,-1.0735,9.175,0.307
0.0,0.8,2000,94,0.065,-1.038,9.645,0.3
0.0,0.8,2000,95,0.035,-1.0918,9.335,0.2875
0.0,0.8,2000,96,0.055,-1.1001,11.505,0.311001
0.0,0.8,2000,97,0.045,-1.0846,10.22,0.302499
0.0,0.8,2000,98,0.035,-1.0979,9.64,0.289785
0.0,0.8,2000,99,0.045,-1.0832,9.66,0.308999
0.0,0.95,20,0,0.055,-1.0944,11.22,0.048501
0.0,0.95,20,1,0.065,-1.0511,10.055,0.043998
0.0,0.95,20,2,0.035,-1.0962,9.31,0.040502
0.0,0.95,20,3,0.045,-1.0826,9.63,0.040998
0.0,0.95,20,4,0.06,-1.0445,9.225,0.041502
0.0,0.95,20,5,0.05,-1.0807,10.035,0.042498
0.0,0.95,20,6,0.05,-1.0511,9.045,0.0375
0.0,0.95,20,7,0.04,-1.1017,10.085,0.042
0.0,0.95,20,8,0.05,-1.0767,9.835,0.044001
0.0,0.95,20,9,0.025,-1.1181,9.65,0.041001
0.0,0.95,20,10,0.03,-1.1128,9.64,0.042
0.0,0.95,20,11,0.025,-1.1204,9.765,0.042
0.0,0.95,20,12,0.04,-1.0759,9.04,0.041
0.0,0.95,20,13,0.045,-1.0677,8.885,0.037999
0.0,0.95,20,14,0.03,-1.1158,9.79,0.040501
0.0,0.95,20,15,0.05,-1.06,9.245,0.044
0.0,0.95,20,16,0.015,-1.1149,8.735,0.039001
0.0,0.95,20,17,0.02,-1.1024,8.365,0.036502
0.0,0.95,20,18,0.035,-1.0943,9.215,0.040498
0.0,0.95,20,19,0.025,-1.1209,10.28,0.042
0.0,0.95,20,20,0.05,-1.0767,9.835,0.0395
0.0,0.95,20,21,0.045,-1.0581,8.405,0.0335
0.0,0.95,20,22,0.065,-1.059,10.45,0.046
0.0,0.95,20,23,0.08,-0.9977,9.375,0.041501
0.0,0.95,20,24,0.045,-1.0737,9.185,0.0405
0.0,0.95,20,25,0.03,-1.0884,8.42,0.033999
0.0,0.95,20,26,0.035,-1.0882,8.91,0.038
0.0,0.95,20,27,0.02,-1.1135,8.92,0.037
0.0,0.95,20,28,0.035,-1.0918,9.09,0.0365
0.0,0.95,20,29,0.02,-1.1311,9.555,0.040998
0.0,0.95,20,30,0.055,-1.0606,9.53,0.039
0.0,0.95,20,31,0.035,-1.0862,8.81,0.0365
0.0,0.95,20,32,0.025,-1.0952,8.505,0.039
0.0,0.95,20,33,0.03,-1.0956,9.025,0.037001
0.0,0.95,20,34,0.05,-1.0532,8.66,0.037498
0.0,0.95,20,35,0.06,-1.0474,9.37,0.037519
0.0,0.95,20,36,0.045,-1.0885,9.925,0.041485
0.0,0.95,20,37,0.065,-1.0462,10.055,0.040497
0.0,0.95,20,38,0.03,-1.1103,9.515,0.043001
0.0,0.95,20,39,0.06,-1.0631,10.155,0.043498
0.0,0.95,20,40,0.095,-0.9869,10.09,0.041
0.0,0.95,20,41,0.055,-1.0653,9.765,0.044
0.0,0.95,20,42,0.055,-1.0756,10.525,0.045501
0.0,0.95,20,43,0.045,-1.0749,9.245,0.036999
0.0,0.95,20,44,0.04,-1.0876,9.625,0.0375
0.0,0.95,20,45,0.055,-1.0541,9.205,0.040499
0.0,0.95,20,46,0.045,-1.0793,9.465,0.038001
0.0,0.95,20,47,0.025,-1.1328,10.385,0.042499
0.0,0.95,20,48,0.04,-1.079,8.95,0.036001
0.0,0.95,20,49,0.07,-1.0493,10.465,0.0425
0.0,0.95,20,50,0.03,-1.1044,9.465,0.0425
0.0,0.95,20,51,0.05,-1.0662,9.555,0.050999
0.0,0.95,20,52,0.03,-1.1088,9.44,0.049501
0.0,0.95,20,53,0.08,-1.0175,9.875,0.0525
0.0,0.95,20,54,0.07,-1.0387,9.935,0.049
0.0,0.95,20,55,0.03,-1.0994,8.97,0.041
0.0,0.95,20,56,0.05,-1.0658,9.29,0.045
0.0,0.95,20,57,0.055,-1.0638,9.69,0.041998
0.0,0.95,20,58,0.05,-1.0647,9.235,0.042
0.0,0.95,20,59,0.065,-1.0288,9.185,0.0435
0.0,0.95,20,60,0.04,-1.0851,9.745,0.048
0.0,0.95,20,61,0.035,-1.1033,9.665,0.052001
0.0,0.95,20,62,0.06,-1.0505,9.525,0.0435
0.0,0.95,20,63,0.045,-1.0705,10.005,0.046499
0.0,0.95,20,64,0.035,-1.0879,9.14,0.043
0.0,0.95,20,65,0.03,-1.1088,9.685,0.041501
0.0,0.95,20,66,0.05,-1.082,10.345,0.044502
0.0,0.95,20,67,0.005,-1.1443,8.715,0.040501
0.0,0.95,20,68,0.05,-1.0682,9.41,0.040002
0.0,0.95,20,69,0.045,-1.0855,9.775,0.043
0.0,0.95,20,70,0.035,-1.1058,9.79,0.041499
0.0,0.95,20,71,0.03,-1.1223,10.115,0.0425
0.0,0.95,20,72,0.05,-1.0854,10.515,0.042501
0.0,0.95,20,73,0.04,-1.066,8.545,0.04
0.0,0.95,20,74,0.035,-1.0899,8.995,0.040999
0.0,0.95,20,75,0.05,-1.0745,10.215,0.0455
0.0,0.95,20,76,0.055,-1.0693,9.965,0.053
0.0,0.95,20,77,0.045,-1.0895,10.22,0.0515
0.0,0.95,20,78,0.045,-1.0825,9.87,0.050501
0.0,0.95,20,79,0.035,-1.1233,10.665,0.051
0.0,0.95,20,80,0.035,-1.0995,9.475,0.0405
0.0,0.95,20,81,0.07,-1.0308,9.54,0.039999
0.0,0.95,20,82,0.03,-1.0826,8.13,0.036502
0.0,0.95,20,83,0.03,-1.1194,9.97,0.041
0.0,0.95,20,84,0.04,-1.0928,9.885,0.041498
0.0,0.95,20,85,0.055,-1.0601,9.505,0.043002
0.0,0.95,20,86,0.025,-1.1148,9.485,0.039999
0.0,0.95,20,87,0.015,-1.1307,9.28,0.043002
0.0,0.95,20,88,0.045,-1.0944,10.71,0.0425
0.0,0.95,20,89,0.05,-1.0664,9.32,0.037999
0.0,0.95,20,90,0.04,-1.0922,9.61,0.039499
0.0,0.95,20,91,0.06,-1.0456,9.28,0.043001
0.0,0.95,20,92,0.065,-1.0378,9.39,0.039501
0.0,0.95,20,93,0.045,-1.0735,9.175,0.038498
0.0,0.95,20,94,0.065,-1.038,9.645,0.041501
0.0,0.95,20,95,0.035,-1.0918,9.335,0.040499
0.0,0.95,20,96,0.055,-1.1001,11.505,0.048999
0.0,0.95,20,97,0.045,-1.0846,10.22,0.044
0.0,0.95,20,98,0.035,-1.0979,9.64,0.039001
0.0,0.95,20,99,0.045,-1.0832,9.66,0.0445
0.0,0.95,100,0,0.055,-1.0944,11.22,0.055
0.0,0.95,100,1,0.065,-1.0511,10.055,0.0525
0.0,0.95,100,2,0.035,-1.0962,9.31,0.053
0.0,0.95,100,3,0.045,-1.0826,9.63,0.052002
0.0,0.95,100,4,0.06,-1.0445,9.225,0.049001
0.0,0.95,100,5,0.05,-1.0807,10.035,0.0505
0.0,0.95,100,6,0.05,-1.0511,9.045,0.050498
0.0,0.95,100,7,0.04,-1.1017,10.085,0.050499
0.0,0.95,100,8,0.05,-1.0767,9.835,0.0505
0.0,0.95,100,9,0.025,-1.1181,9.65,0.0505
0.0,0.95,100,10,0.03,-1.1128,9.64,0.052001
0.0,0.95,100,11,0.025,-1.1204,9.765,0.0475
0.0,0.95,100,12,0.04,-1.0759,9.04,0.0455
0.0,0.95,100,13,0.045,-1.0677,8.885,0.049002
0.0,0.95,100,14,0.03,-1.1158,9.79,0.056999
0.0,0.95,100,15,0.05,-1.06,9.245,0.0545
0.0,0.95,100,16,0.015,-1.1149,8.735,0.049998
0.0,0.95,100,17,0.02,-1.1024,8.365,0.047501
0.0,0.95,100,18,0.035,-1.0943,9.215,0.05
0.0,0.95,100,19,0.025,-1.1209,10.28,0.059001
0.0,0.95,100,20,0.05,-1.0767,9.835,0.049997
0.0,0.95,100,21,0.045,-1.0581,8.405,0.044
0.0,0.95,100,22,0.065,-1.059,10.45,0.054001
0.0,0.95,100,23,0.08,-0.9977,9.375,0.049499
0.0,0.95,100,24,0.045,-1.0737,9.185,0.050499
0.0,0.95,100,25,0.03,-1.0884,8.42,0.047501
0.0,0.95,100,26,0.035,-1.0882,8.91,0.050001
0.0,0.95,100,27,0.02,-1.1135,8.92,0.053998
0.0,0.95,100,28,0.035,-1.0918,9.09,0.050501
0.0,0.95,100,29,0.02,-1.1311,9.555,0.0495
0.0,0.95,100,30,0.055,-1.0606,9.53,0.052998
0.0,0.95,100,31,0.035,-1.0862,8.81,0.046502
0.0,0.95,100,32,0.025,-1.0952,8.505,0.0425
0.0,0.95,100,33,0.03,-1.0956,9.025,0.0455
0.0,0.95,100,34,0.05,-1.0532,8.66,0.0475
0.0,0.95,100,35,0.06,-1.0474,9.37,0.053499
0.0,0.95,100,36,0.045,-1.0885,9.925,0.048499
0.0,0.95,100,37,0.065,-1.0462,10.055,0.053501
0.0,0.95,100,38,0.03,-1.1103,9.515,0.0475
0.0,0.95,100,39,0.06,-1.0631,10.155,0.070502
0.0,0.95,100,40,0.095,-0.9869,10.09,0.058997
0.0,0.95,100,41,0.055,-1.0653,9.765,0.048501
0.0,0.95,100,42,0.055,-1.0756,10.525,0.059001
0.0,0.95,100,43,0.045,-1.0749,9.245,0.05
0.0,0.95,100,44,0.04,-1.0876,9.625,0.047998
0.0,0.95,100,45,0.055,-1.0541,9.205,0.0485
0.0,0.95,100,46,0.045,-1.0793,9.465,0.0495
0.0,0.95,100,47,0.025,-1.1328,10.385,0.054501
0.0,0.95,100,48,0.04,-1.079,8.95,0.0525
0.0,0.95,100,49,0.07,-1.0493,10.465,0.061999
0.0,0.95,100,50,0.03,-1.1044,9.465,0.059001
0.0,0.95,100,51,0.05,-1.0662,9.555,0.058501
0.0,0.95,100,52,0.03,-1.1088,9.44,0.056
0.0,0.95,100,53,0.08,-1.0175,9.875,0.055002
0.0,0.95,100,54,0.07,-1.0387,9.935,0.049998
0.0,0.95,100,55,0.03,-1.0994,8.97,0.049
0.0,0.95,100,56,0.05,-1.0658,9.29,0.051501
0.0,0.95,100,57,0.055,-1.0638,9.69,0.056499
0.0,0.95,100,58,0.05,-1.0647,9.235,0.048
0.0,0.95,100,59,0.065,-1.0288,9.185,0.048501
0.0,0.95,100,60,0.04,-1.0851,9.745,0.049998
0.0,0.95,100,61,0.035,-1.1033,9.665,0.055501
0.0,0.95,100,62,0.06,-1.0505,9.525,0.049
0.0,0.95,100,63,0.045,-1.0705,10.005,0.051499
0.0,0.95,100,64,0.035,-1.0879,9.14,0.054003
0.0,0.95,100,65,0.03,-1.1088,9.685,0.047001
0.0,0.95,100,66,0.05,-1.082,10.345,0.053999
0.0,0.95,100,67,0.005,-1.1443,8.715,0.045499
0.0,0.95,100,68,0.05,-1.0682,9.41,0.054002
0.0,0.95,100,69,0.045,-1.0855,9.775,0.047499
0.0,0.95,100,70,0.035,-1.1058,9.79,0.049
0.0,0.95,100,71,0.03,-1.1223,10.115,0.053
0.0,0.95,100,72,0.05,-1.0854,10.515,0.054999
0.0,0.95,100,73,0.04,-1.066,8.545,0.048002
0.0,0.95,100,74,0.035,-1.0899,8.995,0.048498
0.0,0.95,100,75,0.05,-1.0745,10.215,0.053504
0.0,0.95,100,76,0.055,-1.0693,9.965,0.050997
0.0,0.95,100,77,0.045,-1.0895,10.22,0.054498
0.0,0.95,100,78,0.045,-1.0825,9.87,0.051501
0.0,0.95,100,79,0.035,-1.1233,10.665,0.054501
0.0,0.95,100,80,0.035,-1.0995,9.475,0.0485
0.0,0.95,100,81,0.07,-1.0308,9.54,0.053
0.0,0.95,100,82,0.03,-1.0826,8.13,0.048501
0.0,0.95,100,83,0.03,-1.1194,9.97,0.053498
0.0,0.95,100,84,0.04,-1.0928,9.885,0.0505
0.0,0.95,100,85,0.055,-1.0601,9.505,0.053501
0.0,0.95,100,86,0.025,-1.1148,9.485,0.052501
0.0,0.95,100,87,0.015,-1.1307,9.28,0.061497
0.0,0.95,100,88,0.045,-1.0944,10.71,0.074001
0.0,0.95,100,89,0.05,-1.0664,9.32,0.0555
0.0,0.95,100,90,0.04,-1.0922,9.61,0.0565
0.0,0.95,100,91,0.06,-1.0456,9.28,0.053
0.0,0.95,100,92,0.065,-1.0378,9.39,0.053999
0.0,0.95,100,93,0.045,-1.0735,9.175,0.051501
0.0,0.95,100,94,0.065,-1.038,9.645,0.060499
0.0,0.95,100,95,0.035,-1.0918,9.335,0.062002
0.0,0.95,100,96,0.055,-1.1001,11.505,0.0645
0.0,0.95,100,97,0.045,-1.0846,10.22,0.054499
0.0,0.95,100,98,0.035,-1.0979,9.64,0.0525
0.0,0.95,100,99,0.045,-1.0832,9.66,0.052999
0.0,0.95,500,0,0.055,-1.0944,11.22,0.111002
0.0,0.95,500,1,0.065,-1.0511,10.055,0.102999
0.0,0.95,500,2,0.035,-1.0962,9.31,0.115499
0.0,0.95,500,3,0.045,-1.0826,9.63,0.1085
0.0,0.95,500,4,0.06,-1.0445,9.225,0.104
0.0,0.95,500,5,0.05,-1.0807,10.035,0.105002
0.0,0.95,500,6,0.05,-1.0511,9.045,0.108999
0.0,0.95,500,7,0.04,-1.1017,10.085,0.112
0.0,0.95,500,8,0.05,-1.0767,9.835,0.104999
0.0,0.95,500,9,0.025,-1.1181,9.65,0.1005
0.0,0.95,500,10,0.03,-1.1128,9.64,0.108501
0.0,0.95,500,11,0.025,-1.1204,9.765,0.099997
0.0,0.95,500,12,0.04,-1.0759,9.04,0.104003
0.0,0.95,500,13,0.045,-1.0677,8.885,0.102997
0.0,0.95,500,14,0.03,-1.1158,9.79,0.10405
0.0,0.95,500,15,0.05,-1.06,9.245,0.097954
0.0,0.95,500,16,0.015,-1.1149,8.735,0.101033
0.0,0.95,500,17,0.02,-1.1024,8.365,0.101463
0.0,0.95,500,18,0.035,-1.0943,9.215,0.097001
0.0,0.95,500,19,0.025,-1.1209,10.28,0.1025
0.0,0.95,500,20,0.05,-1.0767,9.835,0.108
0.0,0.95,500,21,0.045,-1.0581,8.405,0.097
0.0,0.95,500,22,0.065,-1.059,10.45,0.099501
0.0,0.95,500,23,0.08,-0.9977,9.375,0.103
0.0,0.95,500,24,0.045,-1.0737,9.185,0.1025
0.0,0.95,500,25,0.03,-1.0884,8.42,0.096503
0.0,0.95,500,26,0.035,-1.0882,8.91,0.098499
0.0,0.95,500,27,0.02,-1.1135,8.92,0.099998
0.0,0.95,500,28,0.035,-1.0918,9.09,0.099001
0.0,0.95,500,29,0.02,-1.1311,9.555,0.103499
0.0,0.95,500,30,0.055,-1.0606,9.53,0.107501
0.0,0.95,500,31,0.035,-1.0862,8.81,0.099499
0.0,0.95,500,32,0.025,-1.0952,8.505,0.0965
0.0,0.95,500,33,0.03,-1.0956,9.025,0.097997
0.0,0.95,500,34,0.05,-1.0532,8.66,0.1005
0.0,0.95,500,35,0.06,-1.0474,9.37,0.105501
0.0,0.95,500,36,0.045,-1.0885,9.925,0.0965
0.0,0.95,500,37,0.065,-1.0462,10.055,0.1055
0.0,0.95,500,38,0.03,-1.1103,9.515,0.098502
0.0,0.95,500,39,0.06,-1.0631,10.155,0.1075
0.0,0.95,500,40,0.095,-0.9869,10.09,0.109499
0.0,0.95,500,41,0.055,-1.0653,9.765,0.098999
0.0,0.95,500,42,0.055,-1.0756,10.525,0.109499
0.0,0.95,500,43,0.045,-1.0749,9.245,0.101501
0.0,0.95,500,44,0.04,-1.0876,9.625,0.111001
0.0,0.95,500,45,0.055,-1.0541,9.205,0.119497
0.0,0.95,500,46,0.045,-1.0793,9.465,0.1025
0.0,0.95,500,47,0.025,-1.1328,10.385,0.108
0.0,0.95,500,48,0.04,-1.079,8.95,0.104002
0.0,0.95,500,49,0.07,-1.0493,10.465,0.108498
0.0,0.95,500,50,0.03,-1.1044,9.465,0.104002
0.0,0.95,500,51,0.05,-1.0662,9.555,0.094
0.0,0.95,500,52,0.03,-1.1088,9.44,0.099
0.0,0.95,500,53,0.08,-1.0175,9.875,0.112001
0.0,0.95,500,54,0.07,-1.0387,9.935,0.111499
0.0,0.95,500,55,0.03,-1.0994,8.97,0.098001
0.0,0.95,500,56,0.05,-1.0658,9.29,0.102498
0.0,0.95,500,57,0.055,-1.0638,9.69,0.106503
0.0,0.95,500,58,0.05,-1.0647,9.235,0.100499
0.0,0.95,500,59,0.065,-1.0288,9.185,0.105501
0.0,0.95,500,60,0.04,-1.0851,9.745,0.105497
0.0,0.95,500,61,0.035,-1.1033,9.665,0.102003
0.0,0.95,500,62,0.06,-1.0505,9.525,0.095498
0.0,0.95,500,63,0.045,-1.0705,10.005,0.101002
0.0,0.95,500,64,0.035,-1.0879,9.14,0.101
0.0,0.95,500,65,0.03,-1.1088,9.685,0.1035
0.0,0.95,500,66,0.05,-1.082,10.345,0.101499
0.0,0.95,500,67,0.005,-1.1443,8.715,0.094502
0.0,0.95,500,68,0.05,-1.0682,9.41,0.106499
0.0,0.95,500,69,0.045,-1.0855,9.775,0.1005
0.0,0.95,500,70,0.035,-1.1058,9.79,0.096999
0.0,0.95,500,71,0.03,-1.1223,10.115,0.105501
0.0,0.95,500,72,0.05,-1.0854,10.515,0.108
0.0,0.95,500,73,0.04,-1.066,8.545,0.0895
0.0,0.95,500,74,0.035,-1.0899,8.995,0.098
0.0,0.95,500,75,0.05,-1.0745,10.215,0.105504
0.0,0.95,500,76,0.055,-1.0693,9.965,0.098997
0.0,0.95,500,77,0.045,-1.0895,10.22,0.099499
0.0,0.95,500,78,0.045,-1.0825,9.87,0.112
0.0,0.95,500,79,0.035,-1.1233,10.665,0.117
0.0,0.95,500,80,0.035,-1.0995,9.475,0.100002
0.0,0.95,500,81,0.07,-1.0308,9.54,0.111001
0.0,0.95,500,82,0.03,-1.0826,8.13,0.1
0.0,0.95,500,83,0.03,-1.1194,9.97,0.099
0.0,0.95,500,84,0.04,-1.0928,9.885,0.105001
0.0,0.95,500,85,0.055,-1.0601,9.505,0.1025
0.0,0.95,500,86,0.025,-1.1148,9.485,0.0985
0.0,0.95,500,87,0.015,-1.1307,9.28,0.095999
0.0,0.95,500,88,0.045,-1.0944,10.71,0.1025
0.0,0.95,500,89,0.05,-1.0664,9.32,0.11
0.0,0.95,500,90,0.04,-1.0922,9.61,0.117998
0.0,0.95,500,91,0.06,-1.0456,9.28,0.108502
0.0,0.95,500,92,0.065,-1.0378,9.39,0.097999
0.0,0.95,500,93,0.045,-1.0735,9.175,0.119
0.0,0.95,500,94,0.065,-1.038,9.645,0.1105
0.0,0.95,500,95,0.035,-1.0918,9.335,0.097502
0.0,0.95,500,96,0.055,-1.1001,11.505,0.109002
0.0,0.95,500,97,0.045,-1.0846,10.22,0.111498
0.0,0.95,500,98,0.035,-1.0979,9.64,0.099502
0.0,0.95,500,99,0.045,-1.0832,9.66,0.107501
0.0,0.95,2000,0,0.055,-1.0944,11.22,0.369998
0.0,0.95,2000,1,0.065,-1.0511,10.055,0.347502
0.0,0.95,2000,2,0.035,-1.0962,9.31,0.307501
0.0,0.95,2000,3,0.045,-1.0826,9.63,0.318498
0.0,0.95,2000,4,0.06,-1.0445,9.225,0.306
0.0,0.95,2000,5,0.05,-1.0807,10.035,0.3035
0.0,0.95,2000,6,0.05,-1.0511,9.045,0.300498
0.0,0.95,2000,7,0.04,-1.1017,10.085,0.301499
0.0,0.95,2000,8,0.05,-1.0767,9.835,0.301999
0.0,0.95,2000,9,0.025,-1.1181,9.65,0.308001
0.0,0.95,2000,10,0.03,-1.1128,9.64,0.304499
0.0,0.95,2000,11,0.025,-1.1204,9.765,0.286502
0.0,0.95,2000,12,0.04,-1.0759,9.04,0.355999
0.0,0.95,2000,13,0.045,-1.0677,8.885,0.292999
0.0,0.95,2000,14,0.03,-1.1158,9.79,0.293001
0.0,0.95,2000,15,0.05,-1.06,9.245,0.309
0.0,0.95,2000,16,0.015,-1.1149,8.735,0.3115
0.0,0.95,2000,17,0.02,-1.1024,8.365,0.296
0.0,0.95,2000,18,0.035,-1.0943,9.215,0.299999
0.0,0.95,2000,19,0.025,-1.1209,10.28,0.310502
0.0,0.95,2000,20,0.05,-1.0767,9.835,0.301498
0.0,0.95,2000,21,0.045,-1.0581,8.405,0.297
0.0,0.95,2000,22,0.065,-1.059,10.45,0.3045
0.0,0.95,2000,23,0.08,-0.9977,9.375,0.302003
0.0,0.95,2000,24,0.045,-1.0737,9.185,0.283499
0.0,0.95,2000,25,0.03,-1.0884,8.42,0.296498
0.0,0.95,2000,26,0.035,-1.0882,8.91,0.292
0.0,0.95,2000,27,0.02,-1.1135,8.92,0.3035
0.0,0.95,2000,28,0.035,-1.0918,9.09,0.290002
0.0,0.95,2000,29,0.02,-1.1311,9.555,0.299498
0.0,0.95,2000,30,0.055,-1.0606,9.53,0.2985
0.0,0.95,2000,31,0.035,-1.0862,8.81,0.29
0.0,0.95,2000,32,0.025,-1.0952,8.505,0.293499
0.0,0.95,2000,33,0.03,-1.0956,9.025,0.328003
0.0,0.95,2000,34,0.05,-1.0532,8.66,0.304498
0.0,0.95,2000,35,0.06,-1.0474,9.37,0.3045
0.0,0.95,2000,36,0.045,-1.0885,9.925,0.311032
0.0,0.95,2000,37,0.065,-1.0462,10.055,0.294969
0.0,0.95,2000,38,0.03,-1.1103,9.515,0.306498
0.0,0.95,2000,39,0.06,-1.0631,10.155,0.331501
0.0,0.95,2000,40,0.095,-0.9869,10.09,0.310001
0.0,0.95,2000,41,0.055,-1.0653,9.765,0.2915
0.0,0.95,2000,42,0.055,-1.0756,10.525,0.295
0.0,0.95,2000,43,0.045,-1.0749,9.245,0.3095
0.0,0.95,2000,44,0.04,-1.0876,9.625,0.299501
0.0,0.95,2000,45,0.055,-1.0541,9.205,0.298999
0.0,0.95,2000,46,0.045,-1.0793,9.465,0.305502
0.0,0.95,2000,47,0.025,-1.1328,10.385,0.318498
0.0,0.95,2000,48,0.04,-1.079,8.95,0.295001
0.0,0.95,2000,49,0.07,-1.0493,10.465,0.301
0.0,0.95,2000,50,0.03,-1.1044,9.465,0.308
0.0,0.95,2000,51,0.05,-1.0662,9.555,0.302001
0.0,0.95,2000,52,0.03,-1.1088,9.44,0.291499
0.0,0.95,2000,53,0.08,-1.0175,9.875,0.312499
0.0,0.95,2000,54,0.07,-1.0387,9.935,0.2995
0.0,0.95,2000,55,0.03,-1.0994,8.97,0.311501
0.0,0.95,2000,56,0.05,-1.0658,9.29,0.311999
0.0,0.95,2000,57,0.055,-1.0638,9.69,0.293
0.0,0.95,2000,58,0.05,-1.0647,9.235,0.314501
0.0,0.95,2000,59,0.065,-1.0288,9.185,0.305001
0.0,0.95,2000,60,0.04,-1.0851,9.745,0.314999
0.0,0.95,2000,61,0.035,-1.1033,9.665,0.319001
0.0,0.95,2000,62,0.06,-1.0505,9.525,0.332
0.0,0.95,2000,63,0.045,-1.0705,10.005,0.341499
0.0,0.95,2000,64,0.035,-1.0879,9.14,0.316
0.0,0.95,2000,65,0.03,-1.1088,9.685,0.313501
0.0,0.95,2000,66,0.05,-1.082,10.345,0.329001
0.0,0.95,2000,67,0.005,-1.1443,8.715,0.313499
0.0,0.95,2000,68,0.05,-1.0682,9.41,0.311501
0.0,0.95,2000,69,0.045,-1.0855,9.775,0.308999
0.0,0.95,2000,70,0.035,-1.1058,9.79,0.305001
0.0,0.95,2000,71,0.03,-1.1223,10.115,0.293499
0.0,0.95,2000,72,0.05,-1.0854,10.515,0.316502
0.0,0.95,2000,73,0.04,-1.066,8.545,0.296498
0.0,0.95,2000,74,0.035,-1.0899,8.995,0.285501
0.0,0.95,2000,75,0.05,-1.0745,10.215,0.298498
0.0,0.95,2000,76,0.055,-1.0693,9.965,0.295999
0.0,0.95,2000,77,0.045,-1.0895,10.22,0.31
0.0,0.95,2000,78,0.045,-1.0825,9.87,0.299999
0.0,0.95,2000,79,0.035,-1.1233,10.665,0.296
0.0,0.95,2000,80,0.035,-1.0995,9.475,0.294999
0.0,0.95,2000,81,0.07,-1.0308,9.54,0.292502
0.0,0.95,2000,82,0.03,-1.0826,8.13,0.295499
0.0,0.95,2000,83,0.03,-1.1194,9.97,0.305001
0.0,0.95,2000,84,0.04,-1.0928,9.885,0.307998
0.0,0.95,2000,85,0.055,-1.0601,9.505,0.293002
0.0,0.95,2000,86,0.025,-1.1148,9.485,0.294999
0.0,0.95,2000,87,0.015,-1.1307,9.28,0.296499
0.0,0.95,2000,88,0.045,-1.0944,10.71,0.3035
0.0,0.95,2000,89,0.05,-1.0664,9.32,0.288501
0.0,0.95,2000,90,0.04,-1.0922,9.61,0.306
0.0,0.95,2000,91,0.06,-1.0456,9.28,0.291002
0.0,0.95,2000,92,0.065,-1.0378,9.39,0.304498
0.0,0.95,2000,93,0.045,-1.0735,9.175,0.2925
0.0,0.95,2000,94,0.065,-1.038,9.645,0.2915
0.0,0.95,2000,95,0.035,-1.0918,9.335,0.293499
0.0,0.95,2000,96,0.055,-1.1001,11.505,0.314502
0.0,0.95,2000,97,0.045,-1.0846,10.22,0.303999
0.0,0.95,2000,98,0.035,-1.0979,9.64,0.297
0.0,0.95,2000,99,0.045,-1.0832,9.66,0.3145
0.0,0.99,20,0,0.055,-1.0944,11.22,0.050502
0.0,0.99,20,1,0.065,-1.0511,10.055,0.043498
0.0,0.99,20,2,0.035,-1.0962,9.31,0.043001
0.0,0.99,20,3,0.045,-1.0826,9.63,0.045998
0.0,0.99,20,4,0.06,-1.0445,9.225,0.040502
0.0,0.99,20,5,0.05,-1.0807,10.035,0.047499
0.0,0.99,20,6,0.05,-1.0511,9.045,0.040498
0.0,0.99,20,7,0.04,-1.1017,10.085,0.048001
0.0,0.99,20,8,0.05,-1.0767,9.835,0.046499
0.0,0.99,20,9,0.025,-1.1181,9.65,0.051002
0.0,0.99,20,10,0.03,-1.1128,9.64,0.062001
0.0,0.99,20,11,0.025,-1.1204,9.765,0.057
0.0,0.99,20,12,0.04,-1.0759,9.04,0.058502
0.0,0.99,20,13,0.045,-1.0677,8.885,0.039
0.0,0.99,20,14,0.03,-1.1158,9.79,0.0585
0.0,0.99,20,15,0.05,-1.06,9.245,0.046002
0.0,0.99,20,16,0.015,-1.1149,8.735,0.038503
0.0,0.99,20,17,0.02,-1.1024,8.365,0.038497
0.0,0.99,20,18,0.035,-1.0943,9.215,0.046536
0.0,0.99,20,19,0.025,-1.1209,10.28,0.050465
0.0,0.99,20,20,0.05,-1.0767,9.835,0.042998
0.0,0.99,20,21,0.045,-1.0581,8.405,0.041502
0.0,0.99,20,22,0.065,-1.059,10.45,0.044998
0.0,0.99,20,23,0.08,-0.9977,9.375,0.041502
0.0,0.99,20,24,0.045,-1.0737,9.185,0.037499
0.0,0.99,20,25,0.03,-1.0884,8.42,0.037002
0.0,0.99,20,26,0.035,-1.0882,8.91,0.035499
0.0,0.99,20,27,0.02,-1.1135,8.92,0.037499
0.0,0.99,20,28,0.035,-1.0918,9.09,0.039002
0.0,0.99,20,29,0.02,-1.1311,9.555,0.040681
0.0,0.99,20,30,0.055,-1.0606,9.53,0.037902
0.0,0.99,20,31,0.035,-1.0862,8.81,0.035415
0.0,0.99,20,32,0.025,-1.0952,8.505,0.037
0.0,0.99,20,33,0.03,-1.0956,9.025,0.038001
0.0,0.99,20,34,0.05,-1.0532,8.66,0.037501
0.0,0.99,20,35,0.06,-1.0474,9.37,0.039499
0.0,0.99,20,36,0.045,-1.0885,9.925,0.039499
0.0,0.99,20,37,0.065,-1.0462,10.055,0.042499
0.0,0.99,20,38,0.03,-1.1103,9.515,0.039999
0.0,0.99,20,39,0.06,-1.0631,10.155,0.041002
0.0,0.99,20,40,0.095,-0.9869,10.09,0.041497
0.0,0.99,20,41,0.055,-1.0653,9.765,0.042501
0.0,0.99,20,42,0.055,-1.0756,10.525,0.044999
0.0,0.99,20,43,0.045,-1.0749,9.245,0.039502
0.0,0.99,20,44,0.04,-1.0876,9.625,0.036998
0.0,0.99,20,45,0.055,-1.0541,9.205,0.038161
0.0,0.99,20,46,0.045,-1.0793,9.465,0.037843
0.0,0.99,20,47,0.025,-1.1328,10.385,0.043997
0.0,0.99,20,48,0.04,-1.079,8.95,0.038002
0.0,0.99,20,49,0.07,-1.0493,10.465,0.040998
0.0,0.99,20,50,0.03,-1.1044,9.465,0.039501
0.0,0.99,20,51,0.05,-1.0662,9.555,0.041001
0.0,0.99,20,52,0.03,-1.1088,9.44,0.038997
0.0,0.99,20,53,0.08,-1.0175,9.875,0.040501
0.0,0.99,20,54,0.07,-1.0387,9.935,0.043999
0.0,0.99,20,55,0.03,-1.0994,8.97,0.036999
0.0,0.99,20,56,0.05,-1.0658,9.29,0.0365
0.0,0.99,20,57,0.055,-1.0638,9.69,0.042001
0.0,0.99,20,58,0.05,-1.0647,9.235,0.0385
0.0,0.99,20,59,0.065,-1.0288,9.185,0.044002
0.0,0.99,20,60,0.04,-1.0851,9.745,0.043499
0.0,0.99,20,61,0.035,-1.1033,9.665,0.040502
0.0,0.99,20,62,0.06,-1.0505,9.525,0.038998
0.0,0.99,20,63,0.045,-1.0705,10.005,0.040999
0.0,0.99,20,64,0.035,-1.0879,9.14,0.038501
0.0,0.99,20,65,0.03,-1.1088,9.685,0.040503
0.0,0.99,20,66,0.05,-1.082,10.345,0.040999
0.0,0.99,20,67,0.005,-1.1443,8.715,0.039997
0.0,0.99,20,68,0.05,-1.0682,9.41,0.038002
0.0,0.99,20,69,0.045,-1.0855,9.775,0.0405
0.0,0.99,20,70,0.035,-1.1058,9.79,0.039999
0.0,0.99,20,71,0.03,-1.1223,10.115,0.04
0.0,0.99,20,72,0.05,-1.0854,10.515,0.047
0.0,0.99,20,73,0.04,-1.066,8.545,0.0365
0.0,0.99,20,74,0.035,-1.0899,8.995,0.0355
0.0,0.99,20,75,0.05,-1.0745,10.215,0.0465
0.0,0.99,20,76,0.055,-1.0693,9.965,0.049499
0.0,0.99,20,77,0.045,-1.0895,10.22,0.043999
0.0,0.99,20,78,0.045,-1.0825,9.87,0.041501
0.0,0.99,20,79,0.035,-1.1233,10.665,0.043002
0.0,0.99,20,80,0.035,-1.0995,9.475,0.037998
0.0,0.99,20,81,0.07,-1.0308,9.54,0.044
0.0,0.99,20,82,0.03,-1.0826,8.13,0.033999
0.0,0.99,20,83,0.03,-1.1194,9.97,0.043
0.0,0.99,20,84,0.04,-1.0928,9.885,0.043502
0.0,0.99,20,85,0.055,-1.0601,9.505,0.042499
0.0,0.99,20,86,0.025,-1.1148,9.485,0.042501
0.0,0.99,20,87,0.015,-1.1307,9.28,0.042001
0.0,0.99,20,88,0.045,-1.0944,10.71,0.048998
0.0,0.99,20,89,0.05,-1.0664,9.32,0.039501
0.0,0.99,20,90,0.04,-1.0922,9.61,0.038998
0.0,0.99,20,91,0.06,-1.0456,9.28,0.046001
0.0,0.99,20,92,0.065,-1.0378,9.39,0.042001
0.0,0.99,20,93,0.045,-1.0735,9.175,0.042999
0.0,0.99,20,94,0.065,-1.038,9.645,0.0405
0.0,0.99,20,95,0.035,-1.0918,9.335,0.0385
0.0,0.99,20,96,0.055,-1.1001,11.505,0.050501
0.0,0.99,20,97,0.045,-1.0846,10.22,0.041
0.0,0.99,20,98,0.035,-1.0979,9.64,0.043999
0.0,0.99,20,99,0.045,-1.0832,9.66,0.042501
0.0,0.99,100,0,0.055,-1.0944,11.22,0.0565
0.0,0.99,100,1,0.065,-1.0511,10.055,0.053002
0.0,0.99,100,2,0.035,-1.0962,9.31,0.053498
0.0,0.99,100,3,0.045,-1.0826,9.63,0.0515
0.0,0.99,100,4,0.06,-1.0445,9.225,0.0495
0.0,0.99,100,5,0.05,-1.0807,10.035,0.055118
0.0,0.99,100,6,0.05,-1.0511,9.045,0.049885
0.0,0.99,100,7,0.04,-1.1017,10.085,0.049999
0.0,0.99,100,8,0.05,-1.0767,9.835,0.053
0.0,0.99,100,9,0.025,-1.1181,9.65,0.054499
0.0,0.99,100,10,0.03,-1.1128,9.64,0.054001
0.0,0.99,100,11,0.025,-1.1204,9.765,0.051499
0.0,0.99,100,12,0.04,-1.0759,9.04,0.047001
0.0,0.99,100,13,0.045,-1.0677,8.885,0.050501
0.0,0.99,100,14,0.03,-1.1158,9.79,0.055998
0.0,0.99,100,15,0.05,-1.06,9.245,0.052002
0.0,0.99,100,16,0.015,-1.1149,8.735,0.049498
0.0,0.99,100,17,0.02,-1.1024,8.365,0.047502
0.0,0.99,100,18,0.035,-1.0943,9.215,0.052
0.0,0.99,100,19,0.025,-1.1209,10.28,0.055999
0.0,0.99,100,20,0.05,-1.0767,9.835,0.051499
0.0,0.99,100,21,0.045,-1.0581,8.405,0.044001
0.0,0.99,100,22,0.065,-1.059,10.45,0.054
0.0,0.99,100,23,0.08,-0.9977,9.375,0.049093
0.0,0.99,100,24,0.045,-1.0737,9.185,0.051907
0.0,0.99,100,25,0.03,-1.0884,8.42,0.045
0.0,0.99,100,26,0.035,-1.0882,8.91,0.047501
0.0,0.99,100,27,0.02,-1.1135,8.92,0.044497
0.0,0.99,100,28,0.035,-1.0918,9.09,0.049504
0.0,0.99,100,29,0.02,-1.1311,9.555,0.047498
0.0,0.99,100,30,0.055,-1.0606,9.53,0.053501
0.0,0.99,100,31,0.035,-1.0862,8.81,0.046499
0.0,0.99,100,32,0.025,-1.0952,8.505,0.047501
0.0,0.99,100,33,0.03,-1.0956,9.025,0.048497
0.0,0.99,100,34,0.05,-1.0532,8.66,0.047001
0.0,0.99,100,35,0.06,-1.0474,9.37,0.0515
0.0,0.99,100,36,0.045,-1.0885,9.925,0.0525
0.0,0.99,100,37,0.065,-1.0462,10.055,0.0525
0.0,0.99,100,38,0.03,-1.1103,9.515,0.050002
0.0,0.99,100,39,0.06,-1.0631,10.155,0.049997
0.0,0.99,100,40,0.095,-0.9869,10.09,0.057498
0.0,0.99,100,41,0.055,-1.0653,9.765,0.048
0.0,0.99,100,42,0.055,-1.0756,10.525,0.054501
0.0,0.99,100,43,0.045,-1.0749,9.245,0.049002
0.0,0.99,100,44,0.04,-1.0876,9.625,0.0525
0.0,0.99,100,45,0.055,-1.0541,9.205,0.048
0.0,0.99,100,46,0.045,-1.0793,9.465,0.047
0.0,0.99,100,47,0.025,-1.1328,10.385,0.055501
0.0,0.99,100,48,0.04,-1.079,8.95,0.049499
0.0,0.99,100,49,0.07,-1.0493,10.465,0.057499
0.0,0.99,100,50,0.03,-1.1044,9.465,0.052
0.0,0.99,100,51,0.05,-1.0662,9.555,0.062501
0.0,0.99,100,52,0.03,-1.1088,9.44,0.061
0.0,0.99,100,53,0.08,-1.0175,9.875,0.057999
0.0,0.99,100,54,0.07,-1.0387,9.935,0.055501
0.0,0.99,100,55,0.03,-1.0994,8.97,0.053
0.0,0.99,100,56,0.05,-1.0658,9.29,0.055001
0.0,0.99,100,57,0.055,-1.0638,9.69,0.059002
0.0,0.99,100,58,0.05,-1.0647,9.235,0.06
0.0,0.99,100,59,0.065,-1.0288,9.185,0.059498
0.0,0.99,100,60,0.04,-1.0851,9.745,0.0545
0.0,0.99,100,61,0.035,-1.1033,9.665,0.067998
0.0,0.99,100,62,0.06,-1.0505,9.525,0.053502
0.0,0.99,100,63,0.045,-1.0705,10.005,0.051999
0.0,0.99,100,64,0.035,-1.0879,9.14,0.049047
0.0,0.99,100,65,0.03,-1.1088,9.685,0.052455
0.0,0.99,100,66,0.05,-1.082,10.345,0.056499
0.0,0.99,100,67,0.005,-1.1443,8.715,0.0515
0.0,0.99,100,68,0.05,-1.0682,9.41,0.051501
0.0,0.99,100,69,0.045,-1.0855,9.775,0.061
0.0,0.99,100,70,0.035,-1.1058,9.79,0.055001
0.0,0.99,100,71,0.03,-1.1223,10.115,0.057998
0.0,0.99,100,72,0.05,-1.0854,10.515,0.056999
0.0,0.99,100,73,0.04,-1.066,8.545,0.045502
0.0,0.99,100,74,0.035,-1.0899,8.995,0.047998
0.0,0.99,100,75,0.05,-1.0745,10.215,0.0545
0.0,0.99,100,76,0.055,-1.0693,9.965,0.054
0.0,0.99,100,77,0.045,-1.0895,10.22,0.054999
0.0,0.99,100,78,0.045,-1.0825,9.87,0.056503
0.0,0.99,100,79,0.035,-1.1233,10.665,0.060998
0.0,0.99,100,80,0.035,-1.0995,9.475,0.053999
0.0,0.99,100,81,0.07,-1.0308,9.54,0.062001
0.0,0.99,100,82,0.03,-1.0826,8.13,0.051
0.0,0.99,100,83,0.03,-1.1194,9.97,0.054501
0.0,0.99,100,84,0.04,-1.0928,9.885,0.059499
0.0,0.99,100,85,0.055,-1.0601,9.505,0.057
0.0,0.99,100,86,0.025,-1.1148,9.485,0.057499
0.0,0.99,100,87,0.015,-1.1307,9.28,0.059502
0.0,0.99,100,88,0.045,-1.0944,10.71,0.050999
0.0,0.99,100,89,0.05,-1.0664,9.32,0.05
0.0,0.99,100,90,0.04,-1.0922,9.61,0.047999
0.0,0.99,100,91,0.06,-1.0456,9.28,0.051501
0.0,0.99,100,92,0.065,-1.0378,9.39,0.0465
0.0,0.99,100,93,0.045,-1.0735,9.175,0.050499
0.0,0.99,100,94,0.065,-1.038,9.645,0.048501
0.0,0.99,100,95,0.035,-1.0918,9.335,0.050001
0.0,0.99,100,96,0.055,-1.1001,11.505,0.062499
0.0,0.99,100,97,0.045,-1.0846,10.22,0.0535
0.0,0.99,100,98,0.035,-1.0979,9.64,0.047999
0.0,0.99,100,99,0.045,-1.0832,9.66,0.051502
0.0,0.99,500,0,0.055,-1.0944,11.22,0.109997
0.0,0.99,500,1,0.065,-1.0511,10.055,0.107
0.0,0.99,500,2,0.035,-1.0962,9.31,0.102001
0.0,0.99,500,3,0.045,-1.0826,9.63,0.101501
0.0,0.99,500,4,0.06,-1.0445,9.225,0.099998
0.0,0.99,500,5,0.05,-1.0807,10.035,0.1095
0.0,0.99,500,6,0.05,-1.0511,9.045,0.1065
0.0,0.99,500,7,0.04,-1.1017,10.085,0.109001
0.0,0.99,500,8,0.05,-1.0767,9.835,0.1015
0.0,0.99,500,9,0.025,-1.1181,9.65,0.101499
0.0,0.99,500,10,0.03,-1.1128,9.64,0.107503
0.0,0.99,500,11,0.025,-1.1204,9.765,0.098499
0.0,0.99,500,12,0.04,-1.0759,9.04,0.103999
0.0,0.99,500,13,0.045,-1.0677,8.885,0.096499
0.0,0.99,500,14,0.03,-1.1158,9.79,0.1005
0.0,0.99,500,15,0.05,-1.06,9.245,0.104001
0.0,0.99,500,16,0.015,-1.1149,8.735,0.102
0.0,0.99,500,17,0.02,-1.1024,8.365,0.1
0.0,0.99,500,18,0.035,-1.0943,9.215,0.105001
0.0,0.99,500,19,0.025,-1.1209,10.28,0.095999
0.0,0.99,500,20,0.05,-1.0767,9.835,0.104501
0.0,0.99,500,21,0.045,-1.0581,8.405,0.1005
0.0,0.99,500,22,0.065,-1.059,10.45,0.1
0.0,0.99,500,23,0.08,-0.9977,9.375,0.105999
0.0,0.99,500,24,0.045,-1.0737,9.185,0.095501
0.0,0.99,500,25,0.03,-1.0884,8.42,0.0975
0.0,0.99,500,26,0.035,-1.0882,8.91,0.101501
0.0,0.99,500,27,0.02,-1.1135,8.92,0.101
0.0,0.99,500,28,0.035,-1.0918,9.09,0.100502
0.0,0.99,500,29,0.02,-1.1311,9.555,0.112999
0.0,0.99,500,30,0.055,-1.0606,9.53,0.104998
0.0,0.99,500,31,0.035,-1.0862,8.81,0.0985
0.0,0.99,500,32,0.025,-1.0952,8.505,0.0955
0.0,0.99,500,33,0.03,-1.0956,9.025,0.097002
0.0,0.99,500,34,0.05,-1.0532,8.66,0.103499
0.0,0.99,500,35,0.06,-1.0474,9.37,0.108502
0.0,0.99,500,36,0.045,-1.0885,9.925,0.101498
0.0,0.99,500,37,0.065,-1.0462,10.055,0.104
0.0,0.99,500,38,0.03,-1.1103,9.515,0.100502
0.0,0.99,500,39,0.06,-1.0631,10.155,0.106499
0.0,0.99,500,40,0.095,-0.9869,10.09,0.103999
0.0,0.99,500,41,0.055,-1.0653,9.765,0.1005
0.0,0.99,500,42,0.055,-1.0756,10.525,0.108001
0.0,0.99,500,43,0.045,-1.0749,9.245,0.100499
0.0,0.99,500,44,0.04,-1.0876,9.625,0.103001
0.0,0.99,500,45,0.055,-1.0541,9.205,0.105
0.0,0.99,500,46,0.045,-1.0793,9.465,0.097501
0.0,0.99,500,47,0.025,-1.1328,10.385,0.1075
0.0,0.99,500,48,0.04,-1.079,8.95,0.100502
0.0,0.99,500,49,0.07,-1.0493,10.465,0.100499
0.0,0.99,500,50,0.03,-1.1044,9.465,0.095
0.0,0.99,500,51,0.05,-1.0662,9.555,0.095499
0.0,0.99,500,52,0.03,-1.1088,9.44,0.094499
0.0,0.99,500,53,0.08,-1.0175,9.875,0.108501
0.0,0.99,500,54,0.07,-1.0387,9.935,0.108016
0.0,0.99,500,55,0.03,-1.0994,8.97,0.100499
0.0,0.99,500,56,0.05,-1.0658,9.29,0.102545
0.0,0.99,500,57,0.055,-1.0638,9.69,0.099956
0.0,0.99,500,58,0.05,-1.0647,9.235,0.095999
0.0,0.99,500,59,0.065,-1.0288,9.185,0.101502
0.0,0.99,500,60,0.04,-1.0851,9.745,0.109
0.0,0.99,500,61,0.035,-1.1033,9.665,0.102001
0.0,0.99,500,62,0.06,-1.0505,9.525,0.097998
0.0,0.99,500,63,0.045,-1.0705,10.005,0.099501
0.0,0.99,500,64,0.035,-1.0879,9.14,0.096999
0.0,0.99,500,65,0.03,-1.1088,9.685,0.107
0.0,0.99,500,66,0.05,-1.082,10.345,0.1055
0.0,0.99,500,67,0.005,-1.1443,8.715,0.091999
0.0,0.99,500,68,0.05,-1.0682,9.41,0.100501
0.0,0.99,500,69,0.045,-1.0855,9.775,0.098502
0.0,0.99,500,70,0.035,-1.1058,9.79,0.101171
0.0,0.99,500,71,0.03,-1.1223,10.115,0.104828
0.0,0.99,500,72,0.05,-1.0854,10.515,0.109499
0.0,0.99,500,73,0.04,-1.066,8.545,0.0895
0.0,0.99,500,74,0.035,-1.0899,8.995,0.093
0.0,0.99,500,75,0.05,-1.0745,10.215,0.106499
0.0,0.99,500,76,0.055,-1.0693,9.965,0.103001
0.0,0.99,500,77,0.045,-1.0895,10.22,0.103499
0.0,0.99,500,78,0.045,-1.0825,9.87,0.1105
0.0,0.99,500,79,0.035,-1.1233,10.665,0.099999
0.0,0.99,500,80,0.035,-1.0995,9.475,0.105501
0.0,0.99,500,81,0.07,-1.0308,9.54,0.103501
0.0,0.99,500,82,0.03,-1.0826,8.13,0.098499
0.0,0.99,500,83,0.03,-1.1194,9.97,0.099002
0.0,0.99,500,84,0.04,-1.0928,9.885,0.103
0.0,0.99,500,85,0.055,-1.0601,9.505,0.1035
0.0,0.99,500,86,0.025,-1.1148,9.485,0.112998
0.0,0.99,500,87,0.015,-1.1307,9.28,0.1235
0.0,0.99,500,88,0.045,-1.0944,10.71,0.114002
0.0,0.99,500,89,0.05,-1.0664,9.32,0.111
0.0,0.99,500,90,0.04,-1.0922,9.61,0.127998
0.0,0.99,500,91,0.06,-1.0456,9.28,0.1125
0.0,0.99,500,92,0.065,-1.0378,9.39,0.1055
0.0,0.99,500,93,0.045,-1.0735,9.175,0.105999
0.0,0.99,500,94,0.065,-1.038,9.645,0.104506
0.0,0.99,500,95,0.035,-1.0918,9.335,0.112994
0.0,0.99,500,96,0.055,-1.1001,11.505,0.134
0.0,0.99,500,97,0.045,-1.0846,10.22,0.116
0.0,0.99,500,98,0.035,-1.0979,9.64,0.101499
0.0,0.99,500,99,0.045,-1.0832,9.66,0.1085
0.0,0.99,2000,0,0.055,-1.0944,11.22,0.304499
0.0,0.99,2000,1,0.065,-1.0511,10.055,0.313002
0.0,0.99,2000,2,0.035,-1.0962,9.31,0.297998
0.0,0.99,2000,3,0.045,-1.0826,9.63,0.294501
0.0,0.99,2000,4,0.06,-1.0445,9.225,0.302999
0.0,0.99,2000,5,0.05,-1.0807,10.035,0.2955
0.0,0.99,2000,6,0.05,-1.0511,9.045,0.293
0.0,0.99,2000,7,0.04,-1.1017,10.085,0.2945
0.0,0.99,2000,8,0.05,-1.0767,9.835,0.2965
0.0,0.99,2000,9,0.025,-1.1181,9.65,0.301998
0.0,0.99,2000,10,0.03,-1.1128,9.64,0.298002
0.0,0.99,2000,11,0.025,-1.1204,9.765,0.295997
0.0,0.99,2000,12,0.04,-1.0759,9.04,0.280503
0.0,0.99,2000,13,0.045,-1.0677,8.885,0.285998
0.0,0.99,2000,14,0.03,-1.1158,9.79,0.282
0.0,0.99,2000,15,0.05,-1.06,9.245,0.289001
0.0,0.99,2000,16,0.015,-1.1149,8.735,0.2845
0.0,0.99,2000,17,0.02,-1.1024,8.365,0.278
0.0,0.99,2000,18,0.035,-1.0943,9.215,0.306
0.0,0.99,2000,19,0.025,-1.1209,10.28,0.305
0.0,0.99,2000,20,0.05,-1.0767,9.835,0.3535
0.0,0.99,2000,21,0.045,-1.0581,8.405,0.304
0.0,0.99,2000,22,0.065,-1.059,10.45,0.299503
0.0,0.99,2000,23,0.08,-0.9977,9.375,0.307497
0.0,0.99,2000,24,0.045,-1.0737,9.185,0.278501
0.0,0.99,2000,25,0.03,-1.0884,8.42,0.291
0.0,0.99,2000,26,0.035,-1.0882,8.91,0.299001
0.0,0.99,2000,27,0.02,-1.1135,8.92,0.285499
0.0,0.99,2000,28,0.035,-1.0918,9.09,0.3115
0.0,0.99,2000,29,0.02,-1.1311,9.555,0.310002
0.0,0.99,2000,30,0.055,-1.0606,9.53,0.323
0.0,0.99,2000,31,0.035,-1.0862,8.81,0.311002
0.0,0.99,2000,32,0.025,-1.0952,8.505,0.275501
0.0,0.99,2000,33,0.03,-1.0956,9.025,0.289997
0.0,0.99,2000,34,0.05,-1.0532,8.66,0.295002
0.0,0.99,2000,35,0.06,-1.0474,9.37,0.297498
0.0,0.99,2000,36,0.045,-1.0885,9.925,0.2855
0.0,0.99,2000,37,0.065,-1.0462,10.055,0.277999
0.0,0.99,2000,38,0.03,-1.1103,9.515,0.294003
0.0,0.99,2000,39,0.06,-1.0631,10.155,0.284999
0.0,0.99,2000,40,0.095,-0.9869,10.09,0.315
0.0,0.99,2000,41,0.055,-1.0653,9.765,0.277998
0.0,0.99,2000,42,0.055,-1.0756,10.525,0.294501
0.0,0.99,2000,43,0.045,-1.0749,9.245,0.299001
0.0,0.99,2000,44,0.04,-1.0876,9.625,0.284499
0.0,0.99,2000,45,0.055,-1.0541,9.205,0.286
0.0,0.99,2000,46,0.045,-1.0793,9.465,0.2875
0.0,0.99,2000,47,0.025,-1.1328,10.385,0.303
0.0,0.99,2000,48,0.04,-1.079,8.95,0.285
0.0,0.99,2000,49,0.07,-1.0493,10.465,0.283
0.0,0.99,2000,50,0.03,-1.1044,9.465,0.302498
0.0,0.99,2000,51,0.05,-1.0662,9.555,0.293
0.0,0.99,2000,52,0.03,-1.1088,9.44,0.296
0.0,0.99,2000,53,0.08,-1.0175,9.875,0.291499
0.0,0.99,2000,54,0.07,-1.0387,9.935,0.292501
0.0,0.99,2000,55,0.03,-1.0994,8.97,0.291499
0.0,0.99,2000,56,0.05,-1.0658,9.29,0.295
0.0,0.99,2000,57,0.055,-1.0638,9.69,0.289001
0.0,0.99,2000,58,0.05,-1.0647,9.235,0.292999
0.0,0.99,2000,59,0.065,-1.0288,9.185,0.292
0.0,0.99,2000,60,0.04,-1.0851,9.745,0.287499
0.0,0.99,2000,61,0.035,-1.1033,9.665,0.284501
0.0,0.99,2000,62,0.06,-1.0505,9.525,0.283002
0.0,0.99,2000,63,0.045,-1.0705,10.005,0.291011
0.0,0.99,2000,64,0.035,-1.0879,9.14,0.293987
0.0,0.99,2000,65,0.03,-1.1088,9.685,0.289501
0.0,0.99,2000,66,0.05,-1.082,10.345,0.2965
0.0,0.99,2000,67,0.005,-1.1443,8.715,0.304914
0.0,0.99,2000,68,0.05,-1.0682,9.41,0.2975
0.0,0.99,2000,69,0.045,-1.0855,9.775,0.315519
0.0,0.99,2000,70,0.035,-1.1058,9.79,0.298982
0.0,0.99,2000,71,0.03,-1.1223,10.115,0.290001
0.0,0.99,2000,72,0.05,-1.0854,10.515,0.307998
0.0,0.99,2000,73,0.04,-1.066,8.545,0.301502
0.0,0.99,2000,74,0.035,-1.0899,8.995,0.287001
0.0,0.99,2000,75,0.05,-1.0745,10.215,0.293998
0.0,0.99,2000,76,0.055,-1.0693,9.965,0.326001
0.0,0.99,2000,77,0.045,-1.0895,10.22,0.314001
0.0,0.99,2000,78,0.045,-1.0825,9.87,0.301499
0.0,0.99,2000,79,0.035,-1.1233,10.665,0.305001
0.0,0.99,2000,80,0.035,-1.0995,9.475,0.3005
0.0,0.99,2000,81,0.07,-1.0308,9.54,0.2795
0.0,0.99,2000,82,0.03,-1.0826,8.13,0.295
0.0,0.99,2000,83,0.03,-1.1194,9.97,0.280499
0.0,0.99,2000,84,0.04,-1.0928,9.885,0.300503
0.0,0.99,2000,85,0.055,-1.0601,9.505,0.295997
0.0,0.99,2000,86,0.025,-1.1148,9.485,0.308001
0.0,0.99,2000,87,0.015,-1.1307,9.28,0.286001
0.0,0.99,2000,88,0.045,-1.0944,10.71,0.295999
0.0,0.99,2000,89,0.05,-1.0664,9.32,0.291
0.0,0.99,2000,90,0.04,-1.0922,9.61,0.290501
0.0,0.99,2000,91,0.06,-1.0456,9.28,0.28
0.0,0.99,2000,92,0.065,-1.0378,9.39,0.289001
0.0,0.99,2000,93,0.045,-1.0735,9.175,0.285997
0.0,0.99,2000,94,0.065,-1.038,9.645,0.290501
0.0,0.99,2000,95,0.035,-1.0918,9.335,0.279
0.0,0.99,2000,96,0.055,-1.1001,11.505,0.346501
0.0,0.99,2000,97,0.045,-1.0846,10.22,0.348
0.0,0.99,2000,98,0.035,-1.0979,9.64,0.299999
0.0,0.99,2000,99,0.045,-1.0832,9.66,0.317502
0.01,0.0,20,0,0.43,-0.3262,38.24,0.161499
0.01,0.0,20,1,0.0,-1.0,50.0,0.2415
0.01,0.0,20,2,0.0,-1.0,50.0,0.2295
0.01,0.0,20,3,0.0,-1.0,50.0,0.213
0.01,0.0,20,4,0.0,-1.0,50.0,0.213001
0.01,0.0,20,5,0.0,-1.0,50.0,0.199498
0.01,0.0,20,6,0.0,-1.0,50.0,0.202001
0.01,0.0,20,7,0.0,-1.0,50.0,0.1965
0.01,0.0,20,8,0.375,-0.3199,35.12,0.1355
0.01,0.0,20,9,0.0,-1.0,50.0,0.205
0.01,0.0,20,10,0.0,-1.0,50.0,0.195499
0.01,0.0,20,11,0.73,0.1221,31.125,0.123999
0.01,0.0,20,12,0.0,-1.0,50.0,0.1965
0.01,0.0,20,13,0.0,-1.0,50.0,0.195501
0.01,0.0,20,14,0.0,-1.0,50.0,0.201001
0.01,0.0,20,15,0.0,-1.0,50.0,0.197
0.01,0.0,20,16,0.99,0.6021,20.385,0.087502
0.01,0.0,20,17,0.97,0.592,19.87,0.085001
0.01,0.0,20,18,0.705,0.0551,33.2,0.133501
0.01,0.0,20,19,0.0,-1.0,50.0,0.196499
0.01,0.0,20,20,0.0,-1.0,50.0,0.203502
0.01,0.0,20,21,0.0,-1.0,50.0,0.199499
0.01,0.0,20,22,0.0,-1.0,50.0,0.1975
0.01,0.0,20,23,0.0,-1.0,50.0,0.202001
0.01,0.0,20,24,0.0,-1.0,50.0,0.196002
0.01,0.0,20,25,0.0,-1.0,50.0,0.198998
0.01,0.0,20,26,0.0,-1.0,50.0,0.1985
0.01,0.0,20,27,0.92,0.4438,24.73,0.103501
0.01,0.0,20,28,0.0,-1.0,50.0,0.198999
0.01,0.0,20,29,0.0,-1.0,50.0,0.197499
0.01,0.0,20,30,0.495,-0.1166,31.075,0.129497
0.01,0.0,20,31,0.0,-1.0,50.0,0.198997
0.01,0.0,20,32,0.0,-1.0,50.0,0.217
0.01,0.0,20,33,0.815,0.257,28.715,0.1185
0.01,0.0,20,34,0.0,-1.0,50.0,0.2015
0.01,0.0,20,35,0.0,-1.0,50.0,0.197001
0.01,0.0,20,36,0.99,0.7202,14.48,0.057998
0.01,0.0,20,37,0.3,-0.5733,43.965,0.178003
0.01,0.0,20,38,0.0,-1.0,50.0,0.200496
0.01,0.0,20,39,0.0,-1.0,50.0,0.198002
0.01,0.0,20,40,0.84,0.3957,23.055,0.094499
0.01,0.0,20,41,0.0,-1.0,50.0,0.2045
0.01,0.0,20,42,0.0,-1.0,50.0,0.199499
0.01,0.0,20,43,0.0,-1.0,50.0,0.1965
0.01,0.0,20,44,0.0,-1.0,50.0,0.203001
0.01,0.0,20,45,0.0,-1.0,50.0,0.195499
0.01,0.0,20,46,0.0,-1.0,50.0,0.198002
0.01,0.0,20,47,0.0,-1.0,50.0,0.192498
0.01,0.0,20,48,0.0,-1.0,50.0,0.189998
0.01,0.0,20,49,0.0,-1.0,50.0,0.199
0.01,0.0,20,50,0.0,-1.0,50.0,0.1965
0.01,0.0,20,51,0.0,-1.0,50.0,0.200001
0.01,0.0,20,52,0.0,-1.0,50.0,0.193
0.01,0.0,20,53,0.0,-1.0,50.0,0.195999
0.01,0.0,20,54,0.36,-0.4728,42.0,0.167
0.01,0.0,20,55,0.73,0.1031,32.075,0.124999
0.01,0.0,20,56,0.0,-1.0,50.0,0.199502
0.01,0.0,20,57,0.0,-1.0,50.0,0.196498
0.01,0.0,20,58,0.0,-1.0,50.0,0.195502
0.01,0.0,20,59,0.0,-1.0,50.0,0.215499
0.01,0.0,20,60,0.0,-1.0,50.0,0.202
0.01,0.0,20,61,0.0,-1.0,50.0,0.197
0.01,0.0,20,62,0.935,0.4893,23.22,0.0985
0.01,0.0,20,63,0.0,-1.0,50.0,0.199999
0.01,0.0,20,64,0.0,-1.0,50.0,0.206
0.01,0.0,20,65,0.0,-1.0,50.0,0.202001
0.01,0.0,20,66,0.98,0.6124,19.36,0.080501
0.01,0.0,20,67,0.0,-1.0,50.0,0.1985
0.01,0.0,20,68,0.0,-1.0,50.0,0.190002
0.01,0.0,20,69,0.0,-1.0,50.0,0.197998
0.01,0.0,20,70,0.0,-1.0,50.0,0.2
0.01,0.0,20,71,0.0,-1.0,50.0,0.206504
0.01,0.0,20,72,0.0,-1.0,50.0,0.203996
0.01,0.0,20,73,0.0,-1.0,50.0,0.192999
0.01,0.0,20,74,0.0,-1.0,50.0,0.192002
0.01,0.0,20,75,0.0,-1.0,50.0,0.199999
0.01,0.0,20,76,0.0,-1.0,50.0,0.1985
0.01,0.0,20,77,0.975,0.6325,18.1,0.076
0.01,0.0,20,78,0.0,-1.0,50.0,0.203002
0.01,0.0,20,79,0.0,-1.0,50.0,0.198001
0.01,0.0,20,80,0.0,-1.0,50.0,0.2015
0.01,0.0,20,81,0.0,-1.0,50.0,0.211499
0.01,0.0,20,82,0.55,-0.0525,30.675,0.1335
0.01,0.0,20,83,0.0,-1.0,50.0,0.2295
0.01,0.0,20,84,0.0,-1.0,50.0,0.193499
0.01,0.0,20,85,0.0,-1.0,50.0,0.198
0.01,0.0,20,86,0.33,-0.495,41.58,0.178
0.01,0.0,20,87,0.28,-0.4787,38.215,0.155
0.01,0.0,20,88,0.0,-1.0,50.0,0.193
0.01,0.0,20,89,0.0,-1.0,50.0,0.197499
0.01,0.0,20,90,0.0,-1.0,50.0,0.199501
0.01,0.0,20,91,0.0,-1.0,50.0,0.200999
0.01,0.0,20,92,0.0,-1.0,50.0,0.205499
0.01,0.0,20,93,0.0,-1.0,50.0,0.195503
0.01,0.0,20,94,0.0,-1.0,50.0,0.199001
0.01,0.0,20,95,0.0,-1.0,50.0,0.194498
0.01,0.0,20,96,0.0,-1.0,50.0,0.192002
0.01,0.0,20,97,0.0,-1.0,50.0,0.2025
0.01,0.0,20,98,0.0,-1.0,50.0,0.196998
0.01,0.0,20,99,0.0,-1.0,50.0,0.204501
0.01,0.0,100,0,0.0,-1.0,50.0,0.214499
0.01,0.0,100,1,0.0,-1.0,50.0,0.221501
0.01,0.0,100,2,0.48,-0.2354,36.25,0.173001
0.01,0.0,100,3,0.0,-1.0,50.0,0.222001
0.01,0.0,100,4,0.0,-1.0,50.0,0.218497
0.01,0.0,100,5,0.995,0.6562,17.935,0.095003
0.01,0.0,100,6,0.0,-1.0,50.0,0.218001
0.01,0.0,100,7,0.485,-0.1594,32.705,0.159
0.01,0.0,100,8,0.0,-1.0,50.0,0.227999
0.01,0.0,100,9,0.095,-0.8312,46.405,0.210999
0.01,0.0,100,10,0.0,-1.0,50.0,0.213501
0.01,0.0,100,11,0.0,-1.0,50.0,0.229503
0.01,0.0,100,12,0.0,-1.0,50.0,0.233497
0.01,0.0,100,13,0.0,-1.0,50.0,0.2295
0.01,0.0,100,14,0.0,-1.0,50.0,0.222001
0.01,0.0,100,15,0.0,-1.0,50.0,0.227999
0.01,0.0,100,16,0.0,-1.0,50.0,0.231999
0.01,0.0,100,17,0.0,-1.0,50.0,0.213501
0.01,0.0,100,18,0.0,-1.0,50.0,0.221999
0.01,0.0,100,19,1.0,0.7703,12.485,0.0725
0.01,0.0,100,20,0.0,-1.0,50.0,0.222501
0.01,0.0,100,21,0.0,-1.0,50.0,0.225999
0.01,0.0,100,22,0.9,0.4439,23.705,0.121501
0.01,0.0,100,23,0.96,0.5685,20.535,0.114498
0.01,0.0,100,24,0.0,-1.0,50.0,0.218003
0.01,0.0,100,25,0.98,0.633,18.33,0.098998
0.01,0.0,100,26,0.0,-1.0,50.0,0.2225
0.01,0.0,100,27,0.0,-1.0,50.0,0.296
0.01,0.0,100,28,0.0,-1.0,50.0,0.228
0.01,0.0,100,29,0.0,-1.0,50.0,0.222001
0.01,0.0,100,30,0.0,-1.0,50.0,0.220499
0.01,0.0,100,31,0.0,-1.0,50.0,0.224001
0.01,0.0,100,32,0.0,-1.0,50.0,0.216
0.01,0.0,100,33,0.0,-1.0,50.0,0.228498
0.01,0.0,100,34,0.0,-1.0,50.0,0.225001
0.01,0.0,100,35,0.0,-1.0,50.0,0.228001
0.01,0.0,100,36,0.16,-0.7092,43.62,0.205499
0.01,0.0,100,37,0.0,-1.0,50.0,0.225498
0.01,0.0,100,38,1.0,0.7676,12.62,0.080501
0.01,0.0,100,39,0.0,-1.0,50.0,0.22
0.01,0.0,100,40,0.0,-1.0,50.0,0.217501
0.01,0.0,100,41,0.0,-1.0,50.0,0.229499
0.01,0.0,100,42,0.0,-1.0,50.0,0.219502
0.01,0.0,100,43,0.0,-1.0,50.0,0.214997
0.01,0.0,100,44,0.0,-1.0,50.0,0.216001
0.01,0.0,100,45,0.0,-1.0,50.0,0.217999
0.01,0.0,100,46,0.0,-1.0,50.0,0.220503
0.01,0.0,100,47,0.0,-1.0,50.0,0.219501
0.01,0.0,100,48,0.0,-1.0,50.0,0.2135
0.01,0.0,100,49,0.0,-1.0,50.0,0.219001
0.01,0.0,100,50,0.0,-1.0,50.0,0.258999
0.01,0.0,100,51,0.0,-1.0,50.0,0.242
0.01,0.0,100,52,0.0,-1.0,50.0,0.262999
0.01,0.0,100,53,0.635,-0.0249,33.63,0.155001
0.01,0.0,100,54,1.0,0.7867,11.665,0.071501
0.01,0.0,100,55,0.0,-1.0,50.0,0.233999
0.01,0.0,100,56,0.0,-1.0,50.0,0.231
0.01,0.0,100,57,0.0,-1.0,50.0,0.223501
0.01,0.0,100,58,0.0,-1.0,50.0,0.222499
0.01,0.0,100,59,0.0,-1.0,50.0,0.220498
0.01,0.0,100,60,0.0,-1.0,50.0,0.225502
0.01,0.0,100,61,0.84,0.3118,27.25,0.141498
0.01,0.0,100,62,0.745,0.159,30.045,0.146001
0.01,0.0,100,63,0.0,-1.0,50.0,0.215502
0.01,0.0,100,64,0.0,-1.0,50.0,0.223998
0.01,0.0,100,65,0.0,-1.0,50.0,0.221
0.01,0.0,100,66,0.0,-1.0,50.0,0.215999
0.01,0.0,100,67,0.0,-1.0,50.0,0.232
0.01,0.0,100,68,0.0,-1.0,50.0,0.220609
0.01,0.0,100,69,0.0,-1.0,50.0,0.21889
0.01,0.0,100,70,0.0,-1.0,50.0,0.2225
0.01,0.0,100,71,0.0,-1.0,50.0,0.216001
0.01,0.0,100,72,0.0,-1.0,50.0,0.222001
0.01,0.0,100,73,0.0,-1.0,50.0,0.217999
0.01,0.0,100,74,0.0,-1.0,50.0,0.218501
0.01,0.0,100,75,0.0,-1.0,50.0,0.231998
0.01,0.0,100,76,0.0,-1.0,50.0,0.222501
0.01,0.0,100,77,0.0,-1.0,50.0,0.2185
0.01,0.0,100,78,0.0,-1.0,50.0,0.220502
0.01,0.0,100,79,0.915,0.4601,23.66,0.116497
0.01,0.0,100,80,0.0,-1.0,50.0,0.221002
0.01,0.0,100,81,0.0,-1.0,50.0,0.220998
0.01,0.0,100,82,0.0,-1.0,50.0,0.219001
0.01,0.0,100,83,0.0,-1.0,50.0,0.229001
0.01,0.0,100,84,0.995,0.7097,15.26,0.0965
0.01,0.0,100,85,0.0,-1.0,50.0,0.225001
0.01,0.0,100,86,0.0,-1.0,50.0,0.224998
0.01,0.0,100,87,0.0,-1.0,50.0,0.223
0.01,0.0,100,88,0.0,-1.0,50.0,0.228502
0.01,0.0,100,89,0.0,-1.0,50.0,0.2165
0.01,0.0,100,90,0.0,-1.0,50.0,0.224002
0.01,0.0,100,91,0.0,-1.0,50.0,0.210999
0.01,0.0,100,92,0.0,-1.0,50.0,0.215998
0.01,0.0,100,93,0.0,-1.0,50.0,0.2185
0.01,0.0,100,94,0.0,-1.0,50.0,0.217999
0.01,0.0,100,95,0.0,-1.0,50.0,0.215
0.01,0.0,100,96,0.0,-1.0,50.0,0.217002
0.01,0.0,100,97,0.0,-1.0,50.0,0.235498
0.01,0.0,100,98,0.0,-1.0,50.0,0.243501
0.01,0.0,100,99,0.0,-1.0,50.0,0.226499
0.01,0.0,500,0,0.0,-1.0,50.0,0.328501
0.01,0.0,500,1,0.0,-1.0,50.0,0.333502
0.01,0.0,500,2,0.0,-1.0,50.0,0.337497
0.01,0.0,500,3,0.0,-1.0,50.0,0.332499
0.01,0.0,500,4,0.0,-1.0,50.0,0.357499
0.01,0.0,500,5,0.0,-1.0,50.0,0.347503
0.01,0.0,500,6,0.0,-1.0,50.0,0.331997
0.01,0.0,500,7,0.0,-1.0,50.0,0.340001
0.01,0.0,500,8,0.0,-1.0,50.0,0.339
0.01,0.0,500,9,0.0,-1.0,50.0,0.322502
0.01,0.0,500,10,0.0,-1.0,50.0,0.341998
0.01,0.0,500,11,0.0,-1.0,50.0,0.339002
0.01,0.0,500,12,0.0,-1.0,50.0,0.324998
0.01,0.0,500,13,0.67,0.0073,33.805,0.2735
0.01,0.0,500,14,0.895,0.4271,24.29,0.237502
0.01,0.0,500,15,0.995,0.6727,17.11,0.215998
0.01,0.0,500,16,0.0,-1.0,50.0,0.336
0.01,0.0,500,17,0.0,-1.0,50.0,0.326097
0.01,0.0,500,18,0.0,-1.0,50.0,0.336405
0.01,0.0,500,19,0.0,-1.0,50.0,0.336001
0.01,0.0,500,20,0.0,-1.0,50.0,0.342998
0.01,0.0,500,21,0.0,-1.0,50.0,0.342001
0.01,0.0,500,22,0.0,-1.0,50.0,0.403998
0.01,0.0,500,23,0.26,-0.5344,39.98,0.292001
0.01,0.0,500,24,0.085,-0.8434,46.505,0.321501
0.01,0.0,500,25,0.0,-1.0,50.0,0.328999
0.01,0.0,500,26,0.0,-1.0,50.0,0.351002
0.01,0.0,500,27,0.0,-1.0,50.0,0.342497
0.01,0.0,500,28,0.0,-1.0,50.0,0.328001
0.01,0.0,500,29,0.0,-1.0,50.0,0.342489
0.01,0.0,500,30,0.0,-1.0,50.0,0.336501
0.01,0.0,500,31,0.0,-1.0,50.0,0.319
0.01,0.0,500,32,0.0,-1.0,50.0,0.333998
0.01,0.0,500,33,0.0,-1.0,50.0,0.333502
0.01,0.0,500,34,0.0,-1.0,50.0,0.327996
0.01,0.0,500,35,0.0,-1.0,50.0,0.350001
0.01,0.0,500,36,0.0,-1.0,50.0,0.334501
0.01,0.0,500,37,0.0,-1.0,50.0,0.332499
0.01,0.0,500,38,0.0,-1.0,50.0,0.342503
0.01,0.0,500,39,0.0,-1.0,50.0,0.327996
0.01,0.0,500,40,0.0,-1.0,50.0,0.332502
0.01,0.0,500,41,0.46,-0.1957,33.245,0.270998
0.01,0.0,500,42,0.0,-1.0,50.0,0.338501
0.01,0.0,500,43,0.0,-1.0,50.0,0.329
0.01,0.0,500,44,0.0,-1.0,50.0,0.338501
0.01,0.0,500,45,0.0,-1.0,50.0,0.345498
0.01,0.0,500,46,0.0,-1.0,50.0,0.319501
0.01,0.0,500,47,0.0,-1.0,50.0,0.330501
0.01,0.0,500,48,0.0,-1.0,50.0,0.333
0.01,0.0,500,49,0.0,-1.0,50.0,0.336
0.01,0.0,500,50,0.0,-1.0,50.0,0.396499
0.01,0.0,500,51,0.0,-1.0,50.0,0.390999
0.01,0.0,500,52,0.0,-1.0,50.0,0.356003
0.01,0.0,500,53,0.44,-0.2269,33.785,0.289997
0.01,0.0,500,54,0.91,0.4575,23.535,0.237001
0.01,0.0,500,55,0.0,-1.0,50.0,0.3405
0.01,0.0,500,56,0.0,-1.0,50.0,0.364499
0.01,0.0,500,57,0.0,-1.0,50.0,0.36
0.01,0.0,500,58,0.0,-1.0,50.0,0.3535
0.01,0.0,500,59,0.0,-1.0,50.0,0.391999
0.01,0.0,500,60,0.77,0.1826,30.14,0.288
0.01,0.0,500,61,0.0,-1.0,50.0,0.356001
0.01,0.0,500,62,0.0,-1.0,50.0,0.359535
0.01,0.0,500,63,1.0,0.7645,12.775,0.190464
0.01,0.0,500,64,0.0,-1.0,50.0,0.343001
0.01,0.0,500,65,0.0,-1.0,50.0,0.3435
0.01,0.0,500,66,0.0,-1.0,50.0,0.341499
0.01,0.0,500,67,0.0,-1.0,50.0,0.3415
0.01,0.0,500,68,0.0,-1.0,50.0,0.342499
0.01,0.0,500,69,0.0,-1.0,50.0,0.325001
0.01,0.0,500,70,0.0,-1.0,50.0,0.323998
0.01,0.0,500,71,0.0,-1.0,50.0,0.337001
0.01,0.0,500,72,0.0,-1.0,50.0,0.3285
0.01,0.0,500,73,0.0,-1.0,50.0,0.336999
0.01,0.0,500,74,0.0,-1.0,50.0,0.341002
0.01,0.0,500,75,0.0,-1.0,50.0,0.332
0.01,0.0,500,76,0.0,-1.0,50.0,0.3345
0.01,0.0,500,77,0.0,-1.0,50.0,0.329501
0.01,0.0,500,78,0.0,-1.0,50.0,0.334501
0.01,0.0,500,79,0.05,-0.9123,48.165,0.321997
0.01,0.0,500,80,0.0,-1.0,50.0,0.352502
0.01,0.0,500,81,0.99,0.7076,15.11,0.211001
0.01,0.0,500,82,0.0,-1.0,50.0,0.337999
0.01,0.0,500,83,0.0,-1.0,50.0,0.337
0.01,0.0,500,84,0.0,-1.0,50.0,0.3365
0.01,0.0,500,85,0.0,-1.0,50.0,0.323999
0.01,0.0,500,86,0.95,0.5209,22.405,0.235
0.01,0.0,500,87,0.0,-1.0,50.0,0.3275
0.01,0.0,500,88,0.0,-1.0,50.0,0.332
0.01,0.0,500,89,0.0,-1.0,50.0,0.339001
0.01,0.0,500,90,0.0,-1.0,50.0,0.396
0.01,0.0,500,91,0.0,-1.0,50.0,0.358
0.01,0.0,500,92,0.0,-1.0,50.0,0.337002
0.01,0.0,500,93,0.0,-1.0,50.0,0.357998
0.01,0.0,500,94,0.0,-1.0,50.0,0.341001
0.01,0.0,500,95,0.0,-1.0,50.0,0.389998
0.01,0.0,500,96,0.0,-1.0,50.0,0.354501
0.01,0.0,500,97,0.0,-1.0,50.0,0.344501
0.01,0.0,500,98,0.0,-1.0,50.0,0.340501
0.01,0.0,500,99,0.0,-1.0,50.0,0.337498
0.01,0.0,2000,0,0.0,-1.0,50.0,0.778002
0.01,0.0,2000,1,0.83,0.2854,28.06,0.669998
0.01,0.0,2000,2,0.46,-0.3239,39.655,0.729001
0.01,0.0,2000,3,0.0,-1.0,50.0,0.7595
0.01,0.0,2000,4,0.515,-0.174,34.965,0.709999
0.01,0.0,2000,5,0.0,-1.0,50.0,0.790503
0.01,0.0,2000,6,0.0,-1.0,50.0,0.759497
0.01,0.0,2000,7,0.0,-1.0,50.0,0.771502
0.01,0.0,2000,8,0.0,-1.0,50.0,0.768499
0.01,0.0,2000,9,0.24,-0.6213,43.305,0.776
0.01,0.0,2000,10,0.0,-1.0,50.0,0.763502
0.01,0.0,2000,11,0.0,-1.0,50.0,0.784504
0.01,0.0,2000,12,0.0,-1.0,50.0,0.795495
0.01,0.0,2000,13,0.175,-0.6949,43.67,0.7385
0.01,0.0,2000,14,0.0,-1.0,50.0,0.771002
0.01,0.0,2000,15,0.43,-0.3158,37.72,0.700997
0.01,0.0,2000,16,0.0,-1.0,50.0,0.766501
0.01,0.0,2000,17,0.37,-0.4367,40.705,0.7325
0.01,0.0,2000,18,0.465,-0.2953,38.48,0.746999
0.01,0.0,2000,19,0.0,-1.0,50.0,0.770003
0.01,0.0,2000,20,0.34,-0.4924,41.96,0.733997
0.01,0.0,2000,21,0.34,-0.4659,40.635,0.788501
0.01,0.0,2000,22,0.54,-0.221,38.59,0.788502
0.01,0.0,2000,23,0.0,-1.0,50.0,0.781496
0.01,0.0,2000,24,0.385,-0.3796,38.615,0.760001
0.01,0.0,2000,25,0.09,-0.8544,47.31,0.780001
0.01,0.0,2000,26,0.52,-0.1411,33.575,0.770999
0.01,0.0,2000,27,0.975,0.6246,18.495,0.655498
0.01,0.0,2000,28,0.0,-1.0,50.0,0.787
0.01,0.0,2000,29,0.0,-1.0,50.0,0.778001
0.01,0.0,2000,30,0.42,-0.3732,40.08,0.717999
0.01,0.0,2000,31,0.0,-1.0,50.0,0.807501
0.01,0.0,2000,32,0.47,-0.2831,38.125,0.742002
0.01,0.0,2000,33,0.0,-1.0,50.0,0.770498
0.01,0.0,2000,34,0.0,-1.0,50.0,0.781
0.01,0.0,2000,35,0.0,-1.0,50.0,0.779
0.01,0.0,2000,36,0.0,-1.0,50.0,0.761
0.01,0.0,2000,37,0.475,-0.2095,34.7,0.713
0.01,0.0,2000,38,0.97,0.6489,17.025,0.6315
0.01,0.0,2000,39,0.0,-1.0,50.0,0.7665
0.01,0.0,2000,40,0.325,-0.5088,42.015,0.736
0.01,0.0,2000,41,0.595,-0.0461,32.65,0.686499
0.01,0.0,2000,42,0.0,-1.0,50.0,0.759501
0.01,0.0,2000,43,0.275,-0.5919,43.62,0.753496
0.01,0.0,2000,44,0.0,-1.0,50.0,0.790501
0.01,0.0,2000,45,0.0,-1.0,50.0,0.791499
0.01,0.0,2000,46,0.0,-1.0,50.0,0.7935
0.01,0.0,2000,47,0.0,-1.0,50.0,0.767499
0.01,0.0,2000,48,0.0,-1.0,50.0,0.776501
0.01,0.0,2000,49,0.0,-1.0,50.0,0.782498
0.01,0.0,2000,50,0.0,-1.0,50.0,0.791501
0.01,0.0,2000,51,0.0,-1.0,50.0,0.788001
0.01,0.0,2000,52,0.19,-0.7046,44.92,0.750998
0.01,0.0,2000,53,0.35,-0.4885,42.275,0.756001
0.01,0.0,2000,54,0.0,-1.0,50.0,0.7665
0.01,0.0,2000,55,0.875,0.3463,27.31,0.677002
0.01,0.0,2000,56,0.255,-0.604,43.205,0.811
0.01,0.0,2000,57,0.075,-0.8748,47.565,0.791497
0.01,0.0,2000,58,0.0,-1.0,50.0,0.809001
0.01,0.0,2000,59,0.0,-1.0,50.0,0.7625
0.01,0.0,2000,60,0.0,-1.0,50.0,0.7665
0.01,0.0,2000,61,0.36,-0.4646,41.59,0.846499
0.01,0.0,2000,62,0.0,-1.0,50.0,0.792499
0.01,0.0,2000,63,0.4,-0.3879,39.795,0.7395
0.01,0.0,2000,64,0.56,-0.0921,33.165,0.725502
0.01,0.0,2000,65,0.0,-1.0,50.0,0.779499
0.01,0.0,2000,66,0.38,-0.3969,39.225,0.742501
0.01,0.0,2000,67,0.25,-0.5729,41.395,0.747999
0.01,0.0,2000,68,0.085,-0.8637,47.52,0.752001
0.01,0.0,2000,69,0.175,-0.7373,45.79,0.7575
0.01,0.0,2000,70,0.28,-0.579,43.23,0.7655
0.01,0.0,2000,71,0.0,-1.0,50.0,0.780499
0.01,0.0,2000,72,0.905,0.4614,23.085,0.683501
0.01,0.0,2000,73,0.13,-0.7915,46.205,0.7605
0.01,0.0,2000,74,0.445,-0.3038,37.885,0.736502
0.01,0.0,2000,75,0.0,-1.0,50.0,0.766498
0.01,0.0,2000,76,0.29,-0.5621,42.895,0.734499
0.01,0.0,2000,77,0.925,0.456,24.375,0.7195
0.01,0.0,2000,78,0.245,-0.6147,43.23,0.794002
0.01,0.0,2000,79,0.3,-0.5262,41.61,0.748001
0.01,0.0,2000,80,0.0,-1.0,50.0,0.778997
0.01,0.0,2000,81,0.065,-0.8882,47.725,0.783001
0.01,0.0,2000,82,0.0,-1.0,50.0,0.801
0.01,0.0,2000,83,0.4,-0.3894,39.87,0.7645
0.01,0.0,2000,84,0.0,-1.0,50.0,0.786998
0.01,0.0,2000,85,0.825,0.2931,27.42,0.678498
0.01,0.0,2000,86,0.575,-0.0885,33.75,0.7295
0.01,0.0,2000,87,0.475,-0.282,38.325,0.729
0.01,0.0,2000,88,0.0,-1.0,50.0,0.779
0.01,0.0,2000,89,0.145,-0.779,46.345,0.809001
0.01,0.0,2000,90,0.595,-0.0584,33.265,0.730001
0.01,0.0,2000,91,0.48,-0.2691,37.935,0.754497
0.01,0.0,2000,92,0.0,-1.0,50.0,0.800502
0.01,0.0,2000,93,0.0,-1.0,50.0,0.797999
0.01,0.0,2000,94,0.56,-0.1843,37.775,0.717499
0.01,0.0,2000,95,0.0,-1.0,50.0,0.79
0.01,0.0,2000,96,0.385,-0.3832,38.795,0.7225
0.01,0.0,2000,97,0.38,-0.4108,39.92,0.732998
0.01,0.0,2000,98,0.04,-0.9311,48.595,0.783
0.01,0.0,2000,99,0.5,-0.1546,33.23,0.715001
0.01,0.5,20,0,0.0,-1.0,50.0,0.197503
0.01,0.5,20,1,0.0,-1.0,50.0,0.195997
0.01,0.5,20,2,0.0,-1.0,50.0,0.2505
0.01,0.5,20,3,0.0,-1.0,50.0,0.216001
0.01,0.5,20,4,0.0,-1.0,50.0,0.237001
0.01,0.5,20,5,0.0,-1.0,50.0,0.209999
0.01,0.5,20,6,0.0,-1.0,50.0,0.207999
0.01,0.5,20,7,0.0,-1.0,50.0,0.225499
0.01,0.5,20,8,0.0,-1.0,50.0,0.203501
0.01,0.5,20,9,0.0,-1.0,50.0,0.193501
0.01,0.5,20,10,0.0,-1.0,50.0,0.1945
0.01,0.5,20,11,0.0,-1.0,50.0,0.225
0.01,0.5,20,12,0.0,-1.0,50.0,0.217
0.01,0.5,20,13,0.0,-1.0,50.0,0.207
0.01,0.5,20,14,0.0,-1.0,50.0,0.199002
0.01,0.5,20,15,0.0,-1.0,50.0,0.201499
0.01,0.5,20,16,0.0,-1.0,50.0,0.204499
0.01,0.5,20,17,0.0,-1.0,50.0,0.204583
0.01,0.5,20,18,0.0,-1.0,50.0,0.209919
0.01,0.5,20,19,0.0,-1.0,50.0,0.1995
0.01,0.5,20,20,0.0,-1.0,50.0,0.196999
0.01,0.5,20,21,0.0,-1.0,50.0,0.202501
0.01,0.5,20,22,0.0,-1.0,50.0,0.201
0.01,0.5,20,23,0.0,-1.0,50.0,0.200001
0.01,0.5,20,24,0.0,-1.0,50.0,0.189
0.01,0.5,20,25,0.0,-1.0,50.0,0.194998
0.01,0.5,20,26,0.0,-1.0,50.0,0.201501
0.01,0.5,20,27,0.0,-1.0,50.0,0.197503
0.01,0.5,20,28,0.0,-1.0,50.0,0.201499
0.01,0.5,20,29,0.0,-1.0,50.0,0.198499
0.01,0.5,20,30,0.0,-1.0,50.0,0.198
0.01,0.5,20,31,0.0,-1.0,50.0,0.196499
0.01,0.5,20,32,0.0,-1.0,50.0,0.196501
0.01,0.5,20,33,0.0,-1.0,50.0,0.205
0.01,0.5,20,34,0.0,-1.0,50.0,0.195999
0.01,0.5,20,35,0.0,-1.0,50.0,0.191
0.01,0.5,20,36,0.0,-1.0,50.0,0.194
0.01,0.5,20,37,0.0,-1.0,50.0,0.2005
0.01,0.5,20,38,0.0,-1.0,50.0,0.207002
0.01,0.5,20,39,0.0,-1.0,50.0,0.198498
0.01,0.5,20,40,1.0,0.9,6.0,0.029001
0.01,0.5,20,41,0.0,-1.0,50.0,0.202999
0.01,0.5,20,42,0.0,-1.0,50.0,0.201
0.01,0.5,20,43,0.0,-1.0,50.0,0.2045
0.01,0.5,20,44,0.0,-1.0,50.0,0.201
0.01,0.5,20,45,0.0,-1.0,50.0,0.192499
0.01,0.5,20,46,0.0,-1.0,50.0,0.1915
0.01,0.5,20,47,0.0,-1.0,50.0,0.198999
0.01,0.5,20,48,0.0,-1.0,50.0,0.2015
0.01,0.5,20,49,0.0,-1.0,50.0,0.196001
0.01,0.5,20,50,0.0,-1.0,50.0,0.195499
0.01,0.5,20,51,0.0,-1.0,50.0,0.196003
0.01,0.5,20,52,0.0,-1.0,50.0,0.199498
0.01,0.5,20,53,1.0,0.9,6.0,0.028501
0.01,0.5,20,54,0.0,-1.0,50.0,0.192998
0.01,0.5,20,55,0.0,-1.0,50.0,0.199499
0.01,0.5,20,56,0.0,-1.0,50.0,0.204501
0.01,0.5,20,57,0.0,-1.0,50.0,0.194999
0.01,0.5,20,58,0.0,-1.0,50.0,0.202501
0.01,0.5,20,59,0.0,-1.0,50.0,0.201002
0.01,0.5,20,60,0.0,-1.0,50.0,0.200998
0.01,0.5,20,61,0.0,-1.0,50.0,0.191536
0.01,0.5,20,62,0.0,-1.0,50.0,0.197463
0.01,0.5,20,63,0.0,-1.0,50.0,0.198001
0.01,0.5,20,64,0.0,-1.0,50.0,0.199501
0.01,0.5,20,65,0.0,-1.0,50.0,0.199
0.01,0.5,20,66,0.0,-1.0,50.0,0.204499
0.01,0.5,20,67,0.0,-1.0,50.0,0.201999
0.01,0.5,20,68,0.0,-1.0,50.0,0.195001
0.01,0.5,20,69,0.0,-1.0,50.0,0.207
0.01,0.5,20,70,0.0,-1.0,50.0,0.200999
0.01,0.5,20,71,0.0,-1.0,50.0,0.1955
0.01,0.5,20,72,0.0,-1.0,50.0,0.196003
0.01,0.5,20,73,0.0,-1.0,50.0,0.198498
0.01,0.5,20,74,0.0,-1.0,50.0,0.196501
0.01,0.5,20,75,1.0,0.9,6.0,0.026999
0.01,0.5,20,76,0.0,-1.0,50.0,0.199501
0.01,0.5,20,77,0.0,-1.0,50.0,0.197
0.01,0.5,20,78,1.0,0.9,6.0,0.0285
0.01,0.5,20,79,0.0,-1.0,50.0,0.193998
0.01,0.5,20,80,0.0,-1.0,50.0,0.209001
0.01,0.5,20,81,0.0,-1.0,50.0,0.204
0.01,0.5,20,82,0.0,-1.0,50.0,0.196502
0.01,0.5,20,83,0.0,-1.0,50.0,0.193499
0.01,0.5,20,84,0.0,-1.0,50.0,0.203001
0.01,0.5,20,85,0.0,-1.0,50.0,0.2
0.01,0.5,20,86,0.0,-1.0,50.0,0.2115
0.01,0.5,20,87,0.0,-1.0,50.0,0.216
0.01,0.5,20,88,0.0,-1.0,50.0,0.200999
0.01,0.5,20,89,0.0,-1.0,50.0,0.249502
0.01,0.5,20,90,0.0,-1.0,50.0,0.212998
0.01,0.5,20,91,0.0,-1.0,50.0,0.198
0.01,0.5,20,92,0.0,-1.0,50.0,0.210501
0.01,0.5,20,93,0.0,-1.0,50.0,0.223
0.01,0.5,20,94,0.0,-1.0,50.0,0.2065
0.01,0.5,20,95,0.0,-1.0,50.0,0.207999
0.01,0.5,20,96,0.0,-1.0,50.0,0.208001
0.01,0.5,20,97,0.0,-1.0,50.0,0.203
0.01,0.5,20,98,1.0,0.9,6.0,0.0335
0.01,0.5,20,99,0.0,-1.0,50.0,0.238501
0.01,0.5,100,0,0.0,-1.0,50.0,0.261497
0.01,0.5,100,1,0.0,-1.0,50.0,0.236002
0.01,0.5,100,2,0.0,-1.0,50.0,0.249
0.01,0.5,100,3,0.0,-1.0,50.0,0.217499
0.01,0.5,100,4,0.0,-1.0,50.0,0.236501
0.01,0.5,100,5,0.0,-1.0,50.0,0.217499
0.01,0.5,100,6,0.0,-1.0,50.0,0.218
0.01,0.5,100,7,0.0,-1.0,50.0,0.2175
0.01,0.5,100,8,0.0,-1.0,50.0,0.2195
0.01,0.5,100,9,0.0,-1.0,50.0,0.234001
0.01,0.5,100,10,0.0,-1.0,50.0,0.230998
0.01,0.5,100,11,0.0,-1.0,50.0,0.2085
0.01,0.5,100,12,0.0,-1.0,50.0,0.219999
0.01,0.5,100,13,0.0,-1.0,50.0,0.242501
0.01,0.5,100,14,0.0,-1.0,50.0,0.229498
0.01,0.5,100,15,0.0,-1.0,50.0,0.226001
0.01,0.5,100,16,0.0,-1.0,50.0,0.217
0.01,0.5,100,17,0.0,-1.0,50.0,0.2125
0.01,0.5,100,18,0.0,-1.0,50.0,0.216998
0.01,0.5,100,19,0.0,-1.0,50.0,0.2225
0.01,0.5,100,20,0.0,-1.0,50.0,0.2115
0.01,0.5,100,21,0.0,-1.0,50.0,0.2125
0.01,0.5,100,22,0.0,-1.0,50.0,0.215499
0.01,0.5,100,23,0.0,-1.0,50.0,0.219
0.01,0.5,100,24,0.0,-1.0,50.0,0.212001
0.01,0.5,100,25,0.0,-1.0,50.0,0.225002
0.01,0.5,100,26,0.0,-1.0,50.0,0.218002
0.01,0.5,100,27,1.0,0.9,6.0,0.042001
0.01,0.5,100,28,0.0,-1.0,50.0,0.219998
0.01,0.5,100,29,0.0,-1.0,50.0,0.230003
0.01,0.5,100,30,0.0,-1.0,50.0,0.215497
0.01,0.5,100,31,0.0,-1.0,50.0,0.205001
0.01,0.5,100,32,0.0,-1.0,50.0,0.212999
0.01,0.5,100,33,0.0,-1.0,50.0,0.214503
0.01,0.5,100,34,0.0,-1.0,50.0,0.219998
0.01,0.5,100,35,1.0,0.9,6.0,0.049502
0.01,0.5,100,36,0.0,-1.0,50.0,0.208498
0.01,0.5,100,37,0.0,-1.0,50.0,0.2145
0.01,0.5,100,38,0.0,-1.0,50.0,0.222001
0.01,0.5,100,39,0.0,-1.0,50.0,0.2215
0.01,0.5,100,40,0.0,-1.0,50.0,0.219499
0.01,0.5,100,41,1.0,0.9,6.0,0.0455
0.01,0.5,100,42,0.0,-1.0,50.0,0.208999
0.01,0.5,100,43,0.0,-1.0,50.0,0.221001
0.01,0.5,100,44,0.0,-1.0,50.0,0.214002
0.01,0.5,100,45,0.0,-1.0,50.0,0.219499
0.01,0.5,100,46,0.0,-1.0,50.0,0.215998
0.01,0.5,100,47,0.0,-1.0,50.0,0.211501
0.01,0.5,100,48,0.0,-1.0,50.0,0.224501
0.01,0.5,100,49,0.0,-1.0,50.0,0.224499
0.01,0.5,100,50,0.0,-1.0,50.0,0.217001
0.01,0.5,100,51,0.0,-1.0,50.0,0.239499
0.01,0.5,100,52,0.0,-1.0,50.0,0.250499
0.01,0.5,100,53,0.0,-1.0,50.0,0.2485
0.01,0.5,100,54,0.0,-1.0,50.0,0.249001
0.01,0.5,100,55,0.0,-1.0,50.0,0.215999
0.01,0.5,100,56,0.0,-1.0,50.0,0.239002
0.01,0.5,100,57,0.0,-1.0,50.0,0.228999
0.01,0.5,100,58,0.0,-1.0,50.0,0.228499
0.01,0.5,100,59,0.0,-1.0,50.0,0.2135
0.01,0.5,100,60,0.0,-1.0,50.0,0.225502
0.01,0.5,100,61,0.0,-1.0,50.0,0.219498
0.01,0.5,100,62,0.0,-1.0,50.0,0.219002
0.01,0.5,100,63,0.0,-1.0,50.0,0.22811
0.01,0.5,100,64,0.0,-1.0,50.0,0.222889
0.01,0.5,100,65,0.0,-1.0,50.0,0.225999
0.01,0.5,100,66,0.0,-1.0,50.0,0.221
0.01,0.5,100,67,0.0,-1.0,50.0,0.226001
0.01,0.5,100,68,0.0,-1.0,50.0,0.236001
0.01,0.5,100,69,0.0,-1.0,50.0,0.217999
0.01,0.5,100,70,0.0,-1.0,50.0,0.221
0.01,0.5,100,71,1.0,0.9,6.0,0.047499
0.01,0.5,100,72,0.0,-1.0,50.0,0.2215
0.01,0.5,100,73,0.0,-1.0,50.0,0.212999
0.01,0.5,100,74,0.0,-1.0,50.0,0.213002
0.01,0.5,100,75,0.0,-1.0,50.0,0.214498
0.01,0.5,100,76,0.0,-1.0,50.0,0.2205
0.01,0.5,100,77,0.0,-1.0,50.0,0.217
0.01,0.5,100,78,0.0,-1.0,50.0,0.218502
0.01,0.5,100,79,0.0,-1.0,50.0,0.220998
0.01,0.5,100,80,0.0,-1.0,50.0,0.218502
0.01,0.5,100,81,0.0,-1.0,50.0,0.218998
0.01,0.5,100,82,0.0,-1.0,50.0,0.213998
0.01,0.5,100,83,0.0,-1.0,50.0,0.2145
0.01,0.5,100,84,0.0,-1.0,50.0,0.216502
0.01,0.5,100,85,0.0,-1.0,50.0,0.214998
0.01,0.5,100,86,0.0,-1.0,50.0,0.231
0.01,0.5,100,87,0.0,-1.0,50.0,0.224499
0.01,0.5,100,88,0.0,-1.0,50.0,0.2185
0.01,0.5,100,89,1.0,0.9,6.0,0.045
0.01,0.5,100,90,0.0,-1.0,50.0,0.221998
0.01,0.5,100,91,0.0,-1.0,50.0,0.2155
0.01,0.5,100,92,0.0,-1.0,50.0,0.2145
0.01,0.5,100,93,0.0,-1.0,50.0,0.212498
0.01,0.5,100,94,0.0,-1.0,50.0,0.211502
0.01,0.5,100,95,0.0,-1.0,50.0,0.223499
0.01,0.5,100,96,0.0,-1.0,50.0,0.206999
0.01,0.5,100,97,0.0,-1.0,50.0,0.215001
0.01,0.5,100,98,0.0,-1.0,50.0,0.234
0.01,0.5,100,99,0.0,-1.0,50.0,0.225499
0.01,0.5,500,0,0.0,-1.0,50.0,0.278001
0.01,0.5,500,1,1.0,0.9,6.0,0.090998
0.01,0.5,500,2,0.0,-1.0,50.0,0.259501
0.01,0.5,500,3,0.0,-1.0,50.0,0.275501
0.01,0.5,500,4,0.0,-1.0,50.0,0.266
0.01,0.5,500,5,1.0,0.9,6.0,0.088
0.01,0.5,500,6,0.0,-1.0,50.0,0.272502
0.01,0.5,500,7,0.0,-1.0,50.0,0.268497
0.01,0.5,500,8,0.0,-1.0,50.0,0.266038
0.01,0.5,500,9,0.0,-1.0,50.0,0.286963
0.01,0.5,500,10,0.0,-1.0,50.0,0.273
0.01,0.5,500,11,0.0,-1.0,50.0,0.271998
0.01,0.5,500,12,1.0,0.9,6.0,0.093501
0.01,0.5,500,13,0.0,-1.0,50.0,0.261501
0.01,0.5,500,14,1.0,0.9,6.0,0.093001
0.01,0.5,500,15,0.0,-1.0,50.0,0.262
0.01,0.5,500,16,1.0,0.9,6.0,0.0855
0.01,0.5,500,17,0.0,-1.0,50.0,0.270499
0.01,0.5,500,18,0.0,-1.0,50.0,0.329
0.01,0.5,500,19,0.0,-1.0,50.0,0.2725
0.01,0.5,500,20,1.0,0.9,6.0,0.089502
0.01,0.5,500,21,1.0,0.9,6.0,0.092499
0.01,0.5,500,22,0.0,-1.0,50.0,0.265501
0.01,0.5,500,23,0.0,-1.0,50.0,0.264999
0.01,0.5,500,24,0.0,-1.0,50.0,0.255999
0.01,0.5,500,25,0.0,-1.0,50.0,0.262502
0.01,0.5,500,26,0.0,-1.0,50.0,0.264501
0.01,0.5,500,27,0.0,-1.0,50.0,0.261497
0.01,0.5,500,28,0.0,-1.0,50.0,0.251502
0.01,0.5,500,29,1.0,0.9,6.0,0.089499
0.01,0.5,500,30,1.0,0.856,8.2,0.0995
0.01,0.5,500,31,0.0,-1.0,50.0,0.262501
0.01,0.5,500,32,0.0,-1.0,50.0,0.271001
0.01,0.5,500,33,0.0,-1.0,50.0,0.272
0.01,0.5,500,34,0.0,-1.0,50.0,0.263499
0.01,0.5,500,35,0.0,-1.0,50.0,0.265001
0.01,0.5,500,36,1.0,0.9,6.0,0.0925
0.01,0.5,500,37,0.0,-1.0,50.0,0.266001
0.01,0.5,500,38,0.0,-1.0,50.0,0.2595
0.01,0.5,500,39,0.0,-1.0,50.0,0.262501
0.01,0.5,500,40,1.0,0.9,6.0,0.092
0.01,0.5,500,41,0.0,-1.0,50.0,0.263999
0.01,0.5,500,42,1.0,0.9,6.0,0.0905
0.01,0.5,500,43,0.0,-1.0,50.0,0.261497
0.01,0.5,500,44,0.0,-1.0,50.0,0.260501
0.01,0.5,500,45,0.0,-1.0,50.0,0.263001
0.01,0.5,500,46,1.0,0.9,6.0,0.087998
0.01,0.5,500,47,1.0,0.9,6.0,0.091502
0.01,0.5,500,48,0.0,-1.0,50.0,0.2625
0.01,0.5,500,49,0.0,-1.0,50.0,0.2605
0.01,0.5,500,50,0.0,-1.0,50.0,0.2665
0.01,0.5,500,51,0.0,-1.0,50.0,0.255499
0.01,0.5,500,52,0.0,-1.0,50.0,0.259501
0.01,0.5,500,53,1.0,0.9,6.0,0.089499
0.01,0.5,500,54,1.0,0.9,6.0,0.086501
0.01,0.5,500,55,0.0,-1.0,50.0,0.256
0.01,0.5,500,56,0.0,-1.0,50.0,0.260502
0.01,0.5,500,57,0.0,-1.0,50.0,0.268499
0.01,0.5,500,58,0.0,-1.0,50.0,0.258501
0.01,0.5,500,59,0.0,-1.0,50.0,0.266501
0.01,0.5,500,60,1.0,0.9,6.0,0.088499
0.01,0.5,500,61,0.0,-1.0,50.0,0.251999
0.01,0.5,500,62,0.0,-1.0,50.0,0.256001
0.01,0.5,500,63,0.0,-1.0,50.0,0.260501
0.01,0.5,500,64,0.0,-1.0,50.0,0.2625
0.01,0.5,500,65,0.0,-1.0,50.0,0.260998
0.01,0.5,500,66,0.0,-1.0,50.0,0.261001
0.01,0.5,500,67,0.0,-1.0,50.0,0.270501
0.01,0.5,500,68,0.0,-1.0,50.0,0.278001
0.01,0.5,500,69,0.0,-1.0,50.0,0.269499
0.01,0.5,500,70,0.0,-1.0,50.0,0.299998
0.01,0.5,500,71,1.0,0.9,6.0,0.100502
0.01,0.5,500,72,1.0,0.9,6.0,0.102497
0.01,0.5,500,73,0.0,-1.0,50.0,0.263
0.01,0.5,500,74,0.0,-1.0,50.0,0.265501
0.01,0.5,500,75,0.0,-1.0,50.0,0.270502
0.01,0.5,500,76,1.0,0.9,6.0,0.09
0.01,0.5,500,77,0.0,-1.0,50.0,0.261998
0.01,0.5,500,78,1.0,0.9,6.0,0.087499
0.01,0.5,500,79,0.0,-1.0,50.0,0.279501
0.01,0.5,500,80,0.0,-1.0,50.0,0.270499
0.01,0.5,500,81,0.0,-1.0,50.0,0.269501
0.01,0.5,500,82,0.0,-1.0,50.0,0.267502
0.01,0.5,500,83,1.0,0.9,6.0,0.091002
0.01,0.5,500,84,0.0,-1.0,50.0,0.267996
0.01,0.5,500,85,1.0,0.9,6.0,0.086999
0.01,0.5,500,86,0.0,-1.0,50.0,0.267
0.01,0.5,500,87,0.0,-1.0,50.0,0.266
0.01,0.5,500,88,0.0,-1.0,50.0,0.267003
0.01,0.5,500,89,0.0,-1.0,50.0,0.306997
0.01,0.5,500,90,0.0,-1.0,50.0,0.299502
0.01,0.5,500,91,0.0,-1.0,50.0,0.265002
0.01,0.5,500,92,0.0,-1.0,50.0,0.272498
0.01,0.5,500,93,0.0,-1.0,50.0,0.273502
0.01,0.5,500,94,0.0,-1.0,50.0,0.259498
0.01,0.5,500,95,1.0,0.9,6.0,0.087999
0.01,0.5,500,96,0.0,-1.0,50.0,0.258001
0.01,0.5,500,97,0.0,-1.0,50.0,0.258003
0.01,0.5,500,98,1.0,0.9,6.0,0.092996
0.01,0.5,500,99,1.0,0.9,6.0,0.089499
0.01,0.5,2000,0,1.0,0.9,6.0,0.217501
0.01,0.5,2000,1,1.0,0.9,6.0,0.225502
0.01,0.5,2000,2,1.0,0.9,6.0,0.2175
0.01,0.5,2000,3,1.0,0.9,6.0,0.223
0.01,0.5,2000,4,1.0,0.9,6.0,0.221999
0.01,0.5,2000,5,1.0,0.9,6.0,0.213501
0.01,0.5,2000,6,1.0,0.9,6.0,0.22
0.01,0.5,2000,7,1.0,0.9,6.0,0.2245
0.01,0.5,2000,8,1.0,0.9,6.0,0.233
0.01,0.5,2000,9,1.0,0.9,6.0,0.2095
0.01,0.5,2000,10,1.0,0.9,6.0,0.219
0.01,0.5,2000,11,1.0,0.9,6.0,0.222001
0.01,0.5,2000,12,1.0,0.9,6.0,0.220999
0.01,0.5,2000,13,1.0,0.9,6.0,0.2225
0.01,0.5,2000,14,1.0,0.9,6.0,0.2245
0.01,0.5,2000,15,1.0,0.9,6.0,0.2205
0.01,0.5,2000,16,1.0,0.9,6.0,0.218
0.01,0.5,2000,17,1.0,0.9,6.0,0.225003
0.01,0.5,2000,18,1.0,0.9,6.0,0.219498
0.01,0.5,2000,19,1.0,0.9,6.0,0.2235
0.01,0.5,2000,20,1.0,0.9,6.0,0.205498
0.01,0.5,2000,21,1.0,0.9,6.0,0.236
0.01,0.5,2000,22,1.0,0.9,6.0,0.217
0.01,0.5,2000,23,1.0,0.9,6.0,0.234503
0.01,0.5,2000,24,1.0,0.9,6.0,0.226497
0.01,0.5,2000,25,1.0,0.9,6.0,0.228499
0.01,0.5,2000,26,1.0,0.9,6.0,0.247
0.01,0.5,2000,27,1.0,0.9,6.0,0.2125
0.01,0.5,2000,28,1.0,0.9,6.0,0.233498
0.01,0.5,2000,29,1.0,0.9,6.0,0.212002
0.01,0.5,2000,30,1.0,0.9,6.0,0.228499
0.01,0.5,2000,31,1.0,0.9,6.0,0.224
0.01,0.5,2000,32,1.0,0.9,6.0,0.204
0.01,0.5,2000,33,1.0,0.9,6.0,0.227002
0.01,0.5,2000,34,1.0,0.9,6.0,0.217497
0.01,0.5,2000,35,1.0,0.9,6.0,0.234499
0.01,0.5,2000,36,1.0,0.9,6.0,0.213502
0.01,0.5,2000,37,1.0,0.9,6.0,0.216002
0.01,0.5,2000,38,1.0,0.9,6.0,0.221497
0.01,0.5,2000,39,1.0,0.9,6.0,0.222999
0.01,0.5,2000,40,1.0,0.9,6.0,0.225502
0.01,0.5,2000,41,1.0,0.9,6.0,0.232499
0.01,0.5,2000,42,1.0,0.9,6.0,0.241499
0.01,0.5,2000,43,1.0,0.9,6.0,0.2635
0.01,0.5,2000,44,1.0,0.9,6.0,0.226
0.01,0.5,2000,45,1.0,0.9,6.0,0.224
0.01,0.5,2000,46,1.0,0.9,6.0,0.239003
0.01,0.5,2000,47,1.0,0.9,6.0,0.214497
0.01,0.5,2000,48,1.0,0.9,6.0,0.239501
0.01,0.5,2000,49,1.0,0.9,6.0,0.215999
0.01,0.5,2000,50,1.0,0.9,6.0,0.299502
0.01,0.5,2000,51,1.0,0.9,6.0,0.241501
0.01,0.5,2000,52,1.0,0.9,6.0,0.274543
0.01,0.5,2000,53,1.0,0.9,6.0,0.223456
0.01,0.5,2000,54,1.0,0.9,6.0,0.234501
0.01,0.5,2000,55,1.0,0.9,6.0,0.235501
0.01,0.5,2000,56,1.0,0.9,6.0,0.214499
0.01,0.5,2000,57,1.0,0.9,6.0,0.2195
0.01,0.5,2000,58,1.0,0.9,6.0,0.2145
0.01,0.5,2000,59,1.0,0.9,6.0,0.2225
0.01,0.5,2000,60,1.0,0.9,6.0,0.218999
0.01,0.5,2000,61,1.0,0.9,6.0,0.224501
0.01,0.5,2000,62,1.0,0.9,6.0,0.223499
0.01,0.5,2000,63,1.0,0.9,6.0,0.219
0.01,0.5,2000,64,1.0,0.9,6.0,0.21
0.01,0.5,2000,65,1.0,0.9,6.0,0.216002
0.01,0.5,2000,66,1.0,0.9,6.0,0.222498
0.01,0.5,2000,67,1.0,0.9,6.0,0.215999
0.01,0.5,2000,68,1.0,0.9,6.0,0.226003
0.01,0.5,2000,69,1.0,0.9,6.0,0.216998
0.01,0.5,2000,70,1.0,0.9,6.0,0.246499
0.01,0.5,2000,71,1.0,0.9,6.0,0.217501
0.01,0.5,2000,72,1.0,0.9,6.0,0.227
0.01,0.5,2000,73,1.0,0.9,6.0,0.221499
0.01,0.5,2000,74,1.0,0.9,6.0,0.213001
0.01,0.5,2000,75,1.0,0.9,6.0,0.235502
0.01,0.5,2000,76,1.0,0.9,6.0,0.213499
0.01,0.5,2000,77,1.0,0.9,6.0,0.218498
0.01,0.5,2000,78,1.0,0.9,6.0,0.22561
0.01,0.5,2000,79,1.0,0.9,6.0,0.22639
0.01,0.5,2000,80,1.0,0.9,6.0,0.2185
0.01,0.5,2000,81,1.0,0.9,6.0,0.2125
0.01,0.5,2000,82,1.0,0.9,6.0,0.2135
0.01,0.5,2000,83,1.0,0.9,6.0,0.2135
0.01,0.5,2000,84,1.0,0.9,6.0,0.224002
0.01,0.5,2000,85,1.0,0.9,6.0,0.226499
0.01,0.5,2000,86,1.0,0.9,6.0,0.219999
0.01,0.5,2000,87,1.0,0.9,6.0,0.220002
0.01,0.5,2000,88,1.0,0.9,6.0,0.211498
0.01,0.5,2000,89,1.0,0.9,6.0,0.22
0.01,0.5,2000,90,1.0,0.9,6.0,0.234999
0.01,0.5,2000,91,1.0,0.9,6.0,0.222002
0.01,0.5,2000,92,1.0,0.9,6.0,0.226999
0.01,0.5,2000,93,1.0,0.9,6.0,0.232499
0.01,0.5,2000,94,1.0,0.9,6.0,0.219517
0.01,0.5,2000,95,1.0,0.9,6.0,0.222981
0.01,0.5,2000,96,1.0,0.9,6.0,0.217
0.01,0.5,2000,97,1.0,0.9,6.0,0.228001
0.01,0.5,2000,98,1.0,0.9,6.0,0.232499
0.01,0.5,2000,99,1.0,0.9,6.0,0.228999
0.01,0.8,20,0,0.0,-1.0,50.0,0.234501
0.01,0.8,20,1,0.0,-1.0,50.0,0.229499
0.01,0.8,20,2,0.0,-1.0,50.0,0.234001
0.01,0.8,20,3,0.0,-1.0,50.0,0.225998
0.01,0.8,20,4,0.0,-1.0,50.0,0.208001
0.01,0.8,20,5,0.0,-1.0,50.0,0.199501
0.01,0.8,20,6,0.0,-1.0,50.0,0.207498
0.01,0.8,20,7,1.0,0.9,6.0,0.028502
0.01,0.8,20,8,0.0,-1.0,50.0,0.2
0.01,0.8,20,9,0.0,-1.0,50.0,0.206
0.01,0.8,20,10,0.0,-1.0,50.0,0.203001
0.01,0.8,20,11,0.0,-1.0,50.0,0.203998
0.01,0.8,20,12,0.0,-1.0,50.0,0.205999
0.01,0.8,20,13,0.0,-1.0,50.0,0.211
0.01,0.8,20,14,0.0,-1.0,50.0,0.214001
0.01,0.8,20,15,0.0,-1.0,50.0,0.204
0.01,0.8,20,16,0.0,-1.0,50.0,0.204002
0.01,0.8,20,17,0.0,-1.0,50.0,0.227998
0.01,0.8,20,18,0.0,-1.0,50.0,0.1995
0.01,0.8,20,19,0.0,-1.0,50.0,0.204501
0.01,0.8,20,20,0.0,-1.0,50.0,0.209503
0.01,0.8,20,21,0.0,-1.0,50.0,0.197997
0.01,0.8,20,22,0.0,-1.0,50.0,0.213
0.01,0.8,20,23,0.0,-1.0,50.0,0.199502
0.01,0.8,20,24,0.0,-1.0,50.0,0.217998
0.01,0.8,20,25,0.0,-1.0,50.0,0.2415
0.01,0.8,20,26,0.0,-1.0,50.0,0.234001
0.01,0.8,20,27,0.0,-1.0,50.0,0.227999
0.01,0.8,20,28,0.0,-1.0,50.0,0.193501
0.01,0.8,20,29,0.0,-1.0,50.0,0.203002
0.01,0.8,20,30,1.0,0.9,6.0,0.031997
0.01,0.8,20,31,1.0,0.9,6.0,0.029502
0.01,0.8,20,32,0.0,-1.0,50.0,0.205998
0.01,0.8,20,33,0.0,-1.0,50.0,0.198502
0.01,0.8,20,34,0.0,-1.0,50.0,0.206498
0.01,0.8,20,35,1.0,0.9,6.0,0.028001
0.01,0.8,20,36,0.0,-1.0,50.0,0.196999
0.01,0.8,20,37,0.0,-1.0,50.0,0.203502
0.01,0.8,20,38,0.0,-1.0,50.0,0.217499
0.01,0.8,20,39,0.0,-1.0,50.0,0.199499
0.01,0.8,20,40,0.0,-1.0,50.0,0.207
0.01,0.8,20,41,0.0,-1.0,50.0,0.2045
0.01,0.8,20,42,0.0,-1.0,50.0,0.196499
0.01,0.8,20,43,0.0,-1.0,50.0,0.209
0.01,0.8,20,44,0.0,-1.0,50.0,0.204501
0.01,0.8,20,45,0.0,-1.0,50.0,0.193001
0.01,0.8,20,46,0.0,-1.0,50.0,0.196999
0.01,0.8,20,47,0.0,-1.0,50.0,0.197
0.01,0.8,20,48,0.0,-1.0,50.0,0.215003
0.01,0.8,20,49,0.0,-1.0,50.0,0.201998
0.01,0.8,20,50,1.0,0.9,6.0,0.029502
0.01,0.8,20,51,0.0,-1.0,50.0,0.196497
0.01,0.8,20,52,0.0,-1.0,50.0,0.203501
0.01,0.8,20,53,1.0,0.9,6.0,0.031
0.01,0.8,20,54,0.0,-1.0,50.0,0.202999
0.01,0.8,20,55,0.0,-1.0,50.0,0.201499
0.01,0.8,20,56,0.0,-1.0,50.0,0.206003
0.01,0.8,20,57,0.0,-1.0,50.0,0.198997
0.01,0.8,20,58,0.0,-1.0,50.0,0.199003
0.01,0.8,20,59,0.0,-1.0,50.0,0.197999
0.01,0.8,20,60,0.0,-1.0,50.0,0.2075
0.01,0.8,20,61,0.0,-1.0,50.0,0.202501
0.01,0.8,20,62,0.0,-1.0,50.0,0.2025
0.01,0.8,20,63,0.0,-1.0,50.0,0.195002
0.01,0.8,20,64,0.0,-1.0,50.0,0.204497
0.01,0.8,20,65,0.0,-1.0,50.0,0.202003
0.01,0.8,20,66,0.0,-1.0,50.0,0.203001
0.01,0.8,20,67,0.0,-1.0,50.0,0.210001
0.01,0.8,20,68,0.0,-1.0,50.0,0.2015
0.01,0.8,20,69,0.0,-1.0,50.0,0.2055
0.01,0.8,20,70,0.0,-1.0,50.0,0.215002
0.01,0.8,20,71,0.0,-1.0,50.0,0.204498
0.01,0.8,20,72,0.0,-1.0,50.0,0.202001
0.01,0.8,20,73,0.0,-1.0,50.0,0.198498
0.01,0.8,20,74,0.0,-1.0,50.0,0.198501
0.01,0.8,20,75,0.0,-1.0,50.0,0.200503
0.01,0.8,20,76,0.0,-1.0,50.0,0.198498
0.01,0.8,20,77,0.0,-1.0,50.0,0.199999
0.01,0.8,20,78,0.0,-1.0,50.0,0.1975
0.01,0.8,20,79,0.0,-1.0,50.0,0.198497
0.01,0.8,20,80,0.0,-1.0,50.0,0.2085
0.01,0.8,20,81,0.0,-1.0,50.0,0.247999
0.01,0.8,20,82,0.0,-1.0,50.0,0.195501
0.01,0.8,20,83,0.0,-1.0,50.0,0.192999
0.01,0.8,20,84,0.0,-1.0,50.0,0.202001
0.01,0.8,20,85,0.0,-1.0,50.0,0.198502
0.01,0.8,20,86,0.0,-1.0,50.0,0.197997
0.01,0.8,20,87,0.0,-1.0,50.0,0.199
0.01,0.8,20,88,0.0,-1.0,50.0,0.194002
0.01,0.8,20,89,0.0,-1.0,50.0,0.196502
0.01,0.8,20,90,0.0,-1.0,50.0,0.198499
0.01,0.8,20,91,0.0,-1.0,50.0,0.208502
0.01,0.8,20,92,0.0,-1.0,50.0,0.2345
0.01,0.8,20,93,0.0,-1.0,50.0,0.2485
0.01,0.8,20,94,0.0,-1.0,50.0,0.236499
0.01,0.8,20,95,0.0,-1.0,50.0,0.23
0.01,0.8,20,96,0.0,-1.0,50.0,0.235499
0.01,0.8,20,97,0.0,-1.0,50.0,0.223001
0.01,0.8,20,98,0.0,-1.0,50.0,0.232001
0.01,0.8,20,99,0.0,-1.0,50.0,0.225497
0.01,0.8,100,0,0.0,-1.0,50.0,0.229501
0.01,0.8,100,1,0.0,-1.0,50.0,0.251
0.01,0.8,100,2,0.0,-1.0,50.0,0.2355
0.01,0.8,100,3,0.0,-1.0,50.0,0.247499
0.01,0.8,100,4,0.0,-1.0,50.0,0.2355
0.01,0.8,100,5,0.0,-1.0,50.0,0.244499
0.01,0.8,100,6,0.0,-1.0,50.0,0.2365
0.01,0.8,100,7,0.0,-1.0,50.0,0.2405
0.01,0.8,100,8,0.0,-1.0,50.0,0.231499
0.01,0.8,100,9,0.0,-1.0,50.0,0.229499
0.01,0.8,100,10,0.0,-1.0,50.0,0.232001
0.01,0.8,100,11,0.0,-1.0,50.0,0.2385
0.01,0.8,100,12,0.0,-1.0,50.0,0.234001
0.01,0.8,100,13,0.0,-1.0,50.0,0.223501
0.01,0.8,100,14,0.0,-1.0,50.0,0.213499
0.01,0.8,100,15,0.0,-1.0,50.0,0.222502
0.01,0.8,100,16,0.0,-1.0,50.0,0.203499
0.01,0.8,100,17,0.0,-1.0,50.0,0.216999
0.01,0.8,100,18,0.0,-1.0,50.0,0.212
0.01,0.8,100,19,0.0,-1.0,50.0,0.2035
0.01,0.8,100,20,0.0,-1.0,50.0,0.215
0.01,0.8,100,21,0.0,-1.0,50.0,0.208
0.01,0.8,100,22,0.0,-1.0,50.0,0.212502
0.01,0.8,100,23,0.0,-1.0,50.0,0.211999
0.01,0.8,100,24,0.0,-1.0,50.0,0.203499
0.01,0.8,100,25,0.0,-1.0,50.0,0.216499
0.01,0.8,100,26,0.0,-1.0,50.0,0.215001
0.01,0.8,100,27,0.0,-1.0,50.0,0.211002
0.01,0.8,100,28,0.0,-1.0,50.0,0.210999
0.01,0.8,100,29,0.0,-1.0,50.0,0.213999
0.01,0.8,100,30,0.0,-1.0,50.0,0.214001
0.01,0.8,100,31,0.0,-1.0,50.0,0.215499
0.01,0.8,100,32,0.0,-1.0,50.0,0.211002
0.01,0.8,100,33,0.0,-1.0,50.0,0.212
0.01,0.8,100,34,0.0,-1.0,50.0,0.205
0.01,0.8,100,35,0.0,-1.0,50.0,0.209998
0.01,0.8,100,36,0.0,-1.0,50.0,0.213001
0.01,0.8,100,37,0.0,-1.0,50.0,0.219002
0.01,0.8,100,38,0.0,-1.0,50.0,0.215498
0.01,0.8,100,39,0.0,-1.0,50.0,0.206501
0.01,0.8,100,40,0.0,-1.0,50.0,0.217498
0.01,0.8,100,41,0.0,-1.0,50.0,0.214498
0.01,0.8,100,42,0.0,-1.0,50.0,0.208
0.01,0.8,100,43,0.0,-1.0,50.0,0.214503
0.01,0.8,100,44,0.0,-1.0,50.0,0.208997
0.01,0.8,100,45,0.0,-1.0,50.0,0.219
0.01,0.8,100,46,0.0,-1.0,50.0,0.21
0.01,0.8,100,47,0.0,-1.0,50.0,0.215001
0.01,0.8,100,48,0.0,-1.0,50.0,0.216501
0.01,0.8,100,49,0.0,-1.0,50.0,0.204499
0.01,0.8,100,50,0.0,-1.0,50.0,0.2175
0.01,0.8,100,51,0.0,-1.0,50.0,0.216
0.01,0.8,100,52,0.0,-1.0,50.0,0.203501
0.01,0.8,100,53,0.0,-1.0,50.0,0.2145
0.01,0.8,100,54,0.0,-1.0,50.0,0.2015
0.01,0.8,100,55,0.0,-1.0,50.0,0.214499
0.01,0.8,100,56,0.0,-1.0,50.0,0.207001
0.01,0.8,100,57,0.0,-1.0,50.0,0.215
0.01,0.8,100,58,0.0,-1.0,50.0,0.215502
0.01,0.8,100,59,0.0,-1.0,50.0,0.2085
0.01,0.8,100,60,0.0,-1.0,50.0,0.222499
0.01,0.8,100,61,0.0,-1.0,50.0,0.210501
0.01,0.8,100,62,0.0,-1.0,50.0,0.216004
0.01,0.8,100,63,0.0,-1.0,50.0,0.213996
0.01,0.8,100,64,0.0,-1.0,50.0,0.2285
0.01,0.8,100,65,0.0,-1.0,50.0,0.219999
0.01,0.8,100,66,0.0,-1.0,50.0,0.215001
0.01,0.8,100,67,0.0,-1.0,50.0,0.216498
0.01,0.8,100,68,0.0,-1.0,50.0,0.212502
0.01,0.8,100,69,0.0,-1.0,50.0,0.224499
0.01,0.8,100,70,0.0,-1.0,50.0,0.27
0.01,0.8,100,71,0.0,-1.0,50.0,0.247001
0.01,0.8,100,72,0.0,-1.0,50.0,0.247501
0.01,0.8,100,73,0.0,-1.0,50.0,0.216997
0.01,0.8,100,74,0.0,-1.0,50.0,0.227502
0.01,0.8,100,75,0.0,-1.0,50.0,0.223499
0.01,0.8,100,76,0.0,-1.0,50.0,0.2215
0.01,0.8,100,77,0.0,-1.0,50.0,0.235
0.01,0.8,100,78,0.0,-1.0,50.0,0.215501
0.01,0.8,100,79,0.0,-1.0,50.0,0.236999
0.01,0.8,100,80,0.0,-1.0,50.0,0.22
0.01,0.8,100,81,0.0,-1.0,50.0,0.225501
0.01,0.8,100,82,0.0,-1.0,50.0,0.2225
0.01,0.8,100,83,0.0,-1.0,50.0,0.224499
0.01,0.8,100,84,0.0,-1.0,50.0,0.227503
0.01,0.8,100,85,0.0,-1.0,50.0,0.212497
0.01,0.8,100,86,0.0,-1.0,50.0,0.2275
0.01,0.8,100,87,0.0,-1.0,50.0,0.236502
0.01,0.8,100,88,0.0,-1.0,50.0,0.236498
0.01,0.8,100,89,0.0,-1.0,50.0,0.236
0.01,0.8,100,90,0.0,-1.0,50.0,0.207535
0.01,0.8,100,91,0.0,-1.0,50.0,0.216463
0.01,0.8,100,92,0.0,-1.0,50.0,0.212002
0.01,0.8,100,93,0.0,-1.0,50.0,0.219499
0.01,0.8,100,94,0.0,-1.0,50.0,0.214
0.01,0.8,100,95,0.0,-1.0,50.0,0.214498
0.01,0.8,100,96,0.0,-1.0,50.0,0.212501
0.01,0.8,100,97,0.0,-1.0,50.0,0.223
0.01,0.8,100,98,0.0,-1.0,50.0,0.225501
0.01,0.8,100,99,0.0,-1.0,50.0,0.215002
0.01,0.8,500,0,1.0,0.9,6.0,0.0935
0.01,0.8,500,1,0.0,-1.0,50.0,0.293
0.01,0.8,500,2,1.0,0.9,6.0,0.088501
0.01,0.8,500,3,1.0,0.9,6.0,0.094998
0.01,0.8,500,4,1.0,0.9,6.0,0.090001
0.01,0.8,500,5,1.0,0.9,6.0,0.093499
0.01,0.8,500,6,1.0,0.8797,7.015,0.087501
0.01,0.8,500,7,0.0,-1.0,50.0,0.2545
0.01,0.8,500,8,1.0,0.9,6.0,0.097498
0.01,0.8,500,9,1.0,0.9,6.0,0.098001
0.01,0.8,500,10,0.0,-1.0,50.0,0.2635
0.01,0.8,500,11,1.0,0.9,6.0,0.085501
0.01,0.8,500,12,1.0,0.9,6.0,0.085498
0.01,0.8,500,13,0.0,-1.0,50.0,0.258
0.01,0.8,500,14,1.0,0.9,6.0,0.083002
0.01,0.8,500,15,0.0,-1.0,50.0,0.252501
0.01,0.8,500,16,0.0,-1.0,50.0,0.253999
0.01,0.8,500,17,0.0,-1.0,50.0,0.283
0.01,0.8,500,18,1.0,0.9,6.0,0.108501
0.01,0.8,500,19,1.0,0.9,6.0,0.085498
0.01,0.8,500,20,1.0,0.9,6.0,0.079
0.01,0.8,500,21,1.0,0.9,6.0,0.089103
0.01,0.8,500,22,0.0,-1.0,50.0,0.249398
0.01,0.8,500,23,1.0,0.9,6.0,0.083499
0.01,0.8,500,24,0.0,-1.0,50.0,0.256999
0.01,0.8,500,25,1.0,0.9,6.0,0.086
0.01,0.8,500,26,1.0,0.9,6.0,0.074999
0.01,0.8,500,27,1.0,0.9,6.0,0.080501
0.01,0.8,500,28,0.0,-1.0,50.0,0.258999
0.01,0.8,500,29,1.0,0.9,6.0,0.083502
0.01,0.8,500,30,1.0,0.9,6.0,0.078999
0.01,0.8,500,31,1.0,0.9,6.0,0.077498
0.01,0.8,500,32,0.0,-1.0,50.0,0.258503
0.01,0.8,500,33,1.0,0.9,6.0,0.084997
0.01,0.8,500,34,0.0,-1.0,50.0,0.251001
0.01,0.8,500,35,0.0,-1.0,50.0,0.255999
0.01,0.8,500,36,0.0,-1.0,50.0,0.257005
0.01,0.8,500,37,1.0,0.9,6.0,0.087997
0.01,0.8,500,38,1.0,0.9,6.0,0.082502
0.01,0.8,500,39,1.0,0.9,6.0,0.083998
0.01,0.8,500,40,1.0,0.9,6.0,0.0835
0.01,0.8,500,41,0.0,-1.0,50.0,0.258001
0.01,0.8,500,42,1.0,0.9,6.0,0.081999
0.01,0.8,500,43,0.0,-1.0,50.0,0.258501
0.01,0.8,500,44,0.0,-1.0,50.0,0.2635
0.01,0.8,500,45,1.0,0.9,6.0,0.083001
0.01,0.8,500,46,0.0,-1.0,50.0,0.263499
0.01,0.8,500,47,0.0,-1.0,50.0,0.254998
0.01,0.8,500,48,0.0,-1.0,50.0,0.259
0.01,0.8,500,49,1.0,0.9,6.0,0.087502
0.01,0.8,500,50,0.0,-1.0,50.0,0.268501
0.01,0.8,500,51,1.0,0.9,6.0,0.088499
0.01,0.8,500,52,1.0,0.9,6.0,0.085999
0.01,0.8,500,53,1.0,0.9,6.0,0.085001
0.01,0.8,500,54,0.0,-1.0,50.0,0.249997
0.01,0.8,500,55,1.0,0.9,6.0,0.083501
0.01,0.8,500,56,0.0,-1.0,50.0,0.265
0.01,0.8,500,57,1.0,0.9,6.0,0.0845
0.01,0.8,500,58,1.0,0.9,6.0,0.083503
0.01,0.8,500,59,1.0,0.9,6.0,0.085497
0.01,0.8,500,60,1.0,0.9,6.0,0.084499
0.01,0.8,500,61,1.0,0.9,6.0,0.086
0.01,0.8,500,62,1.0,0.9,6.0,0.081499
0.01,0.8,500,63,1.0,0.9,6.0,0.082001
0.01,0.8,500,64,1.0,0.9,6.0,0.080499
0.01,0.8,500,65,1.0,0.9,6.0,0.083
0.01,0.8,500,66,1.0,0.9,6.0,0.087502
0.01,0.8,500,67,1.0,0.9,6.0,0.084548
0.01,0.8,500,68,0.0,-1.0,50.0,0.255449
0.01,0.8,500,69,1.0,0.9,6.0,0.080502
0.01,0.8,500,70,1.0,0.9,6.0,0.0805
0.01,0.8,500,71,1.0,0.9,6.0,0.081499
0.01,0.8,500,72,1.0,0.9,6.0,0.083002
0.01,0.8,500,73,1.0,0.9,6.0,0.076499
0.01,0.8,500,74,1.0,0.9,6.0,0.082998
0.01,0.8,500,75,0.0,-1.0,50.0,0.2515
0.01,0.8,500,76,1.0,0.9,6.0,0.084
0.01,0.8,500,77,1.0,0.9,6.0,0.083501
0.01,0.8,500,78,0.0,-1.0,50.0,0.247
0.01,0.8,500,79,1.0,0.9,6.0,0.0885
0.01,0.8,500,80,1.0,0.9,6.0,0.087
0.01,0.8,500,81,1.0,0.9,6.0,0.084499
0.01,0.8,500,82,1.0,0.9,6.0,0.089001
0.01,0.8,500,83,0.0,-1.0,50.0,0.262
0.01,0.8,500,84,1.0,0.9,6.0,0.084499
0.01,0.8,500,85,1.0,0.9,6.0,0.0795
0.01,0.8,500,86,1.0,0.9,6.0,0.079999
0.01,0.8,500,87,1.0,0.9,6.0,0.0855
0.01,0.8,500,88,0.0,-1.0,50.0,0.265001
0.01,0.8,500,89,0.0,-1.0,50.0,0.262002
0.01,0.8,500,90,0.0,-1.0,50.0,0.253498
0.01,0.8,500,91,1.0,0.9,6.0,0.081999
0.01,0.8,500,92,1.0,0.9,6.0,0.082501
0.01,0.8,500,93,1.0,0.9,6.0,0.082
0.01,0.8,500,94,1.0,0.9,6.0,0.085
0.01,0.8,500,95,1.0,0.9,6.0,0.082001
0.01,0.8,500,96,1.0,0.9,6.0,0.081497
0.01,0.8,500,97,1.0,0.9,6.0,0.080501
0.01,0.8,500,98,1.0,0.9,6.0,0.080502
0.01,0.8,500,99,1.0,0.9,6.0,0.087499
0.01,0.8,2000,0,1.0,0.9,6.0,0.222501
0.01,0.8,2000,1,1.0,0.9,6.0,0.220999
0.01,0.8,2000,2,1.0,0.9,6.0,0.2235
0.01,0.8,2000,3,1.0,0.9,6.0,0.2225
0.01,0.8,2000,4,1.0,0.9,6.0,0.2245
0.01,0.8,2000,5,1.0,0.9,6.0,0.220501
0.01,0.8,2000,6,1.0,0.9,6.0,0.217502
0.01,0.8,2000,7,1.0,0.9,6.0,0.231998
0.01,0.8,2000,8,1.0,0.9,6.0,0.22
0.01,0.8,2000,9,1.0,0.9,6.0,0.221001
0.01,0.8,2000,10,1.0,0.9,6.0,0.2185
0.01,0.8,2000,11,1.0,0.9,6.0,0.228998
0.01,0.8,2000,12,1.0,0.9,6.0,0.234499
0.01,0.8,2000,13,1.0,0.9,6.0,0.228501
0.01,0.8,2000,14,1.0,0.9,6.0,0.228
0.01,0.8,2000,15,1.0,0.9,6.0,0.226501
0.01,0.8,2000,16,1.0,0.9,6.0,0.229999
0.01,0.8,2000,17,1.0,0.9,6.0,0.240501
0.01,0.8,2000,18,1.0,0.9,6.0,0.219001
0.01,0.8,2000,19,1.0,0.9,6.0,0.232997
0.01,0.8,2000,20,1.0,0.9,6.0,0.2565
0.01,0.8,2000,21,1.0,0.9,6.0,0.263
0.01,0.8,2000,22,1.0,0.9,6.0,0.235003
0.01,0.8,2000,23,1.0,0.9,6.0,0.217999
0.01,0.8,2000,24,1.0,0.9,6.0,0.229501
0.01,0.8,2000,25,1.0,0.9,6.0,0.220497
0.01,0.8,2000,26,1.0,0.9,6.0,0.228
0.01,0.8,2000,27,1.0,0.9,6.0,0.219001
0.01,0.8,2000,28,1.0,0.9,6.0,0.220499
0.01,0.8,2000,29,1.0,0.9,6.0,0.222
0.01,0.8,2000,30,1.0,0.9,6.0,0.229
0.01,0.8,2000,31,1.0,0.9,6.0,0.2165
0.01,0.8,2000,32,1.0,0.9,6.0,0.2285
0.01,0.8,2000,33,1.0,0.9,6.0,0.2305
0.01,0.8,2000,34,1.0,0.9,6.0,0.239
0.01,0.8,2000,35,1.0,0.9,6.0,0.223503
0.01,0.8,2000,36,1.0,0.9,6.0,0.226
0.01,0.8,2000,37,1.0,0.9,6.0,0.2225
0.01,0.8,2000,38,1.0,0.9,6.0,0.2155
0.01,0.8,2000,39,1.0,0.9,6.0,0.228001
0.01,0.8,2000,40,1.0,0.9,6.0,0.219499
0.01,0.8,2000,41,1.0,0.9,6.0,0.224499
0.01,0.8,2000,42,1.0,0.9,6.0,0.268002
0.01,0.8,2000,43,1.0,0.9,6.0,0.267999
0.01,0.8,2000,44,1.0,0.9,6.0,0.245503
0.01,0.8,2000,45,1.0,0.9,6.0,0.230998
0.01,0.8,2000,46,1.0,0.9,6.0,0.256499
0.01,0.8,2000,47,1.0,0.9,6.0,0.232502
0.01,0.8,2000,48,1.0,0.9,6.0,0.226
0.01,0.8,2000,49,1.0,0.9,6.0,0.229999
0.01,0.8,2000,50,1.0,0.9,6.0,0.220501
0.01,0.8,2000,51,1.0,0.9,6.0,0.221998
0.01,0.8,2000,52,1.0,0.9,6.0,0.2205
0.01,0.8,2000,53,1.0,0.9,6.0,0.214503
0.01,0.8,2000,54,1.0,0.9,6.0,0.233998
0.01,0.8,2000,55,1.0,0.9,6.0,0.2195
0.01,0.8,2000,56,1.0,0.9,6.0,0.236001
0.01,0.8,2000,57,1.0,0.9,6.0,0.232999
0.01,0.8,2000,58,1.0,0.9,6.0,0.2145
0.01,0.8,2000,59,1.0,0.9,6.0,0.224999
0.01,0.8,2000,60,1.0,0.9,6.0,0.218502
0.01,0.8,2000,61,1.0,0.9,6.0,0.22
0.01,0.8,2000,62,1.0,0.9,6.0,0.226
0.01,0.8,2000,63,1.0,0.9,6.0,0.209
0.01,0.8,2000,64,1.0,0.9,6.0,0.2175
0.01,0.8,2000,65,1.0,0.9,6.0,0.226999
0.01,0.8,2000,66,1.0,0.9,6.0,0.2165
0.01,0.8,2000,67,1.0,0.9,6.0,0.213002
0.01,0.8,2000,68,1.0,0.9,6.0,0.216499
0.01,0.8,2000,69,1.0,0.9,6.0,0.219002
0.01,0.8,2000,70,1.0,0.9,6.0,0.224
0.01,0.8,2000,71,1.0,0.9,6.0,0.222499
0.01,0.8,2000,72,1.0,0.9,6.0,0.227998
0.01,0.8,2000,73,1.0,0.9,6.0,0.212001
0.01,0.8,2000,74,1.0,0.9,6.0,0.2245
0.01,0.8,2000,75,1.0,0.9,6.0,0.2205
0.01,0.8,2000,76,1.0,0.9,6.0,0.275499
0.01,0.8,2000,77,1.0,0.9,6.0,0.226501
0.01,0.8,2000,78,1.0,0.9,6.0,0.249
0.01,0.8,2000,79,1.0,0.9,6.0,0.225502
0.01,0.8,2000,80,1.0,0.9,6.0,0.219997
0.01,0.8,2000,81,1.0,0.9,6.0,0.2545
0.01,0.8,2000,82,1.0,0.9,6.0,0.216499
0.01,0.8,2000,83,1.0,0.9,6.0,0.215
0.01,0.8,2000,84,1.0,0.9,6.0,0.220001
0.01,0.8,2000,85,1.0,0.9,6.0,0.2155
0.01,0.8,2000,86,1.0,0.9,6.0,0.233414
0.01,0.8,2000,87,1.0,0.9,6.0,0.2205
0.01,0.8,2000,88,1.0,0.9,6.0,0.2325
0.01,0.8,2000,89,1.0,0.9,6.0,0.218998
0.01,0.8,2000,90,1.0,0.9,6.0,0.230001
0.01,0.8,2000,91,1.0,0.9,6.0,0.225498
0.01,0.8,2000,92,1.0,0.9,6.0,0.228
0.01,0.8,2000,93,1.0,0.9,6.0,0.221
0.01,0.8,2000,94,1.0,0.9,6.0,0.222001
0.01,0.8,2000,95,1.0,0.9,6.0,0.225003
0.01,0.8,2000,96,1.0,0.9,6.0,0.226498
0.01,0.8,2000,97,1.0,0.9,6.0,0.225
0.01,0.8,2000,98,1.0,0.9,6.0,0.232
0.01,0.8,2000,99,1.0,0.9,6.0,0.224502
0.01,0.95,20,0,0.0,-1.0,50.0,0.214
0.01,0.95,20,1,0.0,-1.0,50.0,0.214499
0.01,0.95,20,2,0.0,-1.0,50.0,0.196501
0.01,0.95,20,3,0.0,-1.0,50.0,0.208501
0.01,0.95,20,4,0.0,-1.0,50.0,0.198998
0.01,0.95,20,5,0.0,-1.0,50.0,0.203499
0.01,0.95,20,6,0.0,-1.0,50.0,0.202
0.01,0.95,20,7,0.0,-1.0,50.0,0.2035
0.01,0.95,20,8,0.0,-1.0,50.0,0.203001
0.01,0.95,20,9,0.0,-1.0,50.0,0.2075
0.01,0.95,20,10,0.0,-1.0,50.0,0.200498
0.01,0.95,20,11,0.0,-1.0,50.0,0.193501
0.01,0.95,20,12,0.0,-1.0,50.0,0.193499
0.01,0.95,20,13,0.0,-1.0,50.0,0.21
0.01,0.95,20,14,0.0,-1.0,50.0,0.212998
0.01,0.95,20,15,0.0,-1.0,50.0,0.196
0.01,0.95,20,16,0.0,-1.0,50.0,0.1985
0.01,0.95,20,17,0.0,-1.0,50.0,0.209001
0.01,0.95,20,18,0.0,-1.0,50.0,0.199999
0.01,0.95,20,19,0.0,-1.0,50.0,0.199499
0.01,0.95,20,20,0.0,-1.0,50.0,0.205002
0.01,0.95,20,21,0.0,-1.0,50.0,0.195
0.01,0.95,20,22,0.0,-1.0,50.0,0.193499
0.01,0.95,20,23,0.0,-1.0,50.0,0.200501
0.01,0.95,20,24,0.0,-1.0,50.0,0.2145
0.01,0.95,20,25,0.0,-1.0,50.0,0.2065
0.01,0.95,20,26,0.0,-1.0,50.0,0.2005
0.01,0.95,20,27,0.0,-1.0,50.0,0.200001
0.01,0.95,20,28,0.0,-1.0,50.0,0.197
0.01,0.95,20,29,0.0,-1.0,50.0,0.204497
0.01,0.95,20,30,0.0,-1.0,50.0,0.203
0.01,0.95,20,31,0.0,-1.0,50.0,0.199001
0.01,0.95,20,32,0.0,-1.0,50.0,0.198999
0.01,0.95,20,33,0.0,-1.0,50.0,0.202997
0.01,0.95,20,34,0.0,-1.0,50.0,0.199001
0.01,0.95,20,35,0.0,-1.0,50.0,0.2015
0.01,0.95,20,36,0.0,-1.0,50.0,0.198503
0.01,0.95,20,37,0.0,-1.0,50.0,0.195998
0.01,0.95,20,38,1.0,0.9,6.0,0.029499
0.01,0.95,20,39,0.0,-1.0,50.0,0.201501
0.01,0.95,20,40,0.0,-1.0,50.0,0.208501
0.01,0.95,20,41,0.0,-1.0,50.0,0.204497
0.01,0.95,20,42,0.0,-1.0,50.0,0.1915
0.01,0.95,20,43,0.0,-1.0,50.0,0.193999
0.01,0.95,20,44,0.0,-1.0,50.0,0.199501
0.01,0.95,20,45,0.0,-1.0,50.0,0.2045
0.01,0.95,20,46,0.0,-1.0,50.0,0.1965
0.01,0.95,20,47,0.0,-1.0,50.0,0.204
0.01,0.95,20,48,0.0,-1.0,50.0,0.1935
0.01,0.95,20,49,0.0,-1.0,50.0,0.226
0.01,0.95,20,50,0.0,-1.0,50.0,0.262001
0.01,0.95,20,51,0.0,-1.0,50.0,0.226001
0.01,0.95,20,52,0.0,-1.0,50.0,0.234999
0.01,0.95,20,53,0.0,-1.0,50.0,0.201998
0.01,0.95,20,54,0.0,-1.0,50.0,0.208002
0.01,0.95,20,55,0.0,-1.0,50.0,0.227
0.01,0.95,20,56,0.0,-1.0,50.0,0.199499
0.01,0.95,20,57,0.0,-1.0,50.0,0.207501
0.01,0.95,20,58,0.0,-1.0,50.0,0.201999
0.01,0.95,20,59,0.0,-1.0,50.0,0.2015
0.01,0.95,20,60,0.0,-1.0,50.0,0.225001
0.01,0.95,20,61,0.0,-1.0,50.0,0.209002
0.01,0.95,20,62,0.0,-1.0,50.0,0.203999
0.01,0.95,20,63,0.0,-1.0,50.0,0.201
0.01,0.95,20,64,0.0,-1.0,50.0,0.201999
0.01,0.95,20,65,0.0,-1.0,50.0,0.2265
0.01,0.95,20,66,0.0,-1.0,50.0,0.206001
0.01,0.95,20,67,0.0,-1.0,50.0,0.204
0.01,0.95,20,68,0.0,-1.0,50.0,0.203502
0.01,0.95,20,69,0.0,-1.0,50.0,0.206997
0.01,0.95,20,70,1.0,0.9,6.0,0.030012
0.01,0.95,20,71,0.0,-1.0,50.0,0.205489
0.01,0.95,20,72,0.0,-1.0,50.0,0.202499
0.01,0.95,20,73,0.0,-1.0,50.0,0.204503
0.01,0.95,20,74,0.0,-1.0,50.0,0.209996
0.01,0.95,20,75,0.0,-1.0,50.0,0.222002
0.01,0.95,20,76,0.0,-1.0,50.0,0.205998
0.01,0.95,20,77,0.0,-1.0,50.0,0.203001
0.01,0.95,20,78,0.0,-1.0,50.0,0.200999
0.01,0.95,20,79,0.0,-1.0,50.0,0.202499
0.01,0.95,20,80,0.0,-1.0,50.0,0.2095
0.01,0.95,20,81,0.0,-1.0,50.0,0.203503
0.01,0.95,20,82,0.0,-1.0,50.0,0.206008
0.01,0.95,20,83,0.0,-1.0,50.0,0.245489
0.01,0.95,20,84,0.0,-1.0,50.0,0.249
0.01,0.95,20,85,0.0,-1.0,50.0,0.268004
0.01,0.95,20,86,0.0,-1.0,50.0,0.213497
0.01,0.95,20,87,0.0,-1.0,50.0,0.207999
0.01,0.95,20,88,0.0,-1.0,50.0,0.221001
0.01,0.95,20,89,0.0,-1.0,50.0,0.214
0.01,0.95,20,90,0.0,-1.0,50.0,0.216
0.01,0.95,20,91,0.0,-1.0,50.0,0.209002
0.01,0.95,20,92,0.0,-1.0,50.0,0.205998
0.01,0.95,20,93,0.0,-1.0,50.0,0.206
0.01,0.95,20,94,0.0,-1.0,50.0,0.2075
0.01,0.95,20,95,0.0,-1.0,50.0,0.202
0.01,0.95,20,96,0.0,-1.0,50.0,0.203001
0.01,0.95,20,97,0.0,-1.0,50.0,0.204
0.01,0.95,20,98,0.0,-1.0,50.0,0.214501
0.01,0.95,20,99,0.0,-1.0,50.0,0.2125
0.01,0.95,100,0,0.0,-1.0,50.0,0.215499
0.01,0.95,100,1,0.0,-1.0,50.0,0.2115
0.01,0.95,100,2,0.0,-1.0,50.0,0.2125
0.01,0.95,100,3,1.0,0.9,6.0,0.043
0.01,0.95,100,4,0.0,-1.0,50.0,0.211999
0.01,0.95,100,5,0.0,-1.0,50.0,0.205999
0.01,0.95,100,6,0.0,-1.0,50.0,0.2145
0.01,0.95,100,7,0.0,-1.0,50.0,0.21
0.01,0.95,100,8,0.0,-1.0,50.0,0.218499
0.01,0.95,100,9,0.0,-1.0,50.0,0.225999
0.01,0.95,100,10,0.0,-1.0,50.0,0.2085
0.01,0.95,100,11,0.0,-1.0,50.0,0.222499
0.01,0.95,100,12,0.0,-1.0,50.0,0.239001
0.01,0.95,100,13,0.0,-1.0,50.0,0.235001
0.01,0.95,100,14,0.0,-1.0,50.0,0.253999
0.01,0.95,100,15,0.0,-1.0,50.0,0.2055
0.01,0.95,100,16,0.0,-1.0,50.0,0.21609
0.01,0.95,100,17,1.0,0.9,6.0,0.041029
0.01,0.95,100,18,0.0,-1.0,50.0,0.21138
0.01,0.95,100,19,0.0,-1.0,50.0,0.216
0.01,0.95,100,20,0.0,-1.0,50.0,0.214
0.01,0.95,100,21,0.0,-1.0,50.0,0.205997
0.01,0.95,100,22,0.0,-1.0,50.0,0.214501
0.01,0.95,100,23,0.0,-1.0,50.0,0.236999
0.01,0.95,100,24,0.0,-1.0,50.0,0.211
0.01,0.95,100,25,0.0,-1.0,50.0,0.225001
0.01,0.95,100,26,0.0,-1.0,50.0,0.219
0.01,0.95,100,27,0.0,-1.0,50.0,0.216501
0.01,0.95,100,28,0.0,-1.0,50.0,0.218999
0.01,0.95,100,29,0.0,-1.0,50.0,0.2065
0.01,0.95,100,30,0.0,-1.0,50.0,0.213999
0.01,0.95,100,31,0.0,-1.0,50.0,0.216001
0.01,0.95,100,32,0.0,-1.0,50.0,0.214501
0.01,0.95,100,33,0.0,-1.0,50.0,0.215
0.01,0.95,100,34,0.0,-1.0,50.0,0.211501
0.01,0.95,100,35,0.0,-1.0,50.0,0.220999
0.01,0.95,100,36,0.0,-1.0,50.0,0.2195
0.01,0.95,100,37,0.0,-1.0,50.0,0.2105
0.01,0.95,100,38,0.0,-1.0,50.0,0.211
0.01,0.95,100,39,0.0,-1.0,50.0,0.212001
0.01,0.95,100,40,0.0,-1.0,50.0,0.209499
0.01,0.95,100,41,0.0,-1.0,50.0,0.2175
0.01,0.95,100,42,0.0,-1.0,50.0,0.216001
0.01,0.95,100,43,0.0,-1.0,50.0,0.210999
0.01,0.95,100,44,0.0,-1.0,50.0,0.220999
0.01,0.95,100,45,1.0,0.9,6.0,0.041501
0.01,0.95,100,46,0.0,-1.0,50.0,0.21
0.01,0.95,100,47,0.0,-1.0,50.0,0.23
0.01,0.95,100,48,1.0,0.9,6.0,0.049
0.01,0.95,100,49,0.0,-1.0,50.0,0.202999
0.01,0.95,100,50,0.0,-1.0,50.0,0.2085
0.01,0.95,100,51,0.0,-1.0,50.0,0.2135
0.01,0.95,100,52,0.0,-1.0,50.0,0.217616
0.01,0.95,100,53,0.0,-1.0,50.0,0.215386
0.01,0.95,100,54,0.0,-1.0,50.0,0.215499
0.01,0.95,100,55,0.0,-1.0,50.0,0.218501
0.01,0.95,100,56,0.0,-1.0,50.0,0.214502
0.01,0.95,100,57,0.0,-1.0,50.0,0.222997
0.01,0.95,100,58,0.0,-1.0,50.0,0.222501
0.01,0.95,100,59,0.0,-1.0,50.0,0.205501
0.01,0.95,100,60,0.0,-1.0,50.0,0.216999
0.01,0.95,100,61,0.0,-1.0,50.0,0.215
0.01,0.95,100,62,1.0,0.9,6.0,0.042499
0.01,0.95,100,63,0.0,-1.0,50.0,0.224001
0.01,0.95,100,64,0.0,-1.0,50.0,0.221001
0.01,0.95,100,65,0.0,-1.0,50.0,0.2075
0.01,0.95,100,66,0.0,-1.0,50.0,0.2195
0.01,0.95,100,67,0.0,-1.0,50.0,0.234
0.01,0.95,100,68,0.0,-1.0,50.0,0.208999
0.01,0.95,100,69,0.0,-1.0,50.0,0.228503
0.01,0.95,100,70,0.0,-1.0,50.0,0.210498
0.01,0.95,100,71,0.0,-1.0,50.0,0.2235
0.01,0.95,100,72,0.0,-1.0,50.0,0.227501
0.01,0.95,100,73,0.0,-1.0,50.0,0.217497
0.01,0.95,100,74,0.0,-1.0,50.0,0.214503
0.01,0.95,100,75,1.0,0.9,6.0,0.044497
0.01,0.95,100,76,0.0,-1.0,50.0,0.212503
0.01,0.95,100,77,0.0,-1.0,50.0,0.221499
0.01,0.95,100,78,0.0,-1.0,50.0,0.210499
0.01,0.95,100,79,1.0,0.9,6.0,0.037999
0.01,0.95,100,80,0.0,-1.0,50.0,0.212001
0.01,0.95,100,81,0.0,-1.0,50.0,0.2155
0.01,0.95,100,82,0.0,-1.0,50.0,0.213
0.01,0.95,100,83,0.0,-1.0,50.0,0.216499
0.01,0.95,100,84,0.0,-1.0,50.0,0.2165
0.01,0.95,100,85,0.0,-1.0,50.0,0.231499
0.01,0.95,100,86,0.0,-1.0,50.0,0.22
0.01,0.95,100,87,0.0,-1.0,50.0,0.2225
0.01,0.95,100,88,0.0,-1.0,50.0,0.210502
0.01,0.95,100,89,0.0,-1.0,50.0,0.213499
0.01,0.95,100,90,0.0,-1.0,50.0,0.207999
0.01,0.95,100,91,1.0,0.9,6.0,0.041502
0.01,0.95,100,92,0.0,-1.0,50.0,0.213501
0.01,0.95,100,93,0.0,-1.0,50.0,0.213999
0.01,0.95,100,94,0.0,-1.0,50.0,0.207499
0.01,0.95,100,95,0.0,-1.0,50.0,0.211999
0.01,0.95,100,96,0.0,-1.0,50.0,0.207501
0.01,0.95,100,97,0.0,-1.0,50.0,0.22
0.01,0.95,100,98,0.0,-1.0,50.0,0.222502
0.01,0.95,100,99,0.0,-1.0,50.0,0.216998
0.01,0.95,500,0,1.0,0.9,6.0,0.076
0.01,0.95,500,1,1.0,0.9,6.0,0.078
0.01,0.95,500,2,1.0,0.9,6.0,0.078999
0.01,0.95,500,3,1.0,0.9,6.0,0.077003
0.01,0.95,500,4,1.0,0.9,6.0,0.082
0.01,0.95,500,5,1.0,0.9,6.0,0.085498
0.01,0.95,500,6,1.0,0.9,6.0,0.081
0.01,0.95,500,7,1.0,0.9,6.0,0.082501
0.01,0.95,500,8,1.0,0.9,6.0,0.079999
0.01,0.95,500,9,1.0,0.9,6.0,0.075501
0.01,0.95,500,10,1.0,0.9,6.0,0.078501
0.01,0.95,500,11,1.0,0.9,6.0,0.079
0.01,0.95,500,12,1.0,0.9,6.0,0.082501
0.01,0.95,500,13,1.0,0.9,6.0,0.080999
0.01,0.95,500,14,1.0,0.9,6.0,0.0845
0.01,0.95,500,15,1.0,0.9,6.0,0.076499
0.01,0.95,500,16,1.0,0.9,6.0,0.083001
0.01,0.95,500,17,1.0,0.9,6.0,0.08
0.01,0.95,500,18,1.0,0.9,6.0,0.0815
0.01,0.95,500,19,1.0,0.9,6.0,0.081504
0.01,0.95,500,20,1.0,0.9,6.0,0.078
0.01,0.95,500,21,1.0,0.9,6.0,0.078
0.01,0.95,500,22,1.0,0.9,6.0,0.0795
0.01,0.95,500,23,1.0,0.9,6.0,0.074001
0.01,0.95,500,24,1.0,0.9,6.0,0.078499
0.01,0.95,500,25,1.0,0.9,6.0,0.080999
0.01,0.95,500,26,1.0,0.9,6.0,0.081502
0.01,0.95,500,27,1.0,0.9,6.0,0.077
0.01,0.95,500,28,1.0,0.9,6.0,0.079499
0.01,0.95,500,29,1.0,0.9,6.0,0.079501
0.01,0.95,500,30,1.0,0.9,6.0,0.077
0.01,0.95,500,31,1.0,0.9,6.0,0.076499
0.01,0.95,500,32,1.0,0.9,6.0,0.0845
0.01,0.95,500,33,1.0,0.9,6.0,0.075499
0.01,0.95,500,34,1.0,0.9,6.0,0.0825
0.01,0.95,500,35,1.0,0.9,6.0,0.083
0.01,0.95,500,36,1.0,0.9,6.0,0.079001
0.01,0.95,500,37,1.0,0.9,6.0,0.075499
0.01,0.95,500,38,1.0,0.9,6.0,0.079503
0.01,0.95,500,39,1.0,0.9,6.0,0.074497
0.01,0.95,500,40,1.0,0.9,6.0,0.0755
0.01,0.95,500,41,1.0,0.9,6.0,0.081
0.01,0.95,500,42,1.0,0.9,6.0,0.076499
0.01,0.95,500,43,1.0,0.9,6.0,0.080502
0.01,0.95,500,44,1.0,0.9,6.0,0.082999
0.01,0.95,500,45,1.0,0.9,6.0,0.078
0.01,0.95,500,46,1.0,0.9,6.0,0.079999
0.01,0.95,500,47,1.0,0.9,6.0,0.074
0.01,0.95,500,48,1.0,0.9,6.0,0.077501
0.01,0.95,500,49,1.0,0.9,6.0,0.075999
0.01,0.95,500,50,1.0,0.9,6.0,0.080501
0.01,0.95,500,51,1.0,0.9,6.0,0.0805
0.01,0.95,500,52,1.0,0.9,6.0,0.078999
0.01,0.95,500,53,1.0,0.9,6.0,0.078
0.01,0.95,500,54,1.0,0.9,6.0,0.076501
0.01,0.95,500,55,1.0,0.9,6.0,0.0785
0.01,0.95,500,56,1.0,0.9,6.0,0.077999
0.01,0.95,500,57,1.0,0.9,6.0,0.100502
0.01,0.95,500,58,1.0,0.9,6.0,0.081001
0.01,0.95,500,59,1.0,0.9,6.0,0.085997
0.01,0.95,500,60,1.0,0.9,6.0,0.077501
0.01,0.95,500,61,1.0,0.9,6.0,0.074999
0.01,0.95,500,62,1.0,0.9,6.0,0.079002
0.01,0.95,500,63,1.0,0.9,6.0,0.081998
0.01,0.95,500,64,1.0,0.9,6.0,0.0815
0.01,0.95,500,65,1.0,0.9,6.0,0.082
0.01,0.95,500,66,1.0,0.9,6.0,0.079535
0.01,0.95,500,67,1.0,0.9,6.0,0.075966
0.01,0.95,500,68,1.0,0.9,6.0,0.079
0.01,0.95,500,69,1.0,0.9,6.0,0.079
0.01,0.95,500,70,1.0,0.9,6.0,0.080999
0.01,0.95,500,71,1.0,0.9,6.0,0.076502
0.01,0.95,500,72,1.0,0.9,6.0,0.0815
0.01,0.95,500,73,1.0,0.9,6.0,0.078
0.01,0.95,500,74,1.0,0.9,6.0,0.0735
0.01,0.95,500,75,1.0,0.9,6.0,0.074999
0.01,0.95,500,76,1.0,0.9,6.0,0.083499
0.01,0.95,500,77,1.0,0.9,6.0,0.086501
0.01,0.95,500,78,1.0,0.9,6.0,0.097
0.01,0.95,500,79,1.0,0.9,6.0,0.096501
0.01,0.95,500,80,1.0,0.9,6.0,0.087
0.01,0.95,500,81,1.0,0.9,6.0,0.096499
0.01,0.95,500,82,1.0,0.9,6.0,0.099501
0.01,0.95,500,83,1.0,0.9,6.0,0.088499
0.01,0.95,500,84,1.0,0.9,6.0,0.085
0.01,0.95,500,85,1.0,0.9,6.0,0.077502
0.01,0.95,500,86,1.0,0.9,6.0,0.078499
0.01,0.95,500,87,1.0,0.9,6.0,0.0745
0.01,0.95,500,88,1.0,0.9,6.0,0.0865
0.01,0.95,500,89,1.0,0.9,6.0,0.085999
0.01,0.95,500,90,1.0,0.9,6.0,0.088501
0.01,0.95,500,91,1.0,0.9,6.0,0.083001
0.01,0.95,500,92,1.0,0.9,6.0,0.0775
0.01,0.95,500,93,1.0,0.9,6.0,0.08
0.01,0.95,500,94,1.0,0.9,6.0,0.082001
0.01,0.95,500,95,1.0,0.9,6.0,0.0765
0.01,0.95,500,96,1.0,0.9,6.0,0.078999
0.01,0.95,500,97,1.0,0.9,6.0,0.078002
0.01,0.95,500,98,1.0,0.9,6.0,0.081497
0.01,0.95,500,99,1.0,0.9,6.0,0.083002
0.01,0.95,2000,0,1.0,0.9,6.0,0.219002
0.01,0.95,2000,1,1.0,0.9,6.0,0.219497
0.01,0.95,2000,2,1.0,0.9,6.0,0.223
0.01,0.95,2000,3,1.0,0.9,6.0,0.222502
0.01,0.95,2000,4,1.0,0.9,6.0,0.220999
0.01,0.95,2000,5,1.0,0.9,6.0,0.222998
0.01,0.95,2000,6,1.0,0.9,6.0,0.235502
0.01,0.95,2000,7,1.0,0.9,6.0,0.231001
0.01,0.95,2000,8,1.0,0.9,6.0,0.217499
0.01,0.95,2000,9,1.0,0.9,6.0,0.246499
0.01,0.95,2000,10,1.0,0.9,6.0,0.249502
0.01,0.95,2000,11,1.0,0.9,6.0,0.216498
0.01,0.95,2000,12,1.0,0.9,6.0,0.213502
0.01,0.95,2000,13,1.0,0.9,6.0,0.222999
0.01,0.95,2000,14,1.0,0.9,6.0,0.217498
0.01,0.95,2000,15,1.0,0.9,6.0,0.214501
0.01,0.95,2000,16,1.0,0.9,6.0,0.211999
0.01,0.95,2000,17,1.0,0.9,6.0,0.2155
0.01,0.95,2000,18,1.0,0.9,6.0,0.218003
0.01,0.95,2000,19,1.0,0.9,6.0,0.216001
0.01,0.95,2000,20,1.0,0.9,6.0,0.231999
0.01,0.95,2000,21,1.0,0.9,6.0,0.2235
0.01,0.95,2000,22,1.0,0.9,6.0,0.214501
0.01,0.95,2000,23,1.0,0.9,6.0,0.220002
0.01,0.95,2000,24,1.0,0.9,6.0,0.210498
0.01,0.95,2000,25,1.0,0.9,6.0,0.220999
0.01,0.95,2000,26,1.0,0.9,6.0,0.228502
0.01,0.95,2000,27,1.0,0.9,6.0,0.215501
0.01,0.95,2000,28,1.0,0.9,6.0,0.221998
0.01,0.95,2000,29,1.0,0.9,6.0,0.232002
0.01,0.95,2000,30,1.0,0.9,6.0,0.230498
0.01,0.95,2000,31,1.0,0.9,6.0,0.213502
0.01,0.95,2000,32,1.0,0.9,6.0,0.214998
0.01,0.95,2000,33,1.0,0.9,6.0,0.2305
0.01,0.95,2000,34,1.0,0.9,6.0,0.223
0.01,0.95,2000,35,1.0,0.9,6.0,0.2195
0.01,0.95,2000,36,1.0,0.9,6.0,0.222002
0.01,0.95,2000,37,1.0,0.9,6.0,0.2195
0.01,0.95,2000,38,1.0,0.9,6.0,0.236
0.01,0.95,2000,39,1.0,0.9,6.0,0.217
0.01,0.95,2000,40,1.0,0.9,6.0,0.220499
0.01,0.95,2000,41,1.0,0.9,6.0,0.219002
0.01,0.95,2000,42,1.0,0.9,6.0,0.227998
0.01,0.95,2000,43,1.0,0.9,6.0,0.224
0.01,0.95,2000,44,1.0,0.9,6.0,0.212501
0.01,0.95,2000,45,1.0,0.9,6.0,0.214999
0.01,0.95,2000,46,1.0,0.9,6.0,0.220001
0.01,0.95,2000,47,1.0,0.9,6.0,0.2305
0.01,0.95,2000,48,1.0,0.9,6.0,0.225002
0.01,0.95,2000,49,1.0,0.9,6.0,0.220497
0.01,0.95,2000,50,1.0,0.9,6.0,0.218
0.01,0.95,2000,51,1.0,0.9,6.0,0.230501
0.01,0.95,2000,52,1.0,0.9,6.0,0.207
0.01,0.95,2000,53,1.0,0.9,6.0,0.2195
0.01,0.95,2000,54,1.0,0.9,6.0,0.215499
0.01,0.95,2000,55,1.0,0.9,6.0,0.2225
0.01,0.95,2000,56,1.0,0.9,6.0,0.2295
0.01,0.95,2000,57,1.0,0.9,6.0,0.228001
0.01,0.95,2000,58,1.0,0.9,6.0,0.226499
0.01,0.95,2000,59,1.0,0.9,6.0,0.227501
0.01,0.95,2000,60,1.0,0.9,6.0,0.237002
0.01,0.95,2000,61,1.0,0.9,6.0,0.220998
0.01,0.95,2000,62,1.0,0.9,6.0,0.227501
0.01,0.95,2000,63,1.0,0.9,6.0,0.219503
0.01,0.95,2000,64,1.0,0.9,6.0,0.214997
0.01,0.95,2000,65,1.0,0.9,6.0,0.221502
0.01,0.95,2000,66,1.0,0.9,6.0,0.218498
0.01,0.95,2000,67,1.0,0.9,6.0,0.255501
0.01,0.95,2000,68,1.0,0.9,6.0,0.235999
0.01,0.95,2000,69,1.0,0.9,6.0,0.224
0.01,0.95,2000,70,1.0,0.9,6.0,0.2205
0.01,0.95,2000,71,1.0,0.9,6.0,0.223
0.01,0.95,2000,72,1.0,0.9,6.0,0.220502
0.01,0.95,2000,73,1.0,0.9,6.0,0.233499
0.01,0.95,2000,74,1.0,0.9,6.0,0.226
0.01,0.95,2000,75,1.0,0.9,6.0,0.219
0.01,0.95,2000,76,1.0,0.9,6.0,0.221501
0.01,0.95,2000,77,1.0,0.9,6.0,0.223003
0.01,0.95,2000,78,1.0,0.9,6.0,0.231497
0.01,0.95,2000,79,1.0,0.9,6.0,0.219999
0.01,0.95,2000,80,1.0,0.9,6.0,0.217
0.01,0.95,2000,81,1.0,0.9,6.0,0.217002
0.01,0.95,2000,82,1.0,0.9,6.0,0.224002
0.01,0.95,2000,83,1.0,0.9,6.0,0.223495
0.01,0.95,2000,84,1.0,0.9,6.0,0.221502
0.01,0.95,2000,85,1.0,0.9,6.0,0.218999
0.01,0.95,2000,86,1.0,0.9,6.0,0.230499
0.01,0.95,2000,87,1.0,0.9,6.0,0.239502
0.01,0.95,2000,88,1.0,0.9,6.0,0.212998
0.01,0.95,2000,89,1.0,0.9,6.0,0.214
0.01,0.95,2000,90,1.0,0.9,6.0,0.2155
0.01,0.95,2000,91,1.0,0.9,6.0,0.248001
0.01,0.95,2000,92,1.0,0.9,6.0,0.2145
0.01,0.95,2000,93,1.0,0.9,6.0,0.224
0.01,0.95,2000,94,1.0,0.9,6.0,0.211
0.01,0.95,2000,95,1.0,0.9,6.0,0.2245
0.01,0.95,2000,96,1.0,0.9,6.0,0.240001
0.01,0.95,2000,97,1.0,0.9,6.0,0.226499
0.01,0.95,2000,98,1.0,0.9,6.0,0.226001
0.01,0.95,2000,99,1.0,0.9,6.0,0.214
0.01,0.99,20,0,0.0,-1.0,50.0,0.208001
0.01,0.99,20,1,0.0,-1.0,50.0,0.196499
0.01,0.99,20,2,0.0,-1.0,50.0,0.193999
0.01,0.99,20,3,0.0,-1.0,50.0,0.202002
0.01,0.99,20,4,0.0,-1.0,50.0,0.203598
0.01,0.99,20,5,0.0,-1.0,50.0,0.207401
0.01,0.99,20,6,0.0,-1.0,50.0,0.209499
0.01,0.99,20,7,0.0,-1.0,50.0,0.196001
0.01,0.99,20,8,0.0,-1.0,50.0,0.207501
0.01,0.99,20,9,0.0,-1.0,50.0,0.200999
0.01,0.99,20,10,0.0,-1.0,50.0,0.209499
0.01,0.99,20,11,0.0,-1.0,50.0,0.201502
0.01,0.99,20,12,0.0,-1.0,50.0,0.207497
0.01,0.99,20,13,0.0,-1.0,50.0,0.197504
0.01,0.99,20,14,0.0,-1.0,50.0,0.203998
0.01,0.99,20,15,0.0,-1.0,50.0,0.201499
0.01,0.99,20,16,0.0,-1.0,50.0,0.203001
0.01,0.99,20,17,0.0,-1.0,50.0,0.2
0.01,0.99,20,18,0.0,-1.0,50.0,0.198501
0.01,0.99,20,19,0.0,-1.0,50.0,0.196999
0.01,0.99,20,20,0.0,-1.0,50.0,0.206
0.01,0.99,20,21,0.0,-1.0,50.0,0.209503
0.01,0.99,20,22,0.0,-1.0,50.0,0.209998
0.01,0.99,20,23,0.0,-1.0,50.0,0.2085
0.01,0.99,20,24,0.0,-1.0,50.0,0.196502
0.01,0.99,20,25,0.0,-1.0,50.0,0.210498
0.01,0.99,20,26,0.0,-1.0,50.0,0.1995
0.01,0.99,20,27,0.0,-1.0,50.0,0.199999
0.01,0.99,20,28,0.0,-1.0,50.0,0.259001
0.01,0.99,20,29,0.0,-1.0,50.0,0.2205
0.01,0.99,20,30,0.0,-1.0,50.0,0.235999
0.01,0.99,20,31,1.0,0.9,6.0,0.0315
0.01,0.99,20,32,0.0,-1.0,50.0,0.208999
0.01,0.99,20,33,0.0,-1.0,50.0,0.205002
0.01,0.99,20,34,0.0,-1.0,50.0,0.212999
0.01,0.99,20,35,0.0,-1.0,50.0,0.217999
0.01,0.99,20,36,0.0,-1.0,50.0,0.199001
0.01,0.99,20,37,0.0,-1.0,50.0,0.213498
0.01,0.99,20,38,0.0,-1.0,50.0,0.232501
0.01,0.99,20,39,0.0,-1.0,50.0,0.2315
0.01,0.99,20,40,0.0,-1.0,50.0,0.2415
0.01,0.99,20,41,0.0,-1.0,50.0,0.202
0.01,0.99,20,42,0.0,-1.0,50.0,0.195499
0.01,0.99,20,43,0.0,-1.0,50.0,0.208
0.01,0.99,20,44,0.0,-1.0,50.0,0.232503
0.01,0.99,20,45,0.0,-1.0,50.0,0.203498
0.01,0.99,20,46,0.0,-1.0,50.0,0.209502
0.01,0.99,20,47,0.0,-1.0,50.0,0.212498
0.01,0.99,20,48,0.0,-1.0,50.0,0.2035
0.01,0.99,20,49,0.0,-1.0,50.0,0.229003
0.01,0.99,20,50,0.0,-1.0,50.0,0.199999
0.01,0.99,20,51,0.0,-1.0,50.0,0.201998
0.01,0.99,20,52,0.0,-1.0,50.0,0.200499
0.01,0.99,20,53,0.0,-1.0,50.0,0.198501
0.01,0.99,20,54,0.0,-1.0,50.0,0.211499
0.01,0.99,20,55,0.0,-1.0,50.0,0.205501
0.01,0.99,20,56,0.0,-1.0,50.0,0.195502
0.01,0.99,20,57,0.0,-1.0,50.0,0.200997
0.01,0.99,20,58,0.0,-1.0,50.0,0.206501
0.01,0.99,20,59,0.0,-1.0,50.0,0.196001
0.01,0.99,20,60,0.0,-1.0,50.0,0.200499
0.01,0.99,20,61,0.0,-1.0,50.0,0.196
0.01,0.99,20,62,0.0,-1.0,50.0,0.195002
0.01,0.99,20,63,0.0,-1.0,50.0,0.200498
0.01,0.99,20,64,0.0,-1.0,50.0,0.205001
0.01,0.99,20,65,0.0,-1.0,50.0,0.1975
0.01,0.99,20,66,0.0,-1.0,50.0,0.198
0.01,0.99,20,67,0.0,-1.0,50.0,0.200999
0.01,0.99,20,68,0.0,-1.0,50.0,0.202503
0.01,0.99,20,69,0.0,-1.0,50.0,0.225
0.01,0.99,20,70,0.0,-1.0,50.0,0.208501
0.01,0.99,20,71,0.0,-1.0,50.0,0.203999
0.01,0.99,20,72,0.0,-1.0,50.0,0.208
0.01,0.99,20,73,0.0,-1.0,50.0,0.195
0.01,0.99,20,74,0.0,-1.0,50.0,0.21
0.01,0.99,20,75,0.0,-1.0,50.0,0.203002
0.01,0.99,20,76,0.0,-1.0,50.0,0.197998
0.01,0.99,20,77,0.0,-1.0,50.0,0.199503
0.01,0.99,20,78,0.0,-1.0,50.0,0.196499
0.01,0.99,20,79,0.0,-1.0,50.0,0.213499
0.01,0.99,20,80,0.0,-1.0,50.0,0.2035
0.01,0.99,20,81,0.0,-1.0,50.0,0.202498
0.01,0.99,20,82,0.0,-1.0,50.0,0.205001
0.01,0.99,20,83,0.0,-1.0,50.0,0.207999
0.01,0.99,20,84,0.0,-1.0,50.0,0.199
0.01,0.99,20,85,0.0,-1.0,50.0,0.200501
0.01,0.99,20,86,0.0,-1.0,50.0,0.202001
0.01,0.99,20,87,0.0,-1.0,50.0,0.198498
0.01,0.99,20,88,0.0,-1.0,50.0,0.205499
0.01,0.99,20,89,0.0,-1.0,50.0,0.200001
0.01,0.99,20,90,0.0,-1.0,50.0,0.200501
0.01,0.99,20,91,0.0,-1.0,50.0,0.203
0.01,0.99,20,92,0.0,-1.0,50.0,0.202499
0.01,0.99,20,93,0.0,-1.0,50.0,0.209002
0.01,0.99,20,94,0.0,-1.0,50.0,0.212999
0.01,0.99,20,95,0.0,-1.0,50.0,0.205
0.01,0.99,20,96,0.0,-1.0,50.0,0.207001
0.01,0.99,20,97,0.0,-1.0,50.0,0.203498
0.01,0.99,20,98,0.0,-1.0,50.0,0.209502
0.01,0.99,20,99,0.0,-1.0,50.0,0.200497
0.01,0.99,100,0,0.0,-1.0,50.0,0.211504
0.01,0.99,100,1,0.0,-1.0,50.0,0.214497
0.01,0.99,100,2,0.0,-1.0,50.0,0.213002
0.01,0.99,100,3,0.0,-1.0,50.0,0.2125
0.01,0.99,100,4,0.0,-1.0,50.0,0.215498
0.01,0.99,100,5,0.0,-1.0,50.0,0.210501
0.01,0.99,100,6,0.0,-1.0,50.0,0.218501
0.01,0.99,100,7,0.0,-1.0,50.0,0.211998
0.01,0.99,100,8,0.0,-1.0,50.0,0.210003
0.01,0.99,100,9,0.0,-1.0,50.0,0.212498
0.01,0.99,100,10,0.0,-1.0,50.0,0.207999
0.01,0.99,100,11,0.0,-1.0,50.0,0.216501
0.01,0.99,100,12,0.0,-1.0,50.0,0.2195
0.01,0.99,100,13,0.0,-1.0,50.0,0.215
0.01,0.99,100,14,0.0,-1.0,50.0,0.213498
0.01,0.99,100,15,0.0,-1.0,50.0,0.214502
0.01,0.99,100,16,0.0,-1.0,50.0,0.2145
0.01,0.99,100,17,0.0,-1.0,50.0,0.216
0.01,0.99,100,18,0.0,-1.0,50.0,0.224
0.01,0.99,100,19,0.0,-1.0,50.0,0.216499
0.01,0.99,100,20,0.0,-1.0,50.0,0.215501
0.01,0.99,100,21,0.0,-1.0,50.0,0.209502
0.01,0.99,100,22,0.0,-1.0,50.0,0.215998
0.01,0.99,100,23,0.0,-1.0,50.0,0.209496
0.01,0.99,100,24,0.0,-1.0,50.0,0.241501
0.01,0.99,100,25,0.0,-1.0,50.0,0.246501
0.01,0.99,100,26,0.0,-1.0,50.0,0.220092
0.01,0.99,100,27,0.0,-1.0,50.0,0.216907
0.01,0.99,100,28,0.0,-1.0,50.0,0.2155
0.01,0.99,100,29,0.0,-1.0,50.0,0.218499
0.01,0.99,100,30,0.0,-1.0,50.0,0.213503
0.01,0.99,100,31,0.0,-1.0,50.0,0.211498
0.01,0.99,100,32,0.0,-1.0,50.0,0.208
0.01,0.99,100,33,0.0,-1.0,50.0,0.2055
0.01,0.99,100,34,0.0,-1.0,50.0,0.204998
0.01,0.99,100,35,0.0,-1.0,50.0,0.212502
0.01,0.99,100,36,1.0,0.9,6.0,0.041498
0.01,0.99,100,37,0.0,-1.0,50.0,0.203001
0.01,0.99,100,38,0.0,-1.0,50.0,0.213001
0.01,0.99,100,39,0.0,-1.0,50.0,0.2115
0.01,0.99,100,40,0.0,-1.0,50.0,0.201499
0.01,0.99,100,41,0.0,-1.0,50.0,0.216
0.01,0.99,100,42,0.0,-1.0,50.0,0.222502
0.01,0.99,100,43,0.0,-1.0,50.0,0.217497
0.01,0.99,100,44,0.0,-1.0,50.0,0.2175
0.01,0.99,100,45,0.0,-1.0,50.0,0.213
0.01,0.99,100,46,0.0,-1.0,50.0,0.218
0.01,0.99,100,47,0.0,-1.0,50.0,0.211499
0.01,0.99,100,48,0.0,-1.0,50.0,0.215499
0.01,0.99,100,49,0.0,-1.0,50.0,0.209002
0.01,0.99,100,50,0.0,-1.0,50.0,0.251998
0.01,0.99,100,51,0.0,-1.0,50.0,0.227501
0.01,0.99,100,52,0.0,-1.0,50.0,0.254001
0.01,0.99,100,53,0.0,-1.0,50.0,0.221499
0.01,0.99,100,54,0.0,-1.0,50.0,0.2245
0.01,0.99,100,55,0.0,-1.0,50.0,0.228501
0.01,0.99,100,56,0.0,-1.0,50.0,0.214
0.01,0.99,100,57,0.0,-1.0,50.0,0.213999
0.01,0.99,100,58,0.0,-1.0,50.0,0.2085
0.01,0.99,100,59,0.0,-1.0,50.0,0.220001
0.01,0.99,100,60,0.0,-1.0,50.0,0.211999
0.01,0.99,100,61,1.0,0.9,6.0,0.039999
0.01,0.99,100,62,0.0,-1.0,50.0,0.210502
0.01,0.99,100,63,0.0,-1.0,50.0,0.213998
0.01,0.99,100,64,0.0,-1.0,50.0,0.208534
0.01,0.99,100,65,0.0,-1.0,50.0,0.219966
0.01,0.99,100,66,0.0,-1.0,50.0,0.216
0.01,0.99,100,67,0.0,-1.0,50.0,0.221003
0.01,0.99,100,68,0.0,-1.0,50.0,0.218999
0.01,0.99,100,69,0.0,-1.0,50.0,0.209499
0.01,0.99,100,70,0.0,-1.0,50.0,0.2075
0.01,0.99,100,71,1.0,0.9,6.0,0.0395
0.01,0.99,100,72,0.0,-1.0,50.0,0.27
0.01,0.99,100,73,0.0,-1.0,50.0,0.250501
0.01,0.99,100,74,0.0,-1.0,50.0,0.243
0.01,0.99,100,75,0.0,-1.0,50.0,0.235498
0.01,0.99,100,76,0.0,-1.0,50.0,0.210001
0.01,0.99,100,77,0.0,-1.0,50.0,0.232
0.01,0.99,100,78,0.0,-1.0,50.0,0.2185
0.01,0.99,100,79,0.0,-1.0,50.0,0.218499
0.01,0.99,100,80,0.0,-1.0,50.0,0.212
0.01,0.99,100,81,0.0,-1.0,50.0,0.21455
0.01,0.99,100,82,0.0,-1.0,50.0,0.21445
0.01,0.99,100,83,0.0,-1.0,50.0,0.2205
0.01,0.99,100,84,0.0,-1.0,50.0,0.208999
0.01,0.99,100,85,0.0,-1.0,50.0,0.204001
0.01,0.99,100,86,0.0,-1.0,50.0,0.211
0.01,0.99,100,87,0.0,-1.0,50.0,0.2105
0.01,0.99,100,88,0.0,-1.0,50.0,0.214501
0.01,0.99,100,89,0.0,-1.0,50.0,0.224499
0.01,0.99,100,90,0.0,-1.0,50.0,0.218
0.01,0.99,100,91,0.0,-1.0,50.0,0.239999
0.01,0.99,100,92,0.0,-1.0,50.0,0.214002
0.01,0.99,100,93,0.0,-1.0,50.0,0.209999
0.01,0.99,100,94,0.0,-1.0,50.0,0.210502
0.01,0.99,100,95,0.0,-1.0,50.0,0.204001
0.01,0.99,100,96,0.0,-1.0,50.0,0.209998
0.01,0.99,100,97,0.0,-1.0,50.0,0.209998
0.01,0.99,100,98,0.0,-1.0,50.0,0.213001
0.01,0.99,100,99,0.0,-1.0,50.0,0.2245
0.01,0.99,500,0,1.0,0.9,6.0,0.077499
0.01,0.99,500,1,1.0,0.9,6.0,0.076505
0.01,0.99,500,2,1.0,0.9,6.0,0.082496
0.01,0.99,500,3,1.0,0.9,6.0,0.081
0.01,0.99,500,4,1.0,0.9,6.0,0.0755
0.01,0.99,500,5,1.0,0.9,6.0,0.078003
0.01,0.99,500,6,1.0,0.9,6.0,0.082499
0.01,0.99,500,7,1.0,0.9,6.0,0.077498
0.01,0.99,500,8,1.0,0.9,6.0,0.075498
0.01,0.99,500,9,1.0,0.9,6.0,0.078502
0.01,0.99,500,10,1.0,0.9,6.0,0.082001
0.01,0.99,500,11,1.0,0.9,6.0,0.075499
0.01,0.99,500,12,1.0,0.9,6.0,0.082
0.01,0.99,500,13,1.0,0.9,6.0,0.081499
0.01,0.99,500,14,1.0,0.9,6.0,0.072503
0.01,0.99,500,15,1.0,0.9,6.0,0.075998
0.01,0.99,500,16,1.0,0.9,6.0,0.0765
0.01,0.99,500,17,1.0,0.9,6.0,0.079999
0.01,0.99,500,18,1.0,0.9,6.0,0.074001
0.01,0.99,500,19,1.0,0.9,6.0,0.082999
0.01,0.99,500,20,1.0,0.9,6.0,0.079502
0.01,0.99,500,21,1.0,0.9,6.0,0.073999
0.01,0.99,500,22,1.0,0.9,6.0,0.083499
0.01,0.99,500,23,1.0,0.9,6.0,0.081003
0.01,0.99,500,24,1.0,0.9,6.0,0.075998
0.01,0.99,500,25,1.0,0.9,6.0,0.078
0.01,0.99,500,26,1.0,0.9,6.0,0.074501
0.01,0.99,500,27,1.0,0.9,6.0,0.074502
0.01,0.99,500,28,1.0,0.9,6.0,0.076997
0.01,0.99,500,29,1.0,0.9,6.0,0.088001
0.01,0.99,500,30,1.0,0.9,6.0,0.0795
0.01,0.99,500,31,1.0,0.9,6.0,0.08
0.01,0.99,500,32,1.0,0.9,6.0,0.084498
0.01,0.99,500,33,1.0,0.9,6.0,0.076001
0.01,0.99,500,34,1.0,0.9,6.0,0.080535
0.01,0.99,500,35,1.0,0.9,6.0,0.077964
0.01,0.99,500,36,1.0,0.9,6.0,0.081502
0.01,0.99,500,37,1.0,0.9,6.0,0.077999
0.01,0.99,500,38,1.0,0.9,6.0,0.080502
0.01,0.99,500,39,1.0,0.9,6.0,0.076499
0.01,0.99,500,40,1.0,0.9,6.0,0.076998
0.01,0.99,500,41,1.0,0.9,6.0,0.080002
0.01,0.99,500,42,1.0,0.9,6.0,0.079499
0.01,0.99,500,43,1.0,0.9,6.0,0.082001
0.01,0.99,500,44,1.0,0.9,6.0,0.091
0.01,0.99,500,45,1.0,0.9,6.0,0.084999
0.01,0.99,500,46,1.0,0.9,6.0,0.085001
0.01,0.99,500,47,1.0,0.9,6.0,0.090499
0.01,0.99,500,48,1.0,0.9,6.0,0.084505
0.01,0.99,500,49,1.0,0.9,6.0,0.085996
0.01,0.99,500,50,1.0,0.9,6.0,0.087499
0.01,0.99,500,51,1.0,0.9,6.0,0.085502
0.01,0.99,500,52,1.0,0.9,6.0,0.081412
0.01,0.99,500,53,1.0,0.9,6.0,0.085
0.01,0.99,500,54,1.0,0.9,6.0,0.086
0.01,0.99,500,55,1.0,0.9,6.0,0.084501
0.01,0.99,500,56,1.0,0.9,6.0,0.085502
0.01,0.99,500,57,1.0,0.9,6.0,0.086997
0.01,0.99,500,58,1.0,0.9,6.0,0.083501
0.01,0.99,500,59,1.0,0.9,6.0,0.085999
0.01,0.99,500,60,1.0,0.9,6.0,0.084001
0.01,0.99,500,61,1.0,0.9,6.0,0.0855
0.01,0.99,500,62,1.0,0.9,6.0,0.0885
0.01,0.99,500,63,1.0,0.9,6.0,0.0855
0.01,0.99,500,64,1.0,0.9,6.0,0.083001
0.01,0.99,500,65,1.0,0.9,6.0,0.086502
0.01,0.99,500,66,1.0,0.9,6.0,0.087998
0.01,0.99,500,67,1.0,0.9,6.0,0.087
0.01,0.99,500,68,1.0,0.9,6.0,0.087
0.01,0.99,500,69,1.0,0.9,6.0,0.0795
0.01,0.99,500,70,1.0,0.9,6.0,0.083001
0.01,0.99,500,71,1.0,0.9,6.0,0.0855
0.01,0.99,500,72,1.0,0.9,6.0,0.0845
0.01,0.99,500,73,1.0,0.9,6.0,0.085524
0.01,0.99,500,74,1.0,0.9,6.0,0.083477
0.01,0.99,500,75,1.0,0.9,6.0,0.092
0.01,0.99,500,76,1.0,0.9,6.0,0.084602
0.01,0.99,500,77,1.0,0.9,6.0,0.083398
0.01,0.99,500,78,1.0,0.9,6.0,0.0845
0.01,0.99,500,79,1.0,0.9,6.0,0.084502
0.01,0.99,500,80,1.0,0.9,6.0,0.086535
0.01,0.99,500,81,1.0,0.9,6.0,0.080964
0.01,0.99,500,82,1.0,0.9,6.0,0.0885
0.01,0.99,500,83,1.0,0.9,6.0,0.083499
0.01,0.99,500,84,1.0,0.9,6.0,0.088003
0.01,0.99,500,85,1.0,0.9,6.0,0.085501
0.01,0.99,500,86,1.0,0.9,6.0,0.085499
0.01,0.99,500,87,1.0,0.9,6.0,0.081001
0.01,0.99,500,88,1.0,0.9,6.0,0.083001
0.01,0.99,500,89,1.0,0.9,6.0,0.082498
0.01,0.99,500,90,1.0,0.9,6.0,0.087001
0.01,0.99,500,91,1.0,0.9,6.0,0.086501
0.01,0.99,500,92,1.0,0.9,6.0,0.0905
0.01,0.99,500,93,1.0,0.9,6.0,0.082
0.01,0.99,500,94,1.0,0.9,6.0,0.088999
0.01,0.99,500,95,1.0,0.9,6.0,0.088999
0.01,0.99,500,96,1.0,0.9,6.0,0.087
0.01,0.99,500,97,1.0,0.9,6.0,0.083001
0.01,0.99,500,98,1.0,0.9,6.0,0.084504
0.01,0.99,500,99,1.0,0.9,6.0,0.081998
0.01,0.99,2000,0,1.0,0.9,6.0,0.24
0.01,0.99,2000,1,1.0,0.9,6.0,0.235502
0.01,0.99,2000,2,1.0,0.9,6.0,0.226998
0.01,0.99,2000,3,1.0,0.9,6.0,0.245501
0.01,0.99,2000,4,1.0,0.9,6.0,0.227
0.01,0.99,2000,5,1.0,0.9,6.0,0.245501
0.01,0.99,2000,6,1.0,0.9,6.0,0.235999
0.01,0.99,2000,7,1.0,0.9,6.0,0.243001
0.01,0.99,2000,8,1.0,0.9,6.0,0.280003
0.01,0.99,2000,9,1.0,0.9,6.0,0.240998
0.01,0.99,2000,10,1.0,0.9,6.0,0.230501
0.01,0.99,2000,11,1.0,0.9,6.0,0.221
0.01,0.99,2000,12,1.0,0.9,6.0,0.281498
0.01,0.99,2000,13,1.0,0.9,6.0,0.295
0.01,0.99,2000,14,1.0,0.9,6.0,0.229501
0.01,0.99,2000,15,1.0,0.9,6.0,0.2475
0.01,0.99,2000,16,1.0,0.9,6.0,0.292501
0.01,0.99,2000,17,1.0,0.9,6.0,0.294998
0.01,0.99,2000,18,1.0,0.9,6.0,0.292
0.01,0.99,2000,19,1.0,0.9,6.0,0.242499
0.01,0.99,2000,20,1.0,0.9,6.0,0.242501
0.01,0.99,2000,21,1.0,0.9,6.0,0.243999
0.01,0.99,2000,22,1.0,0.9,6.0,0.235501
0.01,0.99,2000,23,1.0,0.9,6.0,0.246001
0.01,0.99,2000,24,1.0,0.9,6.0,0.254999
0.01,0.99,2000,25,1.0,0.9,6.0,0.26
0.01,0.99,2000,26,1.0,0.9,6.0,0.26
0.01,0.99,2000,27,1.0,0.9,6.0,0.263
0.01,0.99,2000,28,1.0,0.9,6.0,0.28
0.01,0.99,2000,29,1.0,0.9,6.0,0.2655
0.01,0.99,2000,30,1.0,0.9,6.0,0.268498
0.01,0.99,2000,31,1.0,0.9,6.0,0.258502
0.01,0.99,2000,32,1.0,0.9,6.0,0.272499
0.01,0.99,2000,33,1.0,0.9,6.0,0.264
0.01,0.99,2000,34,1.0,0.9,6.0,0.228501
0.01,0.99,2000,35,1.0,0.9,6.0,0.205498
0.01,0.99,2000,36,1.0,0.9,6.0,0.236
0.01,0.99,2000,37,1.0,0.9,6.0,0.215502
0.01,0.99,2000,38,1.0,0.9,6.0,0.223
0.01,0.99,2000,39,1.0,0.9,6.0,0.232503
0.01,0.99,2000,40,1.0,0.9,6.0,0.216496
0.01,0.99,2000,41,1.0,0.9,6.0,0.218002
0.01,0.99,2000,42,1.0,0.9,6.0,0.221498
0.01,0.99,2000,43,1.0,0.9,6.0,0.222003
0.01,0.99,2000,44,1.0,0.9,6.0,0.227497
0.01,0.99,2000,45,1.0,0.9,6.0,0.225
0.01,0.99,2000,46,1.0,0.9,6.0,0.233502
0.01,0.99,2000,47,1.0,0.9,6.0,0.222998
0.01,0.99,2000,48,1.0,0.9,6.0,0.232
0.01,0.99,2000,49,1.0,0.9,6.0,0.239002
0.01,0.99,2000,50,1.0,0.9,6.0,0.225498
0.01,0.99,2000,51,1.0,0.9,6.0,0.222501
0.01,0.99,2000,52,1.0,0.9,6.0,0.262499
0.01,0.99,2000,53,1.0,0.9,6.0,0.2255
0.01,0.99,2000,54,1.0,0.9,6.0,0.241999
0.01,0.99,2000,55,1.0,0.9,6.0,0.209002
0.01,0.99,2000,56,1.0,0.9,6.0,0.224498
0.01,0.99,2000,57,1.0,0.9,6.0,0.2215
0.01,0.99,2000,58,1.0,0.9,6.0,0.281
0.01,0.99,2000,59,1.0,0.9,6.0,0.217499
0.01,0.99,2000,60,1.0,0.9,6.0,0.2325
0.01,0.99,2000,61,1.0,0.9,6.0,0.2345
0.01,0.99,2000,62,1.0,0.9,6.0,0.231502
0.01,0.99,2000,63,1.0,0.9,6.0,0.221498
0.01,0.99,2000,64,1.0,0.9,6.0,0.228
0.01,0.99,2000,65,1.0,0.9,6.0,0.244499
0.01,0.99,2000,66,1.0,0.9,6.0,0.2475
0.01,0.99,2000,67,1.0,0.9,6.0,0.255998
0.01,0.99,2000,68,1.0,0.9,6.0,0.2325
0.01,0.99,2000,69,1.0,0.9,6.0,0.232002
0.01,0.99,2000,70,1.0,0.9,6.0,0.233999
0.01,0.99,2000,71,1.0,0.9,6.0,0.224504
0.01,0.99,2000,72,1.0,0.9,6.0,0.221997
0.01,0.99,2000,73,1.0,0.9,6.0,0.220501
0.01,0.99,2000,74,1.0,0.9,6.0,0.217499
0.01,0.99,2000,75,1.0,0.9,6.0,0.2185
0.01,0.99,2000,76,1.0,0.9,6.0,0.217501
0.01,0.99,2000,77,1.0,0.9,6.0,0.211
0.01,0.99,2000,78,1.0,0.9,6.0,0.222499
0.01,0.99,2000,79,1.0,0.9,6.0,0.2255
0.01,0.99,2000,80,1.0,0.9,6.0,0.22
0.01,0.99,2000,81,1.0,0.9,6.0,0.215499
0.01,0.99,2000,82,1.0,0.9,6.0,0.223001
0.01,0.99,2000,83,1.0,0.9,6.0,0.2365
0.01,0.99,2000,84,1.0,0.9,6.0,0.227
0.01,0.99,2000,85,1.0,0.9,6.0,0.223499
0.01,0.99,2000,86,1.0,0.9,6.0,0.231
0.01,0.99,2000,87,1.0,0.9,6.0,0.249001
0.01,0.99,2000,88,1.0,0.9,6.0,0.242499
0.01,0.99,2000,89,1.0,0.9,6.0,0.237001
0.01,0.99,2000,90,1.0,0.9,6.0,0.269997
0.01,0.99,2000,91,1.0,0.9,6.0,0.287001
0.01,0.99,2000,92,1.0,0.9,6.0,0.271497
0.01,0.99,2000,93,1.0,0.9,6.0,0.282
0.01,0.99,2000,94,1.0,0.9,6.0,0.223999
0.01,0.99,2000,95,1.0,0.9,6.0,0.233502
0.01,0.99,2000,96,1.0,0.9,6.0,0.2355
0.01,0.99,2000,97,1.0,0.9,6.0,0.221
0.01,0.99,2000,98,1.0,0.9,6.0,0.233
0.01,0.99,2000,99,1.0,0.9,6.0,0.217499
0.05,0.0,20,0,0.43,-0.3262,38.24,0.196154
0.05,0.0,20,1,0.0,-1.0,50.0,0.229847
0.05,0.0,20,2,0.0,-1.0,50.0,0.237499
0.05,0.0,20,3,0.0,-1.0,50.0,0.223002
0.05,0.0,20,4,0.0,-1.0,50.0,0.204
0.05,0.0,20,5,0.0,-1.0,50.0,0.224501
0.05,0.0,20,6,0.0,-1.0,50.0,0.210999
0.05,0.0,20,7,0.0,-1.0,50.0,0.200998
0.05,0.0,20,8,0.375,-0.3199,35.12,0.147501
0.05,0.0,20,9,0.0,-1.0,50.0,0.2035
0.05,0.0,20,10,0.0,-1.0,50.0,0.1985
0.05,0.0,20,11,0.73,0.1221,31.125,0.128998
0.05,0.0,20,12,0.0,-1.0,50.0,0.1985
0.05,0.0,20,13,0.0,-1.0,50.0,0.201537
0.05,0.0,20,14,0.0,-1.0,50.0,0.204963
0.05,0.0,20,15,0.0,-1.0,50.0,0.198501
0.05,0.0,20,16,0.99,0.6021,20.385,0.088499
0.05,0.0,20,17,0.97,0.592,19.87,0.087001
0.05,0.0,20,18,0.705,0.0551,33.2,0.137498
0.05,0.0,20,19,0.0,-1.0,50.0,0.200502
0.05,0.0,20,20,0.0,-1.0,50.0,0.195001
0.05,0.0,20,21,0.0,-1.0,50.0,0.199497
0.05,0.0,20,22,0.0,-1.0,50.0,0.199
0.05,0.0,20,23,0.0,-1.0,50.0,0.1995
0.05,0.0,20,24,0.0,-1.0,50.0,0.198502
0.05,0.0,20,25,0.0,-1.0,50.0,0.200999
0.05,0.0,20,26,0.0,-1.0,50.0,0.1995
0.05,0.0,20,27,0.92,0.4438,24.73,0.104499
0.05,0.0,20,28,0.0,-1.0,50.0,0.214001
0.05,0.0,20,29,0.0,-1.0,50.0,0.204
0.05,0.0,20,30,0.495,-0.1166,31.075,0.131001
0.05,0.0,20,31,0.0,-1.0,50.0,0.208
0.05,0.0,20,32,0.0,-1.0,50.0,0.203998
0.05,0.0,20,33,0.815,0.257,28.715,0.130001
0.05,0.0,20,34,0.0,-1.0,50.0,0.202
0.05,0.0,20,35,0.0,-1.0,50.0,0.193002
0.05,0.0,20,36,0.99,0.7202,14.48,0.063998
0.05,0.0,20,37,0.3,-0.5733,43.965,0.179999
0.05,0.0,20,38,0.0,-1.0,50.0,0.192501
0.05,0.0,20,39,0.0,-1.0,50.0,0.200999
0.05,0.0,20,40,0.84,0.3957,23.055,0.104
0.05,0.0,20,41,0.0,-1.0,50.0,0.196999
0.05,0.0,20,42,0.0,-1.0,50.0,0.201501
0.05,0.0,20,43,0.0,-1.0,50.0,0.201498
0.05,0.0,20,44,0.0,-1.0,50.0,0.198
0.05,0.0,20,45,0.0,-1.0,50.0,0.206501
0.05,0.0,20,46,0.0,-1.0,50.0,0.194999
0.05,0.0,20,47,0.0,-1.0,50.0,0.191003
0.05,0.0,20,48,0.0,-1.0,50.0,0.207497
0.05,0.0,20,49,0.0,-1.0,50.0,0.198002
0.05,0.0,20,50,0.0,-1.0,50.0,0.206498
0.05,0.0,20,51,0.0,-1.0,50.0,0.1985
0.05,0.0,20,52,0.0,-1.0,50.0,0.197501
0.05,0.0,20,53,0.0,-1.0,50.0,0.193999
0.05,0.0,20,54,0.36,-0.4728,42.0,0.172499
0.05,0.0,20,55,0.73,0.1031,32.075,0.131
0.05,0.0,20,56,0.0,-1.0,50.0,0.204501
0.05,0.0,20,57,0.0,-1.0,50.0,0.202499
0.05,0.0,20,58,0.0,-1.0,50.0,0.213502
0.05,0.0,20,59,0.0,-1.0,50.0,0.205499
0.05,0.0,20,60,0.0,-1.0,50.0,0.211999
0.05,0.0,20,61,0.0,-1.0,50.0,0.204
0.05,0.0,20,62,0.935,0.4893,23.22,0.097001
0.05,0.0,20,63,0.0,-1.0,50.0,0.206999
0.05,0.0,20,64,0.0,-1.0,50.0,0.196501
0.05,0.0,20,65,0.0,-1.0,50.0,0.203001
0.05,0.0,20,66,0.98,0.6124,19.36,0.089999
0.05,0.0,20,67,0.0,-1.0,50.0,0.203
0.05,0.0,20,68,0.0,-1.0,50.0,0.196499
0.05,0.0,20,69,0.0,-1.0,50.0,0.2005
0.05,0.0,20,70,0.0,-1.0,50.0,0.199
0.05,0.0,20,71,0.0,-1.0,50.0,0.220999
0.05,0.0,20,72,0.0,-1.0,50.0,0.199502
0.05,0.0,20,73,0.0,-1.0,50.0,0.193499
0.05,0.0,20,74,0.0,-1.0,50.0,0.195
0.05,0.0,20,75,0.0,-1.0,50.0,0.199003
0.05,0.0,20,76,0.0,-1.0,50.0,0.204497
0.05,0.0,20,77,0.975,0.6325,18.1,0.076501
0.05,0.0,20,78,0.0,-1.0,50.0,0.198
0.05,0.0,20,79,0.0,-1.0,50.0,0.204502
0.05,0.0,20,80,0.0,-1.0,50.0,0.199497
0.05,0.0,20,81,0.0,-1.0,50.0,0.198502
0.05,0.0,20,82,0.55,-0.0525,30.675,0.129501
0.05,0.0,20,83,0.0,-1.0,50.0,0.194497
0.05,0.0,20,84,0.0,-1.0,50.0,0.198003
0.05,0.0,20,85,0.0,-1.0,50.0,0.211498
0.05,0.0,20,86,0.33,-0.495,41.58,0.175002
0.05,0.0,20,87,0.28,-0.4787,38.215,0.162997
0.05,0.0,20,88,0.0,-1.0,50.0,0.2085
0.05,0.0,20,89,0.0,-1.0,50.0,0.197
0.05,0.0,20,90,0.0,-1.0,50.0,0.252001
0.05,0.0,20,91,0.0,-1.0,50.0,0.2055
0.05,0.0,20,92,0.0,-1.0,50.0,0.2015
0.05,0.0,20,93,0.0,-1.0,50.0,0.1925
0.05,0.0,20,94,0.0,-1.0,50.0,0.189499
0.05,0.0,20,95,0.0,-1.0,50.0,0.193001
0.05,0.0,20,96,0.0,-1.0,50.0,0.198999
0.05,0.0,20,97,0.0,-1.0,50.0,0.203
0.05,0.0,20,98,0.0,-1.0,50.0,0.199502
0.05,0.0,20,99,0.0,-1.0,50.0,0.196499
0.05,0.0,100,0,0.0,-1.0,50.0,0.221999
0.05,0.0,100,1,0.0,-1.0,50.0,0.221501
0.05,0.0,100,2,0.48,-0.2354,36.25,0.175001
0.05,0.0,100,3,0.0,-1.0,50.0,0.226499
0.05,0.0,100,4,0.0,-1.0,50.0,0.2225
0.05,0.0,100,5,0.995,0.6562,17.935,0.100001
0.05,0.0,100,6,0.0,-1.0,50.0,0.2145
0.05,0.0,100,7,0.485,-0.1594,32.705,0.155999
0.05,0.0,100,8,0.0,-1.0,50.0,0.229502
0.05,0.0,100,9,0.095,-0.8312,46.405,0.204497
0.05,0.0,100,10,0.0,-1.0,50.0,0.269502
0.05,0.0,100,11,0.0,-1.0,50.0,0.254999
0.05,0.0,100,12,0.0,-1.0,50.0,0.225999
0.05,0.0,100,13,0.0,-1.0,50.0,0.224501
0.05,0.0,100,14,0.0,-1.0,50.0,0.233999
0.05,0.0,100,15,0.0,-1.0,50.0,0.257
0.05,0.0,100,16,0.0,-1.0,50.0,0.260001
0.05,0.0,100,17,0.0,-1.0,50.0,0.238501
0.05,0.0,100,18,0.0,-1.0,50.0,0.224999
0.05,0.0,100,19,1.0,0.7703,12.485,0.0785
0.05,0.0,100,20,0.0,-1.0,50.0,0.231001
0.05,0.0,100,21,0.0,-1.0,50.0,0.227999
0.05,0.0,100,22,0.9,0.4439,23.705,0.1245
0.05,0.0,100,23,0.96,0.5685,20.535,0.1185
0.05,0.0,100,24,0.0,-1.0,50.0,0.217999
0.05,0.0,100,25,0.98,0.633,18.33,0.099
0.05,0.0,100,26,0.0,-1.0,50.0,0.232501
0.05,0.0,100,27,0.0,-1.0,50.0,0.216499
0.05,0.0,100,28,0.0,-1.0,50.0,0.2295
0.05,0.0,100,29,0.0,-1.0,50.0,0.228001
0.05,0.0,100,30,0.0,-1.0,50.0,0.217
0.05,0.0,100,31,0.0,-1.0,50.0,0.222999
0.05,0.0,100,32,0.0,-1.0,50.0,0.224504
0.05,0.0,100,33,0.0,-1.0,50.0,0.220999
0.05,0.0,100,34,0.0,-1.0,50.0,0.230999
0.05,0.0,100,35,0.0,-1.0,50.0,0.227999
0.05,0.0,100,36,0.16,-0.7092,43.62,0.202002
0.05,0.0,100,37,0.0,-1.0,50.0,0.228499
0.05,0.0,100,38,1.0,0.7676,12.62,0.081
0.05,0.0,100,39,0.0,-1.0,50.0,0.223002
0.05,0.0,100,40,0.0,-1.0,50.0,0.2265
0.05,0.0,100,41,0.0,-1.0,50.0,0.240499
0.05,0.0,100,42,0.0,-1.0,50.0,0.2265
0.05,0.0,100,43,0.0,-1.0,50.0,0.2195
0.05,0.0,100,44,0.0,-1.0,50.0,0.217999
0.05,0.0,100,45,0.0,-1.0,50.0,0.2285
0.05,0.0,100,46,0.0,-1.0,50.0,0.223502
0.05,0.0,100,47,0.0,-1.0,50.0,0.245998
0.05,0.0,100,48,0.0,-1.0,50.0,0.2175
0.05,0.0,100,49,0.0,-1.0,50.0,0.233
0.05,0.0,100,50,0.0,-1.0,50.0,0.2205
0.05,0.0,100,51,0.0,-1.0,50.0,0.220499
0.05,0.0,100,52,0.0,-1.0,50.0,0.239504
0.05,0.0,100,53,0.635,-0.0249,33.63,0.171499
0.05,0.0,100,54,1.0,0.7867,11.665,0.084498
0.05,0.0,100,55,0.0,-1.0,50.0,0.243531
0.05,0.0,100,56,0.0,-1.0,50.0,0.225969
0.05,0.0,100,57,0.0,-1.0,50.0,0.2315
0.05,0.0,100,58,0.0,-1.0,50.0,0.227048
0.05,0.0,100,59,0.0,-1.0,50.0,0.250501
0.05,0.0,100,60,0.0,-1.0,50.0,0.220501
0.05,0.0,100,61,0.84,0.3118,27.25,0.132498
0.05,0.0,100,62,0.745,0.159,30.045,0.148
0.05,0.0,100,63,0.0,-1.0,50.0,0.220999
0.05,0.0,100,64,0.0,-1.0,50.0,0.221
0.05,0.0,100,65,0.0,-1.0,50.0,0.249001
0.05,0.0,100,66,0.0,-1.0,50.0,0.237499
0.05,0.0,100,67,0.0,-1.0,50.0,0.236001
0.05,0.0,100,68,0.0,-1.0,50.0,0.236001
0.05,0.0,100,69,0.0,-1.0,50.0,0.221499
0.05,0.0,100,70,0.0,-1.0,50.0,0.212999
0.05,0.0,100,71,0.0,-1.0,50.0,0.224499
0.05,0.0,100,72,0.0,-1.0,50.0,0.231503
0.05,0.0,100,73,0.0,-1.0,50.0,0.225
0.05,0.0,100,74,0.0,-1.0,50.0,0.225501
0.05,0.0,100,75,0.0,-1.0,50.0,0.222002
0.05,0.0,100,76,0.0,-1.0,50.0,0.221497
0.05,0.0,100,77,0.0,-1.0,50.0,0.244002
0.05,0.0,100,78,0.0,-1.0,50.0,0.226499
0.05,0.0,100,79,0.915,0.4601,23.66,0.12012
0.05,0.0,100,80,0.0,-1.0,50.0,0.223382
0.05,0.0,100,81,0.0,-1.0,50.0,0.230503
0.05,0.0,100,82,0.0,-1.0,50.0,0.242501
0.05,0.0,100,83,0.0,-1.0,50.0,0.227997
0.05,0.0,100,84,0.995,0.7097,15.26,0.088003
0.05,0.0,100,85,0.0,-1.0,50.0,0.233502
0.05,0.0,100,86,0.0,-1.0,50.0,0.221499
0.05,0.0,100,87,0.0,-1.0,50.0,0.224499
0.05,0.0,100,88,0.0,-1.0,50.0,0.229501
0.05,0.0,100,89,0.0,-1.0,50.0,0.2155
0.05,0.0,100,90,0.0,-1.0,50.0,0.233
0.05,0.0,100,91,0.0,-1.0,50.0,0.224499
0.05,0.0,100,92,0.0,-1.0,50.0,0.2245
0.05,0.0,100,93,0.0,-1.0,50.0,0.222001
0.05,0.0,100,94,0.0,-1.0,50.0,0.245001
0.05,0.0,100,95,0.0,-1.0,50.0,0.244999
0.05,0.0,100,96,0.0,-1.0,50.0,0.236499
0.05,0.0,100,97,0.0,-1.0,50.0,0.224501
0.05,0.0,100,98,0.0,-1.0,50.0,0.2275
0.05,0.0,100,99,0.0,-1.0,50.0,0.224
0.05,0.0,500,0,0.07,-0.8831,47.725,0.343
0.05,0.0,500,1,0.455,-0.2698,36.695,0.294002
0.05,0.0,500,2,0.0,-1.0,50.0,0.354498
0.05,0.0,500,3,0.0,-1.0,50.0,0.352001
0.05,0.0,500,4,0.15,-0.7461,44.955,0.329499
0.05,0.0,500,5,0.41,-0.3486,38.34,0.2985
0.05,0.0,500,6,0.505,-0.1851,35.01,0.2975
0.05,0.0,500,7,0.0,-1.0,50.0,0.3345
0.05,0.0,500,8,0.0,-1.0,50.0,0.3525
0.05,0.0,500,9,0.4,-0.3887,39.835,0.329502
0.05,0.0,500,10,0.0,-1.0,50.0,0.3465
0.05,0.0,500,11,0.0,-1.0,50.0,0.409999
0.05,0.0,500,12,0.42,-0.3939,41.115,0.307
0.05,0.0,500,13,0.29,-0.5667,43.125,0.3155
0.05,0.0,500,14,0.06,-0.8991,48.015,0.3325
0.05,0.0,500,15,0.0,-1.0,50.0,0.345633
0.05,0.0,500,16,0.0,-1.0,50.0,0.336368
0.05,0.0,500,17,0.56,-0.1339,35.255,0.292998
0.05,0.0,500,18,0.865,0.3356,27.335,0.266005
0.05,0.0,500,19,0.0,-1.0,50.0,0.351996
0.05,0.0,500,20,0.855,0.3225,27.48,0.256
0.05,0.0,500,21,0.79,0.2413,28.225,0.268501
0.05,0.0,500,22,0.335,-0.5148,42.825,0.326999
0.05,0.0,500,23,0.17,-0.7187,44.605,0.349001
0.05,0.0,500,24,0.0,-1.0,50.0,0.351499
0.05,0.0,500,25,0.0,-1.0,50.0,0.3445
0.05,0.0,500,26,0.695,0.0636,32.265,0.282502
0.05,0.0,500,27,0.11,-0.8257,46.895,0.316498
0.05,0.0,500,28,0.19,-0.6832,43.85,0.318001
0.05,0.0,500,29,0.135,-0.7687,45.32,0.318
0.05,0.0,500,30,0.14,-0.7923,46.755,0.336502
0.05,0.0,500,31,0.18,-0.7274,45.55,0.332498
0.05,0.0,500,32,0.43,-0.375,40.68,0.313001
0.05,0.0,500,33,0.0,-1.0,50.0,0.345002
0.05,0.0,500,34,0.93,0.4682,24.02,0.254997
0.05,0.0,500,35,0.52,-0.2153,37.285,0.291001
0.05,0.0,500,36,0.1,-0.8409,47.145,0.368501
0.05,0.0,500,37,0.555,-0.1112,33.865,0.3235
0.05,0.0,500,38,0.55,-0.1661,36.355,0.317499
0.05,0.0,500,39,0.335,-0.452,39.685,0.3285
0.05,0.0,500,40,0.0,-1.0,50.0,0.386002
0.05,0.0,500,41,0.635,0.0045,32.16,0.276999
0.05,0.0,500,42,0.15,-0.7867,46.985,0.346499
0.05,0.0,500,43,0.0,-1.0,50.0,0.375
0.05,0.0,500,44,0.0,-1.0,50.0,0.342497
0.05,0.0,500,45,0.775,0.2136,28.845,0.254001
0.05,0.0,500,46,0.175,-0.7509,46.47,0.334501
0.05,0.0,500,47,0.0,-1.0,50.0,0.343499
0.05,0.0,500,48,0.0,-1.0,50.0,0.355002
0.05,0.0,500,49,0.0,-1.0,50.0,0.351999
0.05,0.0,500,50,0.565,-0.1556,36.595,0.313499
0.05,0.0,500,51,0.38,-0.4103,39.895,0.3035
0.05,0.0,500,52,0.0,-1.0,50.0,0.361501
0.05,0.0,500,53,0.385,-0.4002,39.645,0.305499
0.05,0.0,500,54,0.0,-1.0,50.0,0.344501
0.05,0.0,500,55,0.37,-0.4305,40.395,0.3335
0.05,0.0,500,56,0.385,-0.4416,41.715,0.315999
0.05,0.0,500,57,0.56,-0.0811,32.615,0.283502
0.05,0.0,500,58,0.285,-0.5666,42.865,0.339997
0.05,0.0,500,59,0.0,-1.0,50.0,0.3425
0.05,0.0,500,60,0.0,-1.0,50.0,0.351003
0.05,0.0,500,61,0.0,-1.0,50.0,0.340999
0.05,0.0,500,62,0.0,-1.0,50.0,0.340999
0.05,0.0,500,63,0.625,-0.0278,33.265,0.292001
0.05,0.0,500,64,0.0,-1.0,50.0,0.3645
0.05,0.0,500,65,0.0,-1.0,50.0,0.357998
0.05,0.0,500,66,0.0,-1.0,50.0,0.405002
0.05,0.0,500,67,0.085,-0.8705,47.86,0.347499
0.05,0.0,500,68,0.245,-0.6319,44.09,0.325001
0.05,0.0,500,69,0.0,-1.0,50.0,0.334498
0.05,0.0,500,70,0.5,-0.2207,36.535,0.314
0.05,0.0,500,71,0.19,-0.718,45.59,0.332001
0.05,0.0,500,72,0.415,-0.3692,39.625,0.3005
0.05,0.0,500,73,0.5,-0.2165,36.325,0.290002
0.05,0.0,500,74,0.295,-0.568,43.445,0.311001
0.05,0.0,500,75,0.635,0.0051,32.13,0.275002
0.05,0.0,500,76,0.0,-1.0,50.0,0.346498
0.05,0.0,500,77,0.31,-0.4854,40.08,0.3025
0.05,0.0,500,78,0.305,-0.5278,41.945,0.311002
0.05,0.0,500,79,0.09,-0.8508,47.13,0.344999
0.05,0.0,500,80,0.96,0.5589,21.015,0.248499
0.05,0.0,500,81,0.0,-1.0,50.0,0.347502
0.05,0.0,500,82,0.0,-1.0,50.0,0.349997
0.05,0.0,500,83,0.25,-0.6064,43.07,0.322502
0.05,0.0,500,84,0.23,-0.6544,44.45,0.324
0.05,0.0,500,85,0.0,-1.0,50.0,0.3475
0.05,0.0,500,86,0.335,-0.5087,42.52,0.3
0.05,0.0,500,87,0.18,-0.7044,44.4,0.324499
0.05,0.0,500,88,0.565,-0.0734,32.485,0.2765
0.05,0.0,500,89,0.2,-0.692,44.8,0.335
0.05,0.0,500,90,0.0,-1.0,50.0,0.357501
0.05,0.0,500,91,0.0,-1.0,50.0,0.356499
0.05,0.0,500,92,0.0,-1.0,50.0,0.410504
0.05,0.0,500,93,0.0,-1.0,50.0,0.338501
0.05,0.0,500,94,0.475,-0.2452,36.485,0.2975
0.05,0.0,500,95,0.0,-1.0,50.0,0.341999
0.05,0.0,500,96,0.0,-1.0,50.0,0.347501
0.05,0.0,500,97,0.095,-0.8458,47.135,0.324
0.05,0.0,500,98,0.0,-1.0,50.0,0.333501
0.05,0.0,500,99,0.615,-0.0167,32.2,0.2645
0.05,0.0,2000,0,0.755,0.1466,31.175,0.7135
0.05,0.0,2000,1,0.715,0.0774,32.595,0.711502
0.05,0.0,2000,2,0.76,0.1912,29.2,0.678499
0.05,0.0,2000,3,0.765,0.1577,31.13,0.699999
0.05,0.0,2000,4,0.75,0.135,31.5,0.727501
0.05,0.0,2000,5,0.695,0.054,32.745,0.699498
0.05,0.0,2000,6,0.695,0.0606,32.415,0.714
0.05,0.0,2000,7,0.725,0.0839,32.78,0.719499
0.05,0.0,2000,8,0.765,0.1639,30.82,0.691001
0.05,0.0,2000,9,0.73,0.1067,31.895,0.69935
0.05,0.0,2000,10,0.735,0.118,31.585,0.694998
0.05,0.0,2000,11,0.75,0.1552,30.49,0.734501
0.05,0.0,2000,12,0.77,0.1703,30.755,0.731498
0.05,0.0,2000,13,0.71,0.095,31.46,0.7505
0.05,0.0,2000,14,0.7,0.0334,34.03,0.719
0.05,0.0,2000,15,0.76,0.1566,30.93,0.6895
0.05,0.0,2000,16,0.75,0.1484,30.83,0.734498
0.05,0.0,2000,17,0.71,0.0818,32.12,0.702003
0.05,0.0,2000,18,0.805,0.2131,30.4,0.704998
0.05,0.0,2000,19,0.765,0.1457,31.73,0.712004
0.05,0.0,2000,20,0.73,0.1154,31.46,0.712996
0.05,0.0,2000,21,0.715,0.0868,32.125,0.725501
0.05,0.0,2000,22,0.72,0.078,32.82,0.6875
0.05,0.0,2000,23,0.745,0.1372,31.135,0.701608
0.05,0.0,2000,24,0.76,0.1602,30.75,0.686392
0.05,0.0,2000,25,0.74,0.1381,30.835,0.715
0.05,0.0,2000,26,0.825,0.2471,29.72,0.7255
0.05,0.0,2000,27,0.75,0.1355,31.475,0.6965
0.05,0.0,2000,28,0.745,0.1697,29.51,0.727999
0.05,0.0,2000,29,0.78,0.2046,29.55,0.691501
0.05,0.0,2000,30,0.77,0.168,30.87,0.708499
0.05,0.0,2000,31,0.77,0.1574,31.4,0.703003
0.05,0.0,2000,32,0.755,0.1526,30.875,0.700006
0.05,0.0,2000,33,0.765,0.1711,30.46,0.859493
0.05,0.0,2000,34,0.795,0.1924,30.925,0.767499
0.05,0.0,2000,35,0.73,0.1125,31.605,0.7195
0.05,0.0,2000,36,0.73,0.1119,31.635,0.6905
0.05,0.0,2000,37,0.74,0.145,30.49,0.700499
0.05,0.0,2000,38,0.725,0.0965,32.15,0.731
0.05,0.0,2000,39,0.725,0.0866,32.645,0.688002
0.05,0.0,2000,40,0.765,0.1688,30.575,0.692499
0.05,0.0,2000,41,0.71,0.0704,32.69,0.708502
0.05,0.0,2000,42,0.675,-0.0098,34.915,0.715998
0.05,0.0,2000,43,0.715,0.0973,31.6,0.685501
0.05,0.0,2000,44,0.795,0.2055,30.27,0.6925
0.05,0.0,2000,45,0.755,0.1801,29.5,0.688002
0.05,0.0,2000,46,0.78,0.1752,31.02,0.673498
0.05,0.0,2000,47,0.69,0.047,32.84,0.6985
0.05,0.0,2000,48,0.725,0.1249,30.73,0.695999
0.05,0.0,2000,49,0.755,0.1508,30.965,0.713504
0.05,0.0,2000,50,0.675,0.0309,32.88,0.718995
0.05,0.0,2000,51,0.77,0.1503,31.755,0.714
0.05,0.0,2000,52,0.775,0.1868,30.185,0.7005
0.05,0.0,2000,53,0.74,0.1071,32.385,0.712001
0.05,0.0,2000,54,0.765,0.1468,31.675,0.730002
0.05,0.0,2000,55,0.745,0.1354,31.225,0.798499
0.05,0.0,2000,56,0.745,0.1306,31.465,0.780999
0.05,0.0,2000,57,0.705,0.0796,31.975,0.705001
0.05,0.0,2000,58,0.79,0.1951,30.535,0.704
0.05,0.0,2000,59,0.75,0.1069,32.905,0.708999
0.05,0.0,2000,60,0.795,0.2097,30.06,0.694501
0.05,0.0,2000,61,0.75,0.1428,31.11,0.703999
0.05,0.0,2000,62,0.77,0.1902,29.76,0.691501
0.05,0.0,2000,63,0.71,0.0555,33.435,0.709999
0.05,0.0,2000,64,0.76,0.1375,31.885,0.692
0.05,0.0,2000,65,0.73,0.0877,32.845,0.704499
0.05,0.0,2000,66,0.79,0.2075,29.915,0.678
0.05,0.0,2000,67,0.755,0.136,31.705,0.684499
0.05,0.0,2000,68,0.725,0.1186,31.045,0.706502
0.05,0.0,2000,69,0.675,0.015,33.675,0.714998
0.05,0.0,2000,70,0.78,0.1726,31.15,0.687
0.05,0.0,2000,71,0.735,0.1281,31.08,0.69
0.05,0.0,2000,72,0.735,0.1074,32.115,0.6875
0.05,0.0,2000,73,0.715,0.0768,32.625,0.6885
0.05,0.0,2000,74,0.75,0.1184,32.33,0.711499
0.05,0.0,2000,75,0.78,0.1899,30.285,0.7705
0.05,0.0,2000,76,0.75,0.1275,31.875,0.703499
0.05,0.0,2000,77,0.73,0.1011,32.175,0.684536
0.05,0.0,2000,78,0.71,0.0788,32.27,0.739465
0.05,0.0,2000,79,0.695,0.042,33.345,0.697
0.05,0.0,2000,80,0.705,0.0671,32.6,0.6935
0.05,0.0,2000,81,0.72,0.067,33.37,0.699503
0.05,0.0,2000,82,0.775,0.1674,31.155,0.697499
0.05,0.0,2000,83,0.73,0.1215,31.155,0.6955
0.05,0.0,2000,84,0.7,0.0688,32.26,0.7115
0.05,0.0,2000,85,0.725,0.0838,32.785,0.703998
0.05,0.0,2000,86,0.7,0.0555,32.925,0.7055
0.05,0.0,2000,87,0.685,0.0298,33.445,0.6975
0.05,0.0,2000,88,0.76,0.1769,29.915,0.713
0.05,0.0,2000,89,0.76,0.1213,32.695,0.7
0.05,0.0,2000,90,0.72,0.1105,31.195,0.694499
0.05,0.0,2000,91,0.75,0.1539,30.555,0.720502
0.05,0.0,2000,92,0.72,0.1123,31.105,0.709499
0.05,0.0,2000,93,0.715,0.0727,32.83,0.7095
0.05,0.0,2000,94,0.695,0.0431,33.29,0.716498
0.05,0.0,2000,95,0.715,0.0948,31.725,0.755
0.05,0.0,2000,96,0.715,0.0702,32.955,0.732501
0.05,0.0,2000,97,0.67,-0.0067,34.505,0.829
0.05,0.0,2000,98,0.755,0.1503,30.99,0.7415
0.05,0.0,2000,99,0.795,0.2105,30.02,0.7025
0.05,0.5,20,0,0.0,-1.0,50.0,0.208503
0.05,0.5,20,1,0.0,-1.0,50.0,0.203496
0.05,0.5,20,2,0.0,-1.0,50.0,0.201501
0.05,0.5,20,3,0.0,-1.0,50.0,0.206002
0.05,0.5,20,4,0.0,-1.0,50.0,0.196498
0.05,0.5,20,5,0.0,-1.0,50.0,0.204515
0.05,0.5,20,6,0.0,-1.0,50.0,0.207985
0.05,0.5,20,7,0.0,-1.0,50.0,0.199502
0.05,0.5,20,8,0.0,-1.0,50.0,0.202998
0.05,0.5,20,9,0.0,-1.0,50.0,0.197501
0.05,0.5,20,10,0.0,-1.0,50.0,0.190998
0.05,0.5,20,11,0.0,-1.0,50.0,0.2115
0.05,0.5,20,12,0.0,-1.0,50.0,0.211001
0.05,0.5,20,13,0.0,-1.0,50.0,0.197498
0.05,0.5,20,14,0.0,-1.0,50.0,0.210502
0.05,0.5,20,15,0.0,-1.0,50.0,0.202999
0.05,0.5,20,16,0.0,-1.0,50.0,0.2045
0.05,0.5,20,17,0.0,-1.0,50.0,0.199502
0.05,0.5,20,18,0.0,-1.0,50.0,0.200498
0.05,0.5,20,19,0.0,-1.0,50.0,0.193501
0.05,0.5,20,20,0.0,-1.0,50.0,0.202001
0.05,0.5,20,21,0.0,-1.0,50.0,0.204499
0.05,0.5,20,22,0.0,-1.0,50.0,0.206999
0.05,0.5,20,23,0.0,-1.0,50.0,0.209001
0.05,0.5,20,24,0.0,-1.0,50.0,0.204001
0.05,0.5,20,25,0.0,-1.0,50.0,0.2035
0.05,0.5,20,26,0.0,-1.0,50.0,0.201001
0.05,0.5,20,27,0.0,-1.0,50.0,0.202
0.05,0.5,20,28,0.0,-1.0,50.0,0.202
0.05,0.5,20,29,0.0,-1.0,50.0,0.200001
0.05,0.5,20,30,0.0,-1.0,50.0,0.205
0.05,0.5,20,31,0.0,-1.0,50.0,0.200999
0.05,0.5,20,32,0.0,-1.0,50.0,0.206501
0.05,0.5,20,33,0.0,-1.0,50.0,0.194501
0.05,0.5,20,34,0.0,-1.0,50.0,0.201998
0.05,0.5,20,35,0.0,-1.0,50.0,0.197001
0.05,0.5,20,36,0.0,-1.0,50.0,0.206499
0.05,0.5,20,37,0.0,-1.0,50.0,0.205501
0.05,0.5,20,38,0.0,-1.0,50.0,0.200999
0.05,0.5,20,39,0.0,-1.0,50.0,0.206501
0.05,0.5,20,40,0.0,-1.0,50.0,0.200999
0.05,0.5,20,41,0.0,-1.0,50.0,0.1945
0.05,0.5,20,42,1.0,0.9,6.0,0.029
0.05,0.5,20,43,0.0,-1.0,50.0,0.201502
0.05,0.5,20,44,0.0,-1.0,50.0,0.199499
0.05,0.5,20,45,0.0,-1.0,50.0,0.195002
0.05,0.5,20,46,0.0,-1.0,50.0,0.203497
0.05,0.5,20,47,0.0,-1.0,50.0,0.198001
0.05,0.5,20,48,0.0,-1.0,50.0,0.195499
0.05,0.5,20,49,0.0,-1.0,50.0,0.205003
0.05,0.5,20,50,0.0,-1.0,50.0,0.196499
0.05,0.5,20,51,0.0,-1.0,50.0,0.2065
0.05,0.5,20,52,0.0,-1.0,50.0,0.205001
0.05,0.5,20,53,0.0,-1.0,50.0,0.199497
0.05,0.5,20,54,0.0,-1.0,50.0,0.2045
0.05,0.5,20,55,0.0,-1.0,50.0,0.257001
0.05,0.5,20,56,0.0,-1.0,50.0,0.210999
0.05,0.5,20,57,0.0,-1.0,50.0,0.205502
0.05,0.5,20,58,0.0,-1.0,50.0,0.203003
0.05,0.5,20,59,0.0,-1.0,50.0,0.204497
0.05,0.5,20,60,0.0,-1.0,50.0,0.2035
0.05,0.5,20,61,0.0,-1.0,50.0,0.207
0.05,0.5,20,62,0.0,-1.0,50.0,0.209999
0.05,0.5,20,63,1.0,0.9,6.0,0.029999
0.05,0.5,20,64,0.0,-1.0,50.0,0.207001
0.05,0.5,20,65,0.0,-1.0,50.0,0.198001
0.05,0.5,20,66,0.0,-1.0,50.0,0.215587
0.05,0.5,20,67,0.0,-1.0,50.0,0.201997
0.05,0.5,20,68,0.0,-1.0,50.0,0.2045
0.05,0.5,20,69,0.0,-1.0,50.0,0.199502
0.05,0.5,20,70,0.0,-1.0,50.0,0.194998
0.05,0.5,20,71,0.0,-1.0,50.0,0.207
0.05,0.5,20,72,0.0,-1.0,50.0,0.206002
0.05,0.5,20,73,0.0,-1.0,50.0,0.197998
0.05,0.5,20,74,0.0,-1.0,50.0,0.204001
0.05,0.5,20,75,0.0,-1.0,50.0,0.2065
0.05,0.5,20,76,0.0,-1.0,50.0,0.210003
0.05,0.5,20,77,0.0,-1.0,50.0,0.200998
0.05,0.5,20,78,0.0,-1.0,50.0,0.203501
0.05,0.5,20,79,0.0,-1.0,50.0,0.199999
0.05,0.5,20,80,0.0,-1.0,50.0,0.202003
0.05,0.5,20,81,0.0,-1.0,50.0,0.199998
0.05,0.5,20,82,0.0,-1.0,50.0,0.199001
0.05,0.5,20,83,0.0,-1.0,50.0,0.201999
0.05,0.5,20,84,0.0,-1.0,50.0,0.196502
0.05,0.5,20,85,0.0,-1.0,50.0,0.202497
0.05,0.5,20,86,0.0,-1.0,50.0,0.201502
0.05,0.5,20,87,0.0,-1.0,50.0,0.224
0.05,0.5,20,88,0.0,-1.0,50.0,0.214999
0.05,0.5,20,89,0.0,-1.0,50.0,0.1995
0.05,0.5,20,90,0.0,-1.0,50.0,0.2025
0.05,0.5,20,91,0.0,-1.0,50.0,0.206
0.05,0.5,20,92,0.0,-1.0,50.0,0.200502
0.05,0.5,20,93,0.0,-1.0,50.0,0.203499
0.05,0.5,20,94,0.0,-1.0,50.0,0.1965
0.05,0.5,20,95,0.0,-1.0,50.0,0.200999
0.05,0.5,20,96,0.0,-1.0,50.0,0.202002
0.05,0.5,20,97,1.0,0.9,6.0,0.029998
0.05,0.5,20,98,0.0,-1.0,50.0,0.195502
0.05,0.5,20,99,1.0,0.9,6.0,0.028499
0.05,0.5,100,0,0.0,-1.0,50.0,0.250501
0.05,0.5,100,1,0.0,-1.0,50.0,0.226498
0.05,0.5,100,2,0.0,-1.0,50.0,0.239003
0.05,0.5,100,3,0.0,-1.0,50.0,0.217499
0.05,0.5,100,4,0.0,-1.0,50.0,0.222
0.05,0.5,100,5,0.0,-1.0,50.0,0.220997
0.05,0.5,100,6,0.0,-1.0,50.0,0.207003
0.05,0.5,100,7,0.0,-1.0,50.0,0.209997
0.05,0.5,100,8,0.0,-1.0,50.0,0.212001
0.05,0.5,100,9,0.0,-1.0,50.0,0.214999
0.05,0.5,100,10,0.0,-1.0,50.0,0.203503
0.05,0.5,100,11,1.0,0.9,6.0,0.037499
0.05,0.5,100,12,0.0,-1.0,50.0,0.226999
0.05,0.5,100,13,0.0,-1.0,50.0,0.220501
0.05,0.5,100,14,0.0,-1.0,50.0,0.214497
0.05,0.5,100,15,1.0,0.9,6.0,0.0375
0.05,0.5,100,16,0.0,-1.0,50.0,0.216001
0.05,0.5,100,17,0.0,-1.0,50.0,0.211502
0.05,0.5,100,18,0.0,-1.0,50.0,0.232499
0.05,0.5,100,19,1.0,0.9,6.0,0.037997
0.05,0.5,100,20,1.0,0.9,6.0,0.038501
0.05,0.5,100,21,0.0,-1.0,50.0,0.201998
0.05,0.5,100,22,0.0,-1.0,50.0,0.208
0.05,0.5,100,23,1.0,0.9,6.0,0.039499
0.05,0.5,100,24,0.0,-1.0,50.0,0.205501
0.05,0.5,100,25,0.0,-1.0,50.0,0.215
0.05,0.5,100,26,1.0,0.9,6.0,0.040999
0.05,0.5,100,27,1.0,0.9,6.0,0.041502
0.05,0.5,100,28,0.0,-1.0,50.0,0.213498
0.05,0.5,100,29,0.0,-1.0,50.0,0.21
0.05,0.5,100,30,0.0,-1.0,50.0,0.2135
0.05,0.5,100,31,0.0,-1.0,50.0,0.208499
0.05,0.5,100,32,1.0,0.9,6.0,0.037504
0.05,0.5,100,33,0.0,-1.0,50.0,0.212997
0.05,0.5,100,34,1.0,0.9,6.0,0.036502
0.05,0.5,100,35,1.0,0.8797,7.015,0.041502
0.05,0.5,100,36,1.0,0.9,6.0,0.036998
0.05,0.5,100,37,0.0,-1.0,50.0,0.207999
0.05,0.5,100,38,0.0,-1.0,50.0,0.213497
0.05,0.5,100,39,0.0,-1.0,50.0,0.217499
0.05,0.5,100,40,0.0,-1.0,50.0,0.209002
0.05,0.5,100,41,0.0,-1.0,50.0,0.219503
0.05,0.5,100,42,0.0,-1.0,50.0,0.206997
0.05,0.5,100,43,1.0,0.9,6.0,0.039501
0.05,0.5,100,44,1.0,0.9,6.0,0.041001
0.05,0.5,100,45,0.0,-1.0,50.0,0.2255
0.05,0.5,100,46,0.0,-1.0,50.0,0.219998
0.05,0.5,100,47,0.0,-1.0,50.0,0.227001
0.05,0.5,100,48,0.0,-1.0,50.0,0.239
0.05,0.5,100,49,0.0,-1.0,50.0,0.259
0.05,0.5,100,50,0.0,-1.0,50.0,0.2535
0.05,0.5,100,51,0.0,-1.0,50.0,0.2235
0.05,0.5,100,52,1.0,0.9,6.0,0.037499
0.05,0.5,100,53,0.0,-1.0,50.0,0.208999
0.05,0.5,100,54,0.0,-1.0,50.0,0.232998
0.05,0.5,100,55,0.0,-1.0,50.0,0.207999
0.05,0.5,100,56,0.0,-1.0,50.0,0.210998
0.05,0.5,100,57,0.0,-1.0,50.0,0.230999
0.05,0.5,100,58,1.0,0.9,6.0,0.037999
0.05,0.5,100,59,0.0,-1.0,50.0,0.207503
0.05,0.5,100,60,1.0,0.9,6.0,0.039598
0.05,0.5,100,61,0.0,-1.0,50.0,0.2044
0.05,0.5,100,62,0.0,-1.0,50.0,0.215502
0.05,0.5,100,63,0.0,-1.0,50.0,0.213999
0.05,0.5,100,64,1.0,0.9,6.0,0.0435
0.05,0.5,100,65,0.0,-1.0,50.0,0.244022
0.05,0.5,100,66,0.0,-1.0,50.0,0.245477
0.05,0.5,100,67,0.0,-1.0,50.0,0.215002
0.05,0.5,100,68,0.0,-1.0,50.0,0.208
0.05,0.5,100,69,0.0,-1.0,50.0,0.211499
0.05,0.5,100,70,1.0,0.9,6.0,0.0385
0.05,0.5,100,71,0.0,-1.0,50.0,0.209999
0.05,0.5,100,72,1.0,0.9,6.0,0.043
0.05,0.5,100,73,0.0,-1.0,50.0,0.214001
0.05,0.5,100,74,0.0,-1.0,50.0,0.216
0.05,0.5,100,75,1.0,0.9,6.0,0.040499
0.05,0.5,100,76,0.0,-1.0,50.0,0.2155
0.05,0.5,100,77,1.0,0.9,6.0,0.0355
0.05,0.5,100,78,0.0,-1.0,50.0,0.209499
0.05,0.5,100,79,0.0,-1.0,50.0,0.212502
0.05,0.5,100,80,0.0,-1.0,50.0,0.2155
0.05,0.5,100,81,1.0,0.9,6.0,0.038998
0.05,0.5,100,82,0.0,-1.0,50.0,0.206499
0.05,0.5,100,83,0.0,-1.0,50.0,0.207001
0.05,0.5,100,84,0.0,-1.0,50.0,0.2055
0.05,0.5,100,85,0.0,-1.0,50.0,0.2135
0.05,0.5,100,86,1.0,0.9,6.0,0.037999
0.05,0.5,100,87,0.0,-1.0,50.0,0.213001
0.05,0.5,100,88,1.0,0.9,6.0,0.046999
0.05,0.5,100,89,1.0,0.9,6.0,0.038001
0.05,0.5,100,90,0.0,-1.0,50.0,0.202499
0.05,0.5,100,91,0.0,-1.0,50.0,0.215999
0.05,0.5,100,92,0.0,-1.0,50.0,0.217
0.05,0.5,100,93,0.0,-1.0,50.0,0.212
0.05,0.5,100,94,1.0,0.9,6.0,0.038502
0.05,0.5,100,95,0.0,-1.0,50.0,0.205503
0.05,0.5,100,96,0.0,-1.0,50.0,0.21
0.05,0.5,100,97,0.0,-1.0,50.0,0.226498
0.05,0.5,100,98,0.0,-1.0,50.0,0.204999
0.05,0.5,100,99,0.0,-1.0,50.0,0.215501
0.05,0.5,500,0,1.0,0.9,6.0,0.072502
0.05,0.5,500,1,1.0,0.9,6.0,0.069498
0.05,0.5,500,2,1.0,0.9,6.0,0.068
0.05,0.5,500,3,1.0,0.9,6.0,0.068503
0.05,0.5,500,4,1.0,0.9,6.0,0.071997
0.05,0.5,500,5,1.0,0.9,6.0,0.074001
0.05,0.5,500,6,1.0,0.9,6.0,0.071
0.05,0.5,500,7,1.0,0.9,6.0,0.076002
0.05,0.5,500,8,1.0,0.9,6.0,0.071997
0.05,0.5,500,9,1.0,0.9,6.0,0.071001
0.05,0.5,500,10,1.0,0.9,6.0,0.0765
0.05,0.5,500,11,1.0,0.9,6.0,0.076999
0.05,0.5,500,12,1.0,0.9,6.0,0.076001
0.05,0.5,500,13,1.0,0.9,6.0,0.076502
0.05,0.5,500,14,1.0,0.9,6.0,0.074999
0.05,0.5,500,15,1.0,0.9,6.0,0.0735
0.05,0.5,500,16,1.0,0.9,6.0,0.071498
0.05,0.5,500,17,1.0,0.9,6.0,0.073003
0.05,0.5,500,18,1.0,0.9,6.0,0.073998
0.05,0.5,500,19,1.0,0.9,6.0,0.070001
0.05,0.5,500,20,1.0,0.9,6.0,0.0755
0.05,0.5,500,21,1.0,0.9,6.0,0.0785
0.05,0.5,500,22,1.0,0.9,6.0,0.073
0.05,0.5,500,23,1.0,0.9,6.0,0.0725
0.05,0.5,500,24,1.0,0.9,6.0,0.069
0.05,0.5,500,25,1.0,0.9,6.0,0.071501
0.05,0.5,500,26,1.0,0.9,6.0,0.072
0.05,0.5,500,27,1.0,0.9,6.0,0.077
0.05,0.5,500,28,1.0,0.9,6.0,0.073
0.05,0.5,500,29,1.0,0.9,6.0,0.07
0.05,0.5,500,30,1.0,0.9,6.0,0.069501
0.05,0.5,500,31,1.0,0.9,6.0,0.072999
0.05,0.5,500,32,1.0,0.9,6.0,0.0675
0.05,0.5,500,33,1.0,0.9,6.0,0.075999
0.05,0.5,500,34,1.0,0.9,6.0,0.09
0.05,0.5,500,35,1.0,0.9,6.0,0.073502
0.05,0.5,500,36,1.0,0.9,6.0,0.075498
0.05,0.5,500,37,1.0,0.9,6.0,0.0715
0.05,0.5,500,38,1.0,0.9,6.0,0.075999
0.05,0.5,500,39,1.0,0.9,6.0,0.073001
0.05,0.5,500,40,1.0,0.9,6.0,0.072
0.05,0.5,500,41,1.0,0.9,6.0,0.074499
0.05,0.5,500,42,1.0,0.9,6.0,0.074002
0.05,0.5,500,43,1.0,0.9,6.0,0.076498
0.05,0.5,500,44,1.0,0.9,6.0,0.071001
0.05,0.5,500,45,1.0,0.9,6.0,0.069
0.05,0.5,500,46,1.0,0.9,6.0,0.0715
0.05,0.5,500,47,1.0,0.9,6.0,0.072499
0.05,0.5,500,48,1.0,0.9,6.0,0.087499
0.05,0.5,500,49,1.0,0.9,6.0,0.109001
0.05,0.5,500,50,1.0,0.9,6.0,0.102
0.05,0.5,500,51,1.0,0.9,6.0,0.085001
0.05,0.5,500,52,1.0,0.9,6.0,0.072001
0.05,0.5,500,53,1.0,0.9,6.0,0.072
0.05,0.5,500,54,1.0,0.9,6.0,0.070502
0.05,0.5,500,55,1.0,0.9,6.0,0.074542
0.05,0.5,500,56,1.0,0.9,6.0,0.07096
0.05,0.5,500,57,1.0,0.9,6.0,0.073999
0.05,0.5,500,58,1.0,0.9,6.0,0.069502
0.05,0.5,500,59,1.0,0.9,6.0,0.077497
0.05,0.5,500,60,1.0,0.9,6.0,0.070002
0.05,0.5,500,61,1.0,0.9,6.0,0.069499
0.05,0.5,500,62,1.0,0.9,6.0,0.068003
0.05,0.5,500,63,1.0,0.9,6.0,0.0735
0.05,0.5,500,64,1.0,0.9,6.0,0.072499
0.05,0.5,500,65,1.0,0.9,6.0,0.075999
0.05,0.5,500,66,1.0,0.9,6.0,0.073501
0.05,0.5,500,67,1.0,0.9,6.0,0.075
0.05,0.5,500,68,1.0,0.9,6.0,0.067
0.05,0.5,500,69,1.0,0.9,6.0,0.0695
0.05,0.5,500,70,1.0,0.9,6.0,0.07
0.05,0.5,500,71,1.0,0.9,6.0,0.072499
0.05,0.5,500,72,1.0,0.9,6.0,0.070002
0.05,0.5,500,73,1.0,0.9,6.0,0.072498
0.05,0.5,500,74,1.0,0.9,6.0,0.074002
0.05,0.5,500,75,1.0,0.9,6.0,0.074
0.05,0.5,500,76,1.0,0.9,6.0,0.074001
0.05,0.5,500,77,1.0,0.9,6.0,0.071998
0.05,0.5,500,78,1.0,0.9,6.0,0.080001
0.05,0.5,500,79,1.0,0.9,6.0,0.0755
0.05,0.5,500,80,1.0,0.9,6.0,0.075499
0.05,0.5,500,81,1.0,0.9,6.0,0.077501
0.05,0.5,500,82,1.0,0.9,6.0,0.071501
0.05,0.5,500,83,1.0,0.9,6.0,0.080998
0.05,0.5,500,84,1.0,0.9,6.0,0.0705
0.05,0.5,500,85,1.0,0.9,6.0,0.0745
0.05,0.5,500,86,1.0,0.9,6.0,0.072001
0.05,0.5,500,87,1.0,0.9,6.0,0.083001
0.05,0.5,500,88,1.0,0.9,6.0,0.078002
0.05,0.5,500,89,1.0,0.9,6.0,0.076998
0.05,0.5,500,90,1.0,0.9,6.0,0.074499
0.05,0.5,500,91,1.0,0.9,6.0,0.067501
0.05,0.5,500,92,1.0,0.9,6.0,0.073499
0.05,0.5,500,93,1.0,0.9,6.0,0.079
0.05,0.5,500,94,1.0,0.9,6.0,0.075501
0.05,0.5,500,95,1.0,0.9,6.0,0.076499
0.05,0.5,500,96,1.0,0.9,6.0,0.072503
0.05,0.5,500,97,1.0,0.9,6.0,0.0685
0.05,0.5,500,98,1.0,0.9,6.0,0.0685
0.05,0.5,500,99,1.0,0.9,6.0,0.070498
0.05,0.5,2000,0,1.0,0.9,6.0,0.221
0.05,0.5,2000,1,1.0,0.9,6.0,0.228501
0.05,0.5,2000,2,1.0,0.9,6.0,0.215001
0.05,0.5,2000,3,1.0,0.9,6.0,0.211997
0.05,0.5,2000,4,1.0,0.9,6.0,0.219499
0.05,0.5,2000,5,1.0,0.9,6.0,0.223001
0.05,0.5,2000,6,1.0,0.9,6.0,0.216999
0.05,0.5,2000,7,1.0,0.9,6.0,0.218002
0.05,0.5,2000,8,1.0,0.9,6.0,0.221497
0.05,0.5,2000,9,1.0,0.9,6.0,0.2175
0.05,0.5,2000,10,1.0,0.9,6.0,0.225501
0.05,0.5,2000,11,1.0,0.9,6.0,0.222
0.05,0.5,2000,12,1.0,0.9,6.0,0.221001
0.05,0.5,2000,13,1.0,0.9,6.0,0.2195
0.05,0.5,2000,14,1.0,0.9,6.0,0.228
0.05,0.5,2000,15,1.0,0.9,6.0,0.222499
0.05,0.5,2000,16,1.0,0.9,6.0,0.2065
0.05,0.5,2000,17,1.0,0.9,6.0,0.218499
0.05,0.5,2000,18,1.0,0.9,6.0,0.240001
0.05,0.5,2000,19,1.0,0.9,6.0,0.221999
0.05,0.5,2000,20,1.0,0.9,6.0,0.223502
0.05,0.5,2000,21,1.0,0.9,6.0,0.223499
0.05,0.5,2000,22,1.0,0.9,6.0,0.2195
0.05,0.5,2000,23,1.0,0.9,6.0,0.208501
0.05,0.5,2000,24,1.0,0.9,6.0,0.218998
0.05,0.5,2000,25,1.0,0.9,6.0,0.215
0.05,0.5,2000,26,1.0,0.9,6.0,0.233001
0.05,0.5,2000,27,1.0,0.9,6.0,0.227502
0.05,0.5,2000,28,1.0,0.9,6.0,0.230998
0.05,0.5,2000,29,1.0,0.9,6.0,0.205
0.05,0.5,2000,30,1.0,0.9,6.0,0.209001
0.05,0.5,2000,31,1.0,0.9,6.0,0.2275
0.05,0.5,2000,32,1.0,0.9,6.0,0.227119
0.05,0.5,2000,33,1.0,0.9,6.0,0.23388
0.05,0.5,2000,34,1.0,0.9,6.0,0.232501
0.05,0.5,2000,35,1.0,0.9,6.0,0.233499
0.05,0.5,2000,36,1.0,0.9,6.0,0.209501
0.05,0.5,2000,37,1.0,0.9,6.0,0.232499
0.05,0.5,2000,38,1.0,0.9,6.0,0.233002
0.05,0.5,2000,39,1.0,0.9,6.0,0.220002
0.05,0.5,2000,40,1.0,0.9,6.0,0.234999
0.05,0.5,2000,41,1.0,0.9,6.0,0.253999
0.05,0.5,2000,42,1.0,0.9,6.0,0.251001
0.05,0.5,2000,43,1.0,0.9,6.0,0.232997
0.05,0.5,2000,44,1.0,0.9,6.0,0.252003
0.05,0.5,2000,45,1.0,0.9,6.0,0.243998
0.05,0.5,2000,46,1.0,0.9,6.0,0.243501
0.05,0.5,2000,47,1.0,0.9,6.0,0.244
0.05,0.5,2000,48,1.0,0.9,6.0,0.236502
0.05,0.5,2000,49,1.0,0.9,6.0,0.244998
0.05,0.5,2000,50,1.0,0.9,6.0,0.320999
0.05,0.5,2000,51,1.0,0.9,6.0,0.311499
0.05,0.5,2000,52,1.0,0.9,6.0,0.281501
0.05,0.5,2000,53,1.0,0.9,6.0,0.2445
0.05,0.5,2000,54,1.0,0.9,6.0,0.274
0.05,0.5,2000,55,1.0,0.9,6.0,0.240499
0.05,0.5,2000,56,1.0,0.9,6.0,0.263501
0.05,0.5,2000,57,1.0,0.9,6.0,0.256999
0.05,0.5,2000,58,1.0,0.9,6.0,0.267
0.05,0.5,2000,59,1.0,0.9,6.0,0.295
0.05,0.5,2000,60,1.0,0.9,6.0,0.3075
0.05,0.5,2000,61,1.0,0.9,6.0,0.2565
0.05,0.5,2000,62,1.0,0.9,6.0,0.269002
0.05,0.5,2000,63,1.0,0.9,6.0,0.273499
0.05,0.5,2000,64,1.0,0.9,6.0,0.246
0.05,0.5,2000,65,1.0,0.9,6.0,0.2465
0.05,0.5,2000,66,1.0,0.9,6.0,0.239498
0.05,0.5,2000,67,1.0,0.9,6.0,0.233001
0.05,0.5,2000,68,1.0,0.9,6.0,0.253001
0.05,0.5,2000,69,1.0,0.9,6.0,0.247
0.05,0.5,2000,70,1.0,0.9,6.0,0.249499
0.05,0.5,2000,71,1.0,0.9,6.0,0.251002
0.05,0.5,2000,72,1.0,0.9,6.0,0.256498
0.05,0.5,2000,73,1.0,0.9,6.0,0.244001
0.05,0.5,2000,74,1.0,0.9,6.0,0.24
0.05,0.5,2000,75,1.0,0.9,6.0,0.252001
0.05,0.5,2000,76,1.0,0.9,6.0,0.234498
0.05,0.5,2000,77,1.0,0.9,6.0,0.253502
0.05,0.5,2000,78,1.0,0.9,6.0,0.247998
0.05,0.5,2000,79,1.0,0.9,6.0,0.244001
0.05,0.5,2000,80,1.0,0.9,6.0,0.250998
0.05,0.5,2000,81,1.0,0.9,6.0,0.247501
0.05,0.5,2000,82,1.0,0.9,6.0,0.2365
0.05,0.5,2000,83,1.0,0.9,6.0,0.252
0.05,0.5,2000,84,1.0,0.9,6.0,0.233502
0.05,0.5,2000,85,1.0,0.9,6.0,0.247499
0.05,0.5,2000,86,1.0,0.9,6.0,0.2765
0.05,0.5,2000,87,1.0,0.9,6.0,0.2775
0.05,0.5,2000,88,1.0,0.9,6.0,0.252
0.05,0.5,2000,89,1.0,0.9,6.0,0.24
0.05,0.5,2000,90,1.0,0.9,6.0,0.246
0.05,0.5,2000,91,1.0,0.9,6.0,0.236999
0.05,0.5,2000,92,1.0,0.9,6.0,0.2465
0.05,0.5,2000,93,1.0,0.9,6.0,0.228003
0.05,0.5,2000,94,1.0,0.9,6.0,0.220497
0.05,0.5,2000,95,1.0,0.9,6.0,0.215002
0.05,0.5,2000,96,1.0,0.9,6.0,0.231999
0.05,0.5,2000,97,1.0,0.9,6.0,0.241503
0.05,0.5,2000,98,1.0,0.9,6.0,0.222996
0.05,0.5,2000,99,1.0,0.9,6.0,0.224503
0.05,0.8,20,0,0.0,-1.0,50.0,0.202497
0.05,0.8,20,1,0.0,-1.0,50.0,0.211001
0.05,0.8,20,2,0.0,-1.0,50.0,0.197003
0.05,0.8,20,3,0.0,-1.0,50.0,0.210997
0.05,0.8,20,4,0.0,-1.0,50.0,0.206
0.05,0.8,20,5,0.0,-1.0,50.0,0.2145
0.05,0.8,20,6,0.0,-1.0,50.0,0.213499
0.05,0.8,20,7,0.0,-1.0,50.0,0.205501
0.05,0.8,20,8,0.0,-1.0,50.0,0.202498
0.05,0.8,20,9,0.0,-1.0,50.0,0.2065
0.05,0.8,20,10,0.0,-1.0,50.0,0.203501
0.05,0.8,20,11,0.0,-1.0,50.0,0.271
0.05,0.8,20,12,0.0,-1.0,50.0,0.216003
0.05,0.8,20,13,0.0,-1.0,50.0,0.195998
0.05,0.8,20,14,0.0,-1.0,50.0,0.2035
0.05,0.8,20,15,0.0,-1.0,50.0,0.211001
0.05,0.8,20,16,0.0,-1.0,50.0,0.203999
0.05,0.8,20,17,0.0,-1.0,50.0,0.204499
0.05,0.8,20,18,0.0,-1.0,50.0,0.194503
0.05,0.8,20,19,0.0,-1.0,50.0,0.203
0.05,0.8,20,20,0.0,-1.0,50.0,0.205501
0.05,0.8,20,21,0.0,-1.0,50.0,0.209002
0.05,0.8,20,22,0.0,-1.0,50.0,0.212498
0.05,0.8,20,23,0.0,-1.0,50.0,0.2095
0.05,0.8,20,24,0.0,-1.0,50.0,0.213002
0.05,0.8,20,25,1.0,0.9,6.0,0.026999
0.05,0.8,20,26,0.0,-1.0,50.0,0.2095
0.05,0.8,20,27,0.0,-1.0,50.0,0.201
0.05,0.8,20,28,0.0,-1.0,50.0,0.211499
0.05,0.8,20,29,0.0,-1.0,50.0,0.237502
0.05,0.8,20,30,0.0,-1.0,50.0,0.234499
0.05,0.8,20,31,0.0,-1.0,50.0,0.206
0.05,0.8,20,32,0.0,-1.0,50.0,0.214503
0.05,0.8,20,33,0.0,-1.0,50.0,0.203497
0.05,0.8,20,34,0.0,-1.0,50.0,0.223501
0.05,0.8,20,35,0.0,-1.0,50.0,0.202501
0.05,0.8,20,36,0.0,-1.0,50.0,0.2035
0.05,0.8,20,37,0.0,-1.0,50.0,0.2035
0.05,0.8,20,38,0.0,-1.0,50.0,0.199
0.05,0.8,20,39,0.0,-1.0,50.0,0.204002
0.05,0.8,20,40,0.0,-1.0,50.0,0.207498
0.05,0.8,20,41,0.0,-1.0,50.0,0.208999
0.05,0.8,20,42,0.0,-1.0,50.0,0.207002
0.05,0.8,20,43,0.0,-1.0,50.0,0.196499
0.05,0.8,20,44,0.0,-1.0,50.0,0.207001
0.05,0.8,20,45,0.0,-1.0,50.0,0.196
0.05,0.8,20,46,1.0,0.9,6.0,0.031999
0.05,0.8,20,47,0.0,-1.0,50.0,0.204
0.05,0.8,20,48,0.0,-1.0,50.0,0.2025
0.05,0.8,20,49,0.0,-1.0,50.0,0.204
0.05,0.8,20,50,0.0,-1.0,50.0,0.211999
0.05,0.8,20,51,0.0,-1.0,50.0,0.214502
0.05,0.8,20,52,0.0,-1.0,50.0,0.201999
0.05,0.8,20,53,0.0,-1.0,50.0,0.2015
0.05,0.8,20,54,0.0,-1.0,50.0,0.207001
0.05,0.8,20,55,1.0,0.9,6.0,0.029999
0.05,0.8,20,56,0.0,-1.0,50.0,0.2005
0.05,0.8,20,57,0.0,-1.0,50.0,0.2115
0.05,0.8,20,58,0.0,-1.0,50.0,0.200501
0.05,0.8,20,59,0.0,-1.0,50.0,0.213
0.05,0.8,20,60,0.0,-1.0,50.0,0.208999
0.05,0.8,20,61,0.0,-1.0,50.0,0.199001
0.05,0.8,20,62,0.0,-1.0,50.0,0.211501
0.05,0.8,20,63,0.0,-1.0,50.0,0.204501
0.05,0.8,20,64,0.0,-1.0,50.0,0.196
0.05,0.8,20,65,0.0,-1.0,50.0,0.213
0.05,0.8,20,66,0.0,-1.0,50.0,0.199498
0.05,0.8,20,67,0.0,-1.0,50.0,0.2005
0.05,0.8,20,68,0.0,-1.0,50.0,0.197001
0.05,0.8,20,69,0.0,-1.0,50.0,0.205498
0.05,0.8,20,70,0.0,-1.0,50.0,0.203498
0.05,0.8,20,71,0.0,-1.0,50.0,0.203001
0.05,0.8,20,72,1.0,0.9,6.0,0.025502
0.05,0.8,20,73,0.0,-1.0,50.0,0.207999
0.05,0.8,20,74,0.0,-1.0,50.0,0.207999
0.05,0.8,20,75,0.0,-1.0,50.0,0.212001
0.05,0.8,20,76,0.0,-1.0,50.0,0.198499
0.05,0.8,20,77,0.0,-1.0,50.0,0.203501
0.05,0.8,20,78,0.0,-1.0,50.0,0.197999
0.05,0.8,20,79,0.0,-1.0,50.0,0.195
0.05,0.8,20,80,0.0,-1.0,50.0,0.205001
0.05,0.8,20,81,0.0,-1.0,50.0,0.200001
0.05,0.8,20,82,0.0,-1.0,50.0,0.203
0.05,0.8,20,83,0.0,-1.0,50.0,0.200999
0.05,0.8,20,84,0.0,-1.0,50.0,0.1935
0.05,0.8,20,85,0.0,-1.0,50.0,0.19603
0.05,0.8,20,86,0.0,-1.0,50.0,0.202471
0.05,0.8,20,87,0.0,-1.0,50.0,0.197999
0.05,0.8,20,88,0.0,-1.0,50.0,0.207
0.05,0.8,20,89,0.0,-1.0,50.0,0.198999
0.05,0.8,20,90,0.0,-1.0,50.0,0.2025
0.05,0.8,20,91,0.0,-1.0,50.0,0.207501
0.05,0.8,20,92,0.0,-1.0,50.0,0.204501
0.05,0.8,20,93,0.0,-1.0,50.0,0.207499
0.05,0.8,20,94,0.0,-1.0,50.0,0.204005
0.05,0.8,20,95,0.0,-1.0,50.0,0.197994
0.05,0.8,20,96,0.0,-1.0,50.0,0.204998
0.05,0.8,20,97,0.0,-1.0,50.0,0.201
0.05,0.8,20,98,0.0,-1.0,50.0,0.2125
0.05,0.8,20,99,0.0,-1.0,50.0,0.237502
0.05,0.8,100,0,1.0,0.9,6.0,0.041999
0.05,0.8,100,1,1.0,0.9,6.0,0.041999
0.05,0.8,100,2,0.0,-1.0,50.0,0.2355
0.05,0.8,100,3,1.0,0.9,6.0,0.043999
0.05,0.8,100,4,1.0,0.9,6.0,0.045001
0.05,0.8,100,5,1.0,0.9,6.0,0.045
0.05,0.8,100,6,1.0,0.9,6.0,0.042999
0.05,0.8,100,7,0.0,-1.0,50.0,0.2295
0.05,0.8,100,8,0.0,-1.0,50.0,0.229
0.05,0.8,100,9,1.0,0.9,6.0,0.042502
0.05,0.8,100,10,1.0,0.9,6.0,0.041999
0.05,0.8,100,11,1.0,0.9,6.0,0.0405
0.05,0.8,100,12,1.0,0.9,6.0,0.0405
0.05,0.8,100,13,1.0,0.9,6.0,0.0415
0.05,0.8,100,14,0.0,-1.0,50.0,0.204002
0.05,0.8,100,15,1.0,0.9,6.0,0.036001
0.05,0.8,100,16,0.0,-1.0,50.0,0.217497
0.05,0.8,100,17,1.0,0.9,6.0,0.0365
0.05,0.8,100,18,1.0,0.9,6.0,0.038
0.05,0.8,100,19,0.0,-1.0,50.0,0.201
0.05,0.8,100,20,0.0,-1.0,50.0,0.217001
0.05,0.8,100,21,1.0,0.9,6.0,0.038001
0.05,0.8,100,22,0.0,-1.0,50.0,0.225
0.05,0.8,100,23,1.0,0.9,6.0,0.036498
0.05,0.8,100,24,1.0,0.9,6.0,0.036999
0.05,0.8,100,25,1.0,0.9,6.0,0.038999
0.05,0.8,100,26,0.0,-1.0,50.0,0.223
0.05,0.8,100,27,0.0,-1.0,50.0,0.212
0.05,0.8,100,28,1.0,0.9,6.0,0.036001
0.05,0.8,100,29,0.0,-1.0,50.0,0.2095
0.05,0.8,100,30,1.0,0.9,6.0,0.038998
0.05,0.8,100,31,1.0,0.9,6.0,0.0425
0.05,0.8,100,32,1.0,0.9,6.0,0.036001
0.05,0.8,100,33,0.0,-1.0,50.0,0.200998
0.05,0.8,100,34,1.0,0.9,6.0,0.036
0.05,0.8,100,35,0.0,-1.0,50.0,0.213001
0.05,0.8,100,36,1.0,0.9,6.0,0.039001
0.05,0.8,100,37,1.0,0.9,6.0,0.033357
0.05,0.8,100,38,0.0,-1.0,50.0,0.203499
0.05,0.8,100,39,0.0,-1.0,50.0,0.206501
0.05,0.8,100,40,1.0,0.9,6.0,0.0395
0.05,0.8,100,41,1.0,0.9,6.0,0.035001
0.05,0.8,100,42,1.0,0.9,6.0,0.036498
0.05,0.8,100,43,1.0,0.9,6.0,0.035003
0.05,0.8,100,44,1.0,0.9,6.0,0.037997
0.05,0.8,100,45,1.0,0.9,6.0,0.036999
0.05,0.8,100,46,0.0,-1.0,50.0,0.2085
0.05,0.8,100,47,0.0,-1.0,50.0,0.217501
0.05,0.8,100,48,0.0,-1.0,50.0,0.205003
0.05,0.8,100,49,1.0,0.9,6.0,0.032496
0.05,0.8,100,50,0.0,-1.0,50.0,0.220001
0.05,0.8,100,51,1.0,0.9,6.0,0.036999
0.05,0.8,100,52,1.0,0.9,6.0,0.037
0.05,0.8,100,53,1.0,0.9,6.0,0.0345
0.05,0.8,100,54,1.0,0.9,6.0,0.036
0.05,0.8,100,55,0.0,-1.0,50.0,0.220501
0.05,0.8,100,56,1.0,0.9,6.0,0.037499
0.05,0.8,100,57,0.0,-1.0,50.0,0.211503
0.05,0.8,100,58,1.0,0.9,6.0,0.033497
0.05,0.8,100,59,0.0,-1.0,50.0,0.202501
0.05,0.8,100,60,0.0,-1.0,50.0,0.208001
0.05,0.8,100,61,0.0,-1.0,50.0,0.205501
0.05,0.8,100,62,0.0,-1.0,50.0,0.2
0.05,0.8,100,63,0.0,-1.0,50.0,0.211
0.05,0.8,100,64,0.0,-1.0,50.0,0.198
0.05,0.8,100,65,0.0,-1.0,50.0,0.2085
0.05,0.8,100,66,0.0,-1.0,50.0,0.209003
0.05,0.8,100,67,0.0,-1.0,50.0,0.228997
0.05,0.8,100,68,0.0,-1.0,50.0,0.23
0.05,0.8,100,69,0.0,-1.0,50.0,0.2395
0.05,0.8,100,70,1.0,0.9,6.0,0.046499
0.05,0.8,100,71,1.0,0.9,6.0,0.041
0.05,0.8,100,72,1.0,0.9,6.0,0.036502
0.05,0.8,100,73,1.0,0.9,6.0,0.036498
0.05,0.8,100,74,1.0,0.9,6.0,0.0355
0.05,0.8,100,75,0.0,-1.0,50.0,0.2195
0.05,0.8,100,76,1.0,0.9,6.0,0.036501
0.05,0.8,100,77,1.0,0.9,6.0,0.0365
0.05,0.8,100,78,1.0,0.9,6.0,0.036
0.05,0.8,100,79,1.0,0.9,6.0,0.038
0.05,0.8,100,80,1.0,0.9,6.0,0.035
0.05,0.8,100,81,0.0,-1.0,50.0,0.205498
0.05,0.8,100,82,0.0,-1.0,50.0,0.216002
0.05,0.8,100,83,1.0,0.9,6.0,0.036998
0.05,0.8,100,84,1.0,0.9,6.0,0.036501
0.05,0.8,100,85,0.0,-1.0,50.0,0.202
0.05,0.8,100,86,1.0,0.9,6.0,0.039
0.05,0.8,100,87,0.0,-1.0,50.0,0.221999
0.05,0.8,100,88,0.0,-1.0,50.0,0.209
0.05,0.8,100,89,1.0,0.9,6.0,0.036501
0.05,0.8,100,90,0.0,-1.0,50.0,0.2215
0.05,0.8,100,91,0.0,-1.0,50.0,0.207999
0.05,0.8,100,92,1.0,0.9,6.0,0.037
0.05,0.8,100,93,1.0,0.9,6.0,0.035499
0.05,0.8,100,94,1.0,0.9,6.0,0.038
0.05,0.8,100,95,1.0,0.9,6.0,0.035499
0.05,0.8,100,96,1.0,0.9,6.0,0.0385
0.05,0.8,100,97,1.0,0.9,6.0,0.038002
0.05,0.8,100,98,1.0,0.9,6.0,0.040499
0.05,0.8,100,99,1.0,0.9,6.0,0.0365
0.05,0.8,500,0,1.0,0.9,6.0,0.091001
0.05,0.8,500,1,1.0,0.9,6.0,0.087999
0.05,0.8,500,2,1.0,0.9,6.0,0.0815
0.05,0.8,500,3,1.0,0.9,6.0,0.078
0.05,0.8,500,4,1.0,0.9,6.0,0.082501
0.05,0.8,500,5,1.0,0.9,6.0,0.0905
0.05,0.8,500,6,1.0,0.9,6.0,0.094999
0.05,0.8,500,7,1.0,0.9,6.0,0.091
0.05,0.8,500,8,1.0,0.9,6.0,0.082501
0.05,0.8,500,9,1.0,0.9,6.0,0.074999
0.05,0.8,500,10,1.0,0.9,6.0,0.078001
0.05,0.8,500,11,1.0,0.9,6.0,0.068001
0.05,0.8,500,12,1.0,0.9,6.0,0.073499
0.05,0.8,500,13,1.0,0.9,6.0,0.082499
0.05,0.8,500,14,1.0,0.9,6.0,0.076999
0.05,0.8,500,15,1.0,0.9,6.0,0.085001
0.05,0.8,500,16,1.0,0.9,6.0,0.0725
0.05,0.8,500,17,1.0,0.9,6.0,0.072999
0.05,0.8,500,18,1.0,0.9,6.0,0.072
0.05,0.8,500,19,1.0,0.9,6.0,0.076499
0.05,0.8,500,20,1.0,0.9,6.0,0.068999
0.05,0.8,500,21,1.0,0.9,6.0,0.073
0.05,0.8,500,22,1.0,0.9,6.0,0.0765
0.05,0.8,500,23,1.0,0.9,6.0,0.088501
0.05,0.8,500,24,1.0,0.9,6.0,0.1
0.05,0.8,500,25,1.0,0.9,6.0,0.094
0.05,0.8,500,26,1.0,0.9,6.0,0.084501
0.05,0.8,500,27,1.0,0.9,6.0,0.0775
0.05,0.8,500,28,1.0,0.9,6.0,0.076999
0.05,0.8,500,29,1.0,0.9,6.0,0.071002
0.05,0.8,500,30,1.0,0.9,6.0,0.071998
0.05,0.8,500,31,1.0,0.9,6.0,0.071498
0.05,0.8,500,32,1.0,0.9,6.0,0.069002
0.05,0.8,500,33,1.0,0.9,6.0,0.076
0.05,0.8,500,34,1.0,0.9,6.0,0.081999
0.05,0.8,500,35,1.0,0.9,6.0,0.072499
0.05,0.8,500,36,1.0,0.9,6.0,0.075503
0.05,0.8,500,37,1.0,0.9,6.0,0.067999
0.05,0.8,500,38,1.0,0.9,6.0,0.067498
0.05,0.8,500,39,1.0,0.9,6.0,0.072
0.05,0.8,500,40,1.0,0.9,6.0,0.071003
0.05,0.8,500,41,1.0,0.9,6.0,0.070498
0.05,0.8,500,42,1.0,0.9,6.0,0.0695
0.05,0.8,500,43,1.0,0.9,6.0,0.077999
0.05,0.8,500,44,1.0,0.9,6.0,0.074002
0.05,0.8,500,45,1.0,0.9,6.0,0.069499
0.05,0.8,500,46,1.0,0.9,6.0,0.073501
0.05,0.8,500,47,1.0,0.9,6.0,0.079999
0.05,0.8,500,48,1.0,0.9,6.0,0.084
0.05,0.8,500,49,1.0,0.9,6.0,0.077001
0.05,0.8,500,50,1.0,0.9,6.0,0.077999
0.05,0.8,500,51,1.0,0.9,6.0,0.073499
0.05,0.8,500,52,1.0,0.9,6.0,0.073
0.05,0.8,500,53,1.0,0.9,6.0,0.071001
0.05,0.8,500,54,1.0,0.9,6.0,0.069999
0.05,0.8,500,55,1.0,0.9,6.0,0.075001
0.05,0.8,500,56,1.0,0.9,6.0,0.079499
0.05,0.8,500,57,1.0,0.9,6.0,0.076001
0.05,0.8,500,58,1.0,0.9,6.0,0.070499
0.05,0.8,500,59,1.0,0.9,6.0,0.070499
0.05,0.8,500,60,1.0,0.9,6.0,0.065413
0.05,0.8,500,61,1.0,0.9,6.0,0.075501
0.05,0.8,500,62,1.0,0.9,6.0,0.0755
0.05,0.8,500,63,1.0,0.9,6.0,0.068499
0.05,0.8,500,64,1.0,0.9,6.0,0.077003
0.05,0.8,500,65,1.0,0.9,6.0,0.076999
0.05,0.8,500,66,1.0,0.9,6.0,0.082498
0.05,0.8,500,67,1.0,0.9,6.0,0.070499
0.05,0.8,500,68,1.0,0.9,6.0,0.073501
0.05,0.8,500,69,1.0,0.9,6.0,0.071
0.05,0.8,500,70,1.0,0.9,6.0,0.071502
0.05,0.8,500,71,1.0,0.9,6.0,0.069498
0.05,0.8,500,72,1.0,0.9,6.0,0.076003
0.05,0.8,500,73,1.0,0.9,6.0,0.0715
0.05,0.8,500,74,1.0,0.9,6.0,0.071999
0.05,0.8,500,75,1.0,0.9,6.0,0.073502
0.05,0.8,500,76,1.0,0.9,6.0,0.076499
0.05,0.8,500,77,1.0,0.9,6.0,0.069999
0.05,0.8,500,78,1.0,0.9,6.0,0.075999
0.05,0.8,500,79,1.0,0.9,6.0,0.081501
0.05,0.8,500,80,1.0,0.9,6.0,0.078
0.05,0.8,500,81,1.0,0.9,6.0,0.077
0.05,0.8,500,82,1.0,0.9,6.0,0.0715
0.05,0.8,500,83,1.0,0.9,6.0,0.077499
0.05,0.8,500,84,1.0,0.9,6.0,0.0725
0.05,0.8,500,85,1.0,0.9,6.0,0.071002
0.05,0.8,500,86,1.0,0.9,6.0,0.070998
0.05,0.8,500,87,1.0,0.9,6.0,0.074
0.05,0.8,500,88,1.0,0.9,6.0,0.077002
0.05,0.8,500,89,1.0,0.9,6.0,0.077001
0.05,0.8,500,90,1.0,0.9,6.0,0.07
0.05,0.8,500,91,1.0,0.9,6.0,0.076998
0.05,0.8,500,92,1.0,0.9,6.0,0.074001
0.05,0.8,500,93,1.0,0.9,6.0,0.077
0.05,0.8,500,94,1.0,0.9,6.0,0.078998
0.05,0.8,500,95,1.0,0.9,6.0,0.0755
0.05,0.8,500,96,1.0,0.9,6.0,0.075501
0.05,0.8,500,97,1.0,0.9,6.0,0.073003
0.05,0.8,500,98,1.0,0.9,6.0,0.072497
0.05,0.8,500,99,1.0,0.9,6.0,0.072501
0.05,0.8,2000,0,1.0,0.9,6.0,0.234499
0.05,0.8,2000,1,1.0,0.9,6.0,0.234
0.05,0.8,2000,2,1.0,0.9,6.0,0.229499
0.05,0.8,2000,3,1.0,0.9,6.0,0.243
0.05,0.8,2000,4,1.0,0.9,6.0,0.2175
0.05,0.8,2000,5,1.0,0.9,6.0,0.238
0.05,0.8,2000,6,1.0,0.9,6.0,0.229501
0.05,0.8,2000,7,1.0,0.9,6.0,0.224999
0.05,0.8,2000,8,1.0,0.9,6.0,0.2265
0.05,0.8,2000,9,1.0,0.9,6.0,0.2295
0.05,0.8,2000,10,1.0,0.9,6.0,0.234501
0.05,0.8,2000,11,1.0,0.9,6.0,0.219499
0.05,0.8,2000,12,1.0,0.9,6.0,0.228501
0.05,0.8,2000,13,1.0,0.9,6.0,0.226999
0.05,0.8,2000,14,1.0,0.9,6.0,0.261
0.05,0.8,2000,15,1.0,0.9,6.0,0.230501
0.05,0.8,2000,16,1.0,0.9,6.0,0.209
0.05,0.8,2000,17,1.0,0.9,6.0,0.215883
0.05,0.8,2000,18,1.0,0.9,6.0,0.222497
0.05,0.8,2000,19,1.0,0.9,6.0,0.222003
0.05,0.8,2000,20,1.0,0.9,6.0,0.226497
0.05,0.8,2000,21,1.0,0.9,6.0,0.226502
0.05,0.8,2000,22,1.0,0.9,6.0,0.246499
0.05,0.8,2000,23,1.0,0.9,6.0,0.2165
0.05,0.8,2000,24,1.0,0.9,6.0,0.218501
0.05,0.8,2000,25,1.0,0.9,6.0,0.212998
0.05,0.8,2000,26,1.0,0.9,6.0,0.229002
0.05,0.8,2000,27,1.0,0.9,6.0,0.234499
0.05,0.8,2000,28,1.0,0.9,6.0,0.222001
0.05,0.8,2000,29,1.0,0.9,6.0,0.2185
0.05,0.8,2000,30,1.0,0.9,6.0,0.208501
0.05,0.8,2000,31,1.0,0.9,6.0,0.233498
0.05,0.8,2000,32,1.0,0.9,6.0,0.219
0.05,0.8,2000,33,1.0,0.9,6.0,0.216001
0.05,0.8,2000,34,1.0,0.9,6.0,0.2185
0.05,0.8,2000,35,1.0,0.9,6.0,0.2235
0.05,0.8,2000,36,1.0,0.9,6.0,0.232999
0.05,0.8,2000,37,1.0,0.9,6.0,0.2275
0.05,0.8,2000,38,1.0,0.9,6.0,0.2185
0.05,0.8,2000,39,1.0,0.9,6.0,0.217502
0.05,0.8,2000,40,1.0,0.9,6.0,0.230999
0.05,0.8,2000,41,1.0,0.9,6.0,0.263999
0.05,0.8,2000,42,1.0,0.9,6.0,0.233001
0.05,0.8,2000,43,1.0,0.9,6.0,0.219501
0.05,0.8,2000,44,1.0,0.9,6.0,0.228001
0.05,0.8,2000,45,1.0,0.9,6.0,0.232499
0.05,0.8,2000,46,1.0,0.9,6.0,0.233503
0.05,0.8,2000,47,1.0,0.9,6.0,0.228997
0.05,0.8,2000,48,1.0,0.9,6.0,0.218998
0.05,0.8,2000,49,1.0,0.9,6.0,0.2285
0.05,0.8,2000,50,1.0,0.9,6.0,0.267501
0.05,0.8,2000,51,1.0,0.9,6.0,0.273
0.05,0.8,2000,52,1.0,0.9,6.0,0.251499
0.05,0.8,2000,53,1.0,0.9,6.0,0.219001
0.05,0.8,2000,54,1.0,0.9,6.0,0.2325
0.05,0.8,2000,55,1.0,0.9,6.0,0.234999
0.05,0.8,2000,56,1.0,0.9,6.0,0.218
0.05,0.8,2000,57,1.0,0.9,6.0,0.232001
0.05,0.8,2000,58,1.0,0.9,6.0,0.227997
0.05,0.8,2000,59,1.0,0.9,6.0,0.229001
0.05,0.8,2000,60,1.0,0.9,6.0,0.230499
0.05,0.8,2000,61,1.0,0.9,6.0,0.223501
0.05,0.8,2000,62,1.0,0.9,6.0,0.232999
0.05,0.8,2000,63,1.0,0.9,6.0,0.213998
0.05,0.8,2000,64,1.0,0.9,6.0,0.227001
0.05,0.8,2000,65,1.0,0.9,6.0,0.210001
0.05,0.8,2000,66,1.0,0.9,6.0,0.252001
0.05,0.8,2000,67,1.0,0.9,6.0,0.230998
0.05,0.8,2000,68,1.0,0.9,6.0,0.2225
0.05,0.8,2000,69,1.0,0.9,6.0,0.225002
0.05,0.8,2000,70,1.0,0.9,6.0,0.227498
0.05,0.8,2000,71,1.0,0.9,6.0,0.220001
0.05,0.8,2000,72,1.0,0.9,6.0,0.229998
0.05,0.8,2000,73,1.0,0.9,6.0,0.230501
0.05,0.8,2000,74,1.0,0.9,6.0,0.225999
0.05,0.8,2000,75,1.0,0.9,6.0,0.226002
0.05,0.8,2000,76,1.0,0.9,6.0,0.230498
0.05,0.8,2000,77,1.0,0.9,6.0,0.225999
0.05,0.8,2000,78,1.0,0.9,6.0,0.222499
0.05,0.8,2000,79,1.0,0.9,6.0,0.234501
0.05,0.8,2000,80,1.0,0.9,6.0,0.221999
0.05,0.8,2000,81,1.0,0.9,6.0,0.222001
0.05,0.8,2000,82,1.0,0.9,6.0,0.222498
0.05,0.8,2000,83,1.0,0.9,6.0,0.2285
0.05,0.8,2000,84,1.0,0.9,6.0,0.220501
0.05,0.8,2000,85,1.0,0.9,6.0,0.217999
0.05,0.8,2000,86,1.0,0.9,6.0,0.218
0.05,0.8,2000,87,1.0,0.9,6.0,0.225
0.05,0.8,2000,88,1.0,0.9,6.0,0.225999
0.05,0.8,2000,89,1.0,0.9,6.0,0.228001
0.05,0.8,2000,90,1.0,0.9,6.0,0.222501
0.05,0.8,2000,91,1.0,0.9,6.0,0.2275
0.05,0.8,2000,92,1.0,0.9,6.0,0.223501
0.05,0.8,2000,93,1.0,0.9,6.0,0.236001
0.05,0.8,2000,94,1.0,0.9,6.0,0.222499
0.05,0.8,2000,95,1.0,0.9,6.0,0.226499
0.05,0.8,2000,96,1.0,0.9,6.0,0.2305
0.05,0.8,2000,97,1.0,0.9,6.0,0.228
0.05,0.8,2000,98,1.0,0.9,6.0,0.228
0.05,0.8,2000,99,1.0,0.9,6.0,0.222501
0.05,0.95,20,0,0.0,-1.0,50.0,0.203002
0.05,0.95,20,1,0.0,-1.0,50.0,0.197497
0.05,0.95,20,2,0.0,-1.0,50.0,0.200001
0.05,0.95,20,3,0.0,-1.0,50.0,0.196503
0.05,0.95,20,4,0.0,-1.0,50.0,0.199499
0.05,0.95,20,5,0.0,-1.0,50.0,0.192998
0.05,0.95,20,6,0.0,-1.0,50.0,0.201
0.05,0.95,20,7,0.0,-1.0,50.0,0.204
0.05,0.95,20,8,0.0,-1.0,50.0,0.196501
0.05,0.95,20,9,0.0,-1.0,50.0,0.203001
0.05,0.95,20,10,0.0,-1.0,50.0,0.203999
0.05,0.95,20,11,0.0,-1.0,50.0,0.194999
0.05,0.95,20,12,0.0,-1.0,50.0,0.208001
0.05,0.95,20,13,0.0,-1.0,50.0,0.193999
0.05,0.95,20,14,0.0,-1.0,50.0,0.203
0.05,0.95,20,15,0.0,-1.0,50.0,0.204
0.05,0.95,20,16,0.0,-1.0,50.0,0.201998
0.05,0.95,20,17,0.0,-1.0,50.0,0.212501
0.05,0.95,20,18,0.0,-1.0,50.0,0.209501
0.05,0.95,20,19,0.0,-1.0,50.0,0.214001
0.05,0.95,20,20,0.0,-1.0,50.0,0.205998
0.05,0.95,20,21,0.0,-1.0,50.0,0.204002
0.05,0.95,20,22,0.0,-1.0,50.0,0.231998
0.05,0.95,20,23,0.0,-1.0,50.0,0.227999
0.05,0.95,20,24,0.0,-1.0,50.0,0.2455
0.05,0.95,20,25,0.0,-1.0,50.0,0.211998
0.05,0.95,20,26,0.0,-1.0,50.0,0.205
0.05,0.95,20,27,0.0,-1.0,50.0,0.202001
0.05,0.95,20,28,0.0,-1.0,50.0,0.202001
0.05,0.95,20,29,0.0,-1.0,50.0,0.196001
0.05,0.95,20,30,0.0,-1.0,50.0,0.200001
0.05,0.95,20,31,0.0,-1.0,50.0,0.210498
0.05,0.95,20,32,0.0,-1.0,50.0,0.1955
0.05,0.95,20,33,0.0,-1.0,50.0,0.206499
0.05,0.95,20,34,0.0,-1.0,50.0,0.1975
0.05,0.95,20,35,0.0,-1.0,50.0,0.196501
0.05,0.95,20,36,0.0,-1.0,50.0,0.209501
0.05,0.95,20,37,0.0,-1.0,50.0,0.190999
0.05,0.95,20,38,0.0,-1.0,50.0,0.200002
0.05,0.95,20,39,0.0,-1.0,50.0,0.2035
0.05,0.95,20,40,0.0,-1.0,50.0,0.203
0.05,0.95,20,41,0.0,-1.0,50.0,0.215
0.05,0.95,20,42,0.0,-1.0,50.0,0.206498
0.05,0.95,20,43,0.0,-1.0,50.0,0.197
0.05,0.95,20,44,0.0,-1.0,50.0,0.203503
0.05,0.95,20,45,0.0,-1.0,50.0,0.197498
0.05,0.95,20,46,0.0,-1.0,50.0,0.2135
0.05,0.95,20,47,0.0,-1.0,50.0,0.195502
0.05,0.95,20,48,0.0,-1.0,50.0,0.201998
0.05,0.95,20,49,0.0,-1.0,50.0,0.198
0.05,0.95,20,50,0.0,-1.0,50.0,0.265499
0.05,0.95,20,51,0.0,-1.0,50.0,0.214501
0.05,0.95,20,52,0.0,-1.0,50.0,0.2355
0.05,0.95,20,53,0.0,-1.0,50.0,0.208999
0.05,0.95,20,54,0.0,-1.0,50.0,0.217001
0.05,0.95,20,55,0.0,-1.0,50.0,0.227501
0.05,0.95,20,56,0.0,-1.0,50.0,0.193001
0.05,0.95,20,57,0.0,-1.0,50.0,0.206499
0.05,0.95,20,58,0.0,-1.0,50.0,0.202499
0.05,0.95,20,59,0.0,-1.0,50.0,0.194501
0.05,0.95,20,60,0.0,-1.0,50.0,0.209501
0.05,0.95,20,61,0.0,-1.0,50.0,0.194533
0.05,0.95,20,62,0.0,-1.0,50.0,0.199967
0.05,0.95,20,63,0.0,-1.0,50.0,0.201498
0.05,0.95,20,64,0.0,-1.0,50.0,0.198999
0.05,0.95,20,65,0.0,-1.0,50.0,0.206001
0.05,0.95,20,66,0.0,-1.0,50.0,0.204001
0.05,0.95,20,67,0.0,-1.0,50.0,0.209999
0.05,0.95,20,68,0.0,-1.0,50.0,0.204
0.05,0.95,20,69,0.0,-1.0,50.0,0.192002
0.05,0.95,20,70,0.0,-1.0,50.0,0.205999
0.05,0.95,20,71,0.0,-1.0,50.0,0.2065
0.05,0.95,20,72,0.0,-1.0,50.0,0.197498
0.05,0.95,20,73,0.0,-1.0,50.0,0.199504
0.05,0.95,20,74,0.0,-1.0,50.0,0.194497
0.05,0.95,20,75,0.0,-1.0,50.0,0.202501
0.05,0.95,20,76,0.0,-1.0,50.0,0.2015
0.05,0.95,20,77,0.0,-1.0,50.0,0.19
0.05,0.95,20,78,0.0,-1.0,50.0,0.1975
0.05,0.95,20,79,0.0,-1.0,50.0,0.196
0.05,0.95,20,80,0.0,-1.0,50.0,0.201501
0.05,0.95,20,81,0.0,-1.0,50.0,0.198001
0.05,0.95,20,82,0.0,-1.0,50.0,0.198999
0.05,0.95,20,83,0.0,-1.0,50.0,0.197
0.05,0.95,20,84,0.0,-1.0,50.0,0.201
0.05,0.95,20,85,0.0,-1.0,50.0,0.209499
0.05,0.95,20,86,0.0,-1.0,50.0,0.195499
0.05,0.95,20,87,0.0,-1.0,50.0,0.205503
0.05,0.95,20,88,0.0,-1.0,50.0,0.197502
0.05,0.95,20,89,0.0,-1.0,50.0,0.2
0.05,0.95,20,90,0.0,-1.0,50.0,0.216998
0.05,0.95,20,91,0.0,-1.0,50.0,0.25
0.05,0.95,20,92,0.0,-1.0,50.0,0.2385
0.05,0.95,20,93,0.0,-1.0,50.0,0.239
0.05,0.95,20,94,0.0,-1.0,50.0,0.217
0.05,0.95,20,95,0.0,-1.0,50.0,0.224499
0.05,0.95,20,96,0.0,-1.0,50.0,0.215501
0.05,0.95,20,97,0.0,-1.0,50.0,0.201
0.05,0.95,20,98,0.0,-1.0,50.0,0.191002
0.05,0.95,20,99,0.0,-1.0,50.0,0.203497
0.05,0.95,100,0,1.0,0.9,6.0,0.034498
0.05,0.95,100,1,1.0,0.9,6.0,0.0335
0.05,0.95,100,2,1.0,0.9,6.0,0.034
0.05,0.95,100,3,1.0,0.9,6.0,0.034502
0.05,0.95,100,4,1.0,0.9,6.0,0.031499
0.05,0.95,100,5,1.0,0.9,6.0,0.033001
0.05,0.95,100,6,1.0,0.9,6.0,0.034497
0.05,0.95,100,7,1.0,0.9,6.0,0.0325
0.05,0.95,100,8,1.0,0.9,6.0,0.034002
0.05,0.95,100,9,1.0,0.9,6.0,0.033498
0.05,0.95,100,10,1.0,0.9,6.0,0.036501
0.05,0.95,100,11,1.0,0.9,6.0,0.042498
0.05,0.95,100,12,1.0,0.9,6.0,0.0365
0.05,0.95,100,13,1.0,0.9,6.0,0.034999
0.05,0.95,100,14,1.0,0.9,6.0,0.036502
0.05,0.95,100,15,1.0,0.9,6.0,0.034997
0.05,0.95,100,16,1.0,0.9,6.0,0.0365
0.05,0.95,100,17,1.0,0.9,6.0,0.04
0.05,0.95,100,18,1.0,0.9,6.0,0.036
0.05,0.95,100,19,1.0,0.9,6.0,0.034001
0.05,0.95,100,20,1.0,0.9,6.0,0.034
0.05,0.95,100,21,1.0,0.9,6.0,0.033501
0.05,0.95,100,22,1.0,0.9,6.0,0.030998
0.05,0.95,100,23,1.0,0.9,6.0,0.036001
0.05,0.95,100,24,1.0,0.9,6.0,0.0385
0.05,0.95,100,25,0.0,-1.0,50.0,0.218002
0.05,0.95,100,26,1.0,0.9,6.0,0.034998
0.05,0.95,100,27,0.0,-1.0,50.0,0.200502
0.05,0.95,100,28,1.0,0.9,6.0,0.034497
0.05,0.95,100,29,1.0,0.9,6.0,0.046505
0.05,0.95,100,30,1.0,0.9,6.0,0.037495
0.05,0.95,100,31,1.0,0.9,6.0,0.0345
0.05,0.95,100,32,1.0,0.9,6.0,0.0365
0.05,0.95,100,33,1.0,0.9,6.0,0.036
0.05,0.95,100,34,1.0,0.9,6.0,0.034499
0.05,0.95,100,35,1.0,0.9,6.0,0.035001
0.05,0.95,100,36,1.0,0.9,6.0,0.035501
0.05,0.95,100,37,1.0,0.9,6.0,0.035501
0.05,0.95,100,38,1.0,0.9,6.0,0.035501
0.05,0.95,100,39,1.0,0.9,6.0,0.035498
0.05,0.95,100,40,1.0,0.9,6.0,0.034502
0.05,0.95,100,41,1.0,0.9,6.0,0.0365
0.05,0.95,100,42,1.0,0.9,6.0,0.039998
0.05,0.95,100,43,1.0,0.9,6.0,0.035499
0.05,0.95,100,44,1.0,0.9,6.0,0.038502
0.05,0.95,100,45,1.0,0.9,6.0,0.038501
0.05,0.95,100,46,1.0,0.9,6.0,0.036999
0.05,0.95,100,47,1.0,0.9,6.0,0.0365
0.05,0.95,100,48,1.0,0.9,6.0,0.036001
0.05,0.95,100,49,1.0,0.9,6.0,0.036
0.05,0.95,100,50,1.0,0.9,6.0,0.035499
0.05,0.95,100,51,1.0,0.9,6.0,0.032
0.05,0.95,100,52,1.0,0.9,6.0,0.031999
0.05,0.95,100,53,1.0,0.9,6.0,0.034502
0.05,0.95,100,54,1.0,0.9,6.0,0.036999
0.05,0.95,100,55,0.0,-1.0,50.0,0.202999
0.05,0.95,100,56,1.0,0.9,6.0,0.034501
0.05,0.95,100,57,1.0,0.9,6.0,0.036999
0.05,0.95,100,58,1.0,0.9,6.0,0.035001
0.05,0.95,100,59,1.0,0.9,6.0,0.035499
0.05,0.95,100,60,1.0,0.9,6.0,0.037001
0.05,0.95,100,61,1.0,0.9,6.0,0.0325
0.05,0.95,100,62,0.0,-1.0,50.0,0.209499
0.05,0.95,100,63,1.0,0.9,6.0,0.036
0.05,0.95,100,64,1.0,0.9,6.0,0.034001
0.05,0.95,100,65,1.0,0.9,6.0,0.037501
0.05,0.95,100,66,1.0,0.9,6.0,0.037499
0.05,0.95,100,67,1.0,0.9,6.0,0.037999
0.05,0.95,100,68,1.0,0.9,6.0,0.042002
0.05,0.95,100,69,1.0,0.9,6.0,0.039499
0.05,0.95,100,70,1.0,0.9,6.0,0.036
0.05,0.95,100,71,0.0,-1.0,50.0,0.216999
0.05,0.95,100,72,0.0,-1.0,50.0,0.207001
0.05,0.95,100,73,1.0,0.9,6.0,0.035
0.05,0.95,100,74,1.0,0.9,6.0,0.0345
0.05,0.95,100,75,0.0,-1.0,50.0,0.214501
0.05,0.95,100,76,1.0,0.9,6.0,0.037503
0.05,0.95,100,77,1.0,0.9,6.0,0.036997
0.05,0.95,100,78,0.0,-1.0,50.0,0.197499
0.05,0.95,100,79,1.0,0.9,6.0,0.034
0.05,0.95,100,80,1.0,0.9,6.0,0.0355
0.05,0.95,100,81,0.0,-1.0,50.0,0.208502
0.05,0.95,100,82,1.0,0.9,6.0,0.037498
0.05,0.95,100,83,1.0,0.9,6.0,0.035387
0.05,0.95,100,84,0.0,-1.0,50.0,0.204501
0.05,0.95,100,85,0.0,-1.0,50.0,0.229999
0.05,0.95,100,86,1.0,0.9,6.0,0.039501
0.05,0.95,100,87,0.0,-1.0,50.0,0.227997
0.05,0.95,100,88,1.0,0.9,6.0,0.038002
0.05,0.95,100,89,1.0,0.9,6.0,0.038999
0.05,0.95,100,90,1.0,0.9,6.0,0.045999
0.05,0.95,100,91,1.0,0.9,6.0,0.039881
0.05,0.95,100,92,1.0,0.9,6.0,0.038499
0.05,0.95,100,93,0.0,-1.0,50.0,0.209
0.05,0.95,100,94,1.0,0.9,6.0,0.032499
0.05,0.95,100,95,1.0,0.9,6.0,0.034503
0.05,0.95,100,96,1.0,0.9,6.0,0.036999
0.05,0.95,100,97,0.0,-1.0,50.0,0.212499
0.05,0.95,100,98,1.0,0.9,6.0,0.035502
0.05,0.95,100,99,1.0,0.9,6.0,0.033002
0.05,0.95,500,0,1.0,0.9,6.0,0.071498
0.05,0.95,500,1,1.0,0.9,6.0,0.072001
0.05,0.95,500,2,1.0,0.9,6.0,0.068999
0.05,0.95,500,3,1.0,0.9,6.0,0.069499
0.05,0.95,500,4,1.0,0.9,6.0,0.074538
0.05,0.95,500,5,1.0,0.9,6.0,0.073963
0.05,0.95,500,6,1.0,0.9,6.0,0.067998
0.05,0.95,500,7,1.0,0.9,6.0,0.075002
0.05,0.95,500,8,1.0,0.9,6.0,0.072499
0.05,0.95,500,9,1.0,0.9,6.0,0.067003
0.05,0.95,500,10,1.0,0.9,6.0,0.074999
0.05,0.95,500,11,1.0,0.9,6.0,0.079002
0.05,0.95,500,12,1.0,0.9,6.0,0.076497
0.05,0.95,500,13,1.0,0.9,6.0,0.072001
0.05,0.95,500,14,1.0,0.9,6.0,0.073001
0.05,0.95,500,15,1.0,0.9,6.0,0.069497
0.05,0.95,500,16,1.0,0.9,6.0,0.068001
0.05,0.95,500,17,1.0,0.9,6.0,0.071001
0.05,0.95,500,18,1.0,0.9,6.0,0.0725
0.05,0.95,500,19,1.0,0.9,6.0,0.075499
0.05,0.95,500,20,1.0,0.9,6.0,0.075999
0.05,0.95,500,21,1.0,0.9,6.0,0.071503
0.05,0.95,500,22,1.0,0.9,6.0,0.070498
0.05,0.95,500,23,1.0,0.9,6.0,0.074502
0.05,0.95,500,24,1.0,0.9,6.0,0.070497
0.05,0.95,500,25,1.0,0.9,6.0,0.081501
0.05,0.95,500,26,1.0,0.9,6.0,0.075
0.05,0.95,500,27,1.0,0.9,6.0,0.077999
0.05,0.95,500,28,1.0,0.9,6.0,0.072001
0.05,0.95,500,29,1.0,0.9,6.0,0.073997
0.05,0.95,500,30,1.0,0.9,6.0,0.08
0.05,0.95,500,31,1.0,0.9,6.0,0.072499
0.05,0.95,500,32,1.0,0.9,6.0,0.083001
0.05,0.95,500,33,1.0,0.9,6.0,0.084499
0.05,0.95,500,34,1.0,0.9,6.0,0.078501
0.05,0.95,500,35,1.0,0.9,6.0,0.098
0.05,0.95,500,36,1.0,0.9,6.0,0.098999
0.05,0.95,500,37,1.0,0.9,6.0,0.103001
0.05,0.95,500,38,1.0,0.9,6.0,0.082
0.05,0.95,500,39,1.0,0.9,6.0,0.0825
0.05,0.95,500,40,1.0,0.9,6.0,0.089499
0.05,0.95,500,41,1.0,0.9,6.0,0.083499
0.05,0.95,500,42,1.0,0.9,6.0,0.081001
0.05,0.95,500,43,1.0,0.9,6.0,0.083499
0.05,0.95,500,44,1.0,0.9,6.0,0.083501
0.05,0.95,500,45,1.0,0.9,6.0,0.085499
0.05,0.95,500,46,1.0,0.9,6.0,0.082999
0.05,0.95,500,47,1.0,0.9,6.0,0.083001
0.05,0.95,500,48,1.0,0.9,6.0,0.083002
0.05,0.95,500,49,1.0,0.9,6.0,0.089998
0.05,0.95,500,50,1.0,0.9,6.0,0.084001
0.05,0.95,500,51,1.0,0.9,6.0,0.077501
0.05,0.95,500,52,1.0,0.9,6.0,0.085498
0.05,0.95,500,53,1.0,0.9,6.0,0.083001
0.05,0.95,500,54,1.0,0.9,6.0,0.074499
0.05,0.95,500,55,1.0,0.9,6.0,0.077999
0.05,0.95,500,56,1.0,0.9,6.0,0.075503
0.05,0.95,500,57,1.0,0.9,6.0,0.076997
0.05,0.95,500,58,1.0,0.9,6.0,0.065501
0.05,0.95,500,59,1.0,0.9,6.0,0.071501
0.05,0.95,500,60,1.0,0.9,6.0,0.0705
0.05,0.95,500,61,1.0,0.9,6.0,0.074
0.05,0.95,500,62,1.0,0.9,6.0,0.0745
0.05,0.95,500,63,1.0,0.9,6.0,0.0715
0.05,0.95,500,64,1.0,0.9,6.0,0.073
0.05,0.95,500,65,1.0,0.9,6.0,0.070501
0.05,0.95,500,66,1.0,0.9,6.0,0.07
0.05,0.95,500,67,1.0,0.9,6.0,0.075
0.05,0.95,500,68,1.0,0.9,6.0,0.085
0.05,0.95,500,69,1.0,0.9,6.0,0.0715
0.05,0.95,500,70,1.0,0.9,6.0,0.073502
0.05,0.95,500,71,1.0,0.9,6.0,0.072544
0.05,0.95,500,72,1.0,0.9,6.0,0.070454
0.05,0.95,500,73,1.0,0.9,6.0,0.066
0.05,0.95,500,74,1.0,0.9,6.0,0.072999
0.05,0.95,500,75,1.0,0.9,6.0,0.078501
0.05,0.95,500,76,1.0,0.9,6.0,0.077001
0.05,0.95,500,77,1.0,0.9,6.0,0.0725
0.05,0.95,500,78,1.0,0.9,6.0,0.073999
0.05,0.95,500,79,1.0,0.9,6.0,0.073
0.05,0.95,500,80,1.0,0.9,6.0,0.071501
0.05,0.95,500,81,1.0,0.9,6.0,0.073
0.05,0.95,500,82,1.0,0.9,6.0,0.084002
0.05,0.95,500,83,1.0,0.9,6.0,0.0745
0.05,0.95,500,84,1.0,0.9,6.0,0.083002
0.05,0.95,500,85,1.0,0.9,6.0,0.075997
0.05,0.95,500,86,1.0,0.9,6.0,0.074
0.05,0.95,500,87,1.0,0.9,6.0,0.071488
0.05,0.95,500,88,1.0,0.9,6.0,0.071501
0.05,0.95,500,89,1.0,0.9,6.0,0.076998
0.05,0.95,500,90,1.0,0.9,6.0,0.074
0.05,0.95,500,91,1.0,0.9,6.0,0.079502
0.05,0.95,500,92,1.0,0.9,6.0,0.079999
0.05,0.95,500,93,1.0,0.9,6.0,0.0775
0.05,0.95,500,94,1.0,0.9,6.0,0.071999
0.05,0.95,500,95,1.0,0.9,6.0,0.079503
0.05,0.95,500,96,1.0,0.9,6.0,0.073997
0.05,0.95,500,97,1.0,0.9,6.0,0.071501
0.05,0.95,500,98,1.0,0.9,6.0,0.077
0.05,0.95,500,99,1.0,0.9,6.0,0.071003
0.05,0.95,2000,0,1.0,0.9,6.0,0.280497
0.05,0.95,2000,1,1.0,0.9,6.0,0.251
0.05,0.95,2000,2,1.0,0.9,6.0,0.259999
0.05,0.95,2000,3,1.0,0.9,6.0,0.2915
0.05,0.95,2000,4,1.0,0.9,6.0,0.2585
0.05,0.95,2000,5,1.0,0.9,6.0,0.2095
0.05,0.95,2000,6,1.0,0.9,6.0,0.228001
0.05,0.95,2000,7,1.0,0.9,6.0,0.214999
0.05,0.95,2000,8,1.0,0.9,6.0,0.231503
0.05,0.95,2000,9,1.0,0.9,6.0,0.223502
0.05,0.95,2000,10,1.0,0.9,6.0,0.227995
0.05,0.95,2000,11,1.0,0.9,6.0,0.2245
0.05,0.95,2000,12,1.0,0.9,6.0,0.217502
0.05,0.95,2000,13,1.0,0.9,6.0,0.245497
0.05,0.95,2000,14,1.0,0.9,6.0,0.226499
0.05,0.95,2000,15,1.0,0.9,6.0,0.228502
0.05,0.95,2000,16,1.0,0.9,6.0,0.240503
0.05,0.95,2000,17,1.0,0.9,6.0,0.259495
0.05,0.95,2000,18,1.0,0.9,6.0,0.271001
0.05,0.95,2000,19,1.0,0.9,6.0,0.249501
0.05,0.95,2000,20,1.0,0.9,6.0,0.231503
0.05,0.95,2000,21,1.0,0.9,6.0,0.250032
0.05,0.95,2000,22,1.0,0.9,6.0,0.255464
0.05,0.95,2000,23,1.0,0.9,6.0,0.240001
0.05,0.95,2000,24,1.0,0.9,6.0,0.222969
0.05,0.95,2000,25,1.0,0.9,6.0,0.231501
0.05,0.95,2000,26,1.0,0.9,6.0,0.226499
0.05,0.95,2000,27,1.0,0.9,6.0,0.236999
0.05,0.95,2000,28,1.0,0.9,6.0,0.226503
0.05,0.95,2000,29,1.0,0.9,6.0,0.233999
0.05,0.95,2000,30,1.0,0.9,6.0,0.221
0.05,0.95,2000,31,1.0,0.9,6.0,0.237001
0.05,0.95,2000,32,1.0,0.9,6.0,0.241498
0.05,0.95,2000,33,1.0,0.9,6.0,0.235
0.05,0.95,2000,34,1.0,0.9,6.0,0.232001
0.05,0.95,2000,35,1.0,0.9,6.0,0.235999
0.05,0.95,2000,36,1.0,0.9,6.0,0.229
0.05,0.95,2000,37,1.0,0.9,6.0,0.228999
0.05,0.95,2000,38,1.0,0.9,6.0,0.225999
0.05,0.95,2000,39,1.0,0.9,6.0,0.2275
0.05,0.95,2000,40,1.0,0.9,6.0,0.24308
0.05,0.95,2000,41,1.0,0.9,6.0,0.227421
0.05,0.95,2000,42,1.0,0.9,6.0,0.230999
0.05,0.95,2000,43,1.0,0.9,6.0,0.231001
0.05,0.95,2000,44,1.0,0.9,6.0,0.2605
0.05,0.95,2000,45,1.0,0.9,6.0,0.237499
0.05,0.95,2000,46,1.0,0.9,6.0,0.226001
0.05,0.95,2000,47,1.0,0.9,6.0,0.234501
0.05,0.95,2000,48,1.0,0.9,6.0,0.2335
0.05,0.95,2000,49,1.0,0.9,6.0,0.2295
0.05,0.95,2000,50,1.0,0.9,6.0,0.233
0.05,0.95,2000,51,1.0,0.9,6.0,0.235
0.05,0.95,2000,52,1.0,0.9,6.0,0.217
0.05,0.95,2000,53,1.0,0.9,6.0,0.227003
0.05,0.95,2000,54,1.0,0.9,6.0,0.223496
0.05,0.95,2000,55,1.0,0.9,6.0,0.221503
0.05,0.95,2000,56,1.0,0.9,6.0,0.234498
0.05,0.95,2000,57,1.0,0.9,6.0,0.231
0.05,0.95,2000,58,1.0,0.9,6.0,0.236
0.05,0.95,2000,59,1.0,0.9,6.0,0.224999
0.05,0.95,2000,60,1.0,0.9,6.0,0.247502
0.05,0.95,2000,61,1.0,0.9,6.0,0.268999
0.05,0.95,2000,62,1.0,0.9,6.0,0.2815
0.05,0.95,2000,63,1.0,0.9,6.0,0.229001
0.05,0.95,2000,64,1.0,0.9,6.0,0.2425
0.05,0.95,2000,65,1.0,0.9,6.0,0.238002
0.05,0.95,2000,66,1.0,0.9,6.0,0.228997
0.05,0.95,2000,67,1.0,0.9,6.0,0.220003
0.05,0.95,2000,68,1.0,0.9,6.0,0.309499
0.05,0.95,2000,69,1.0,0.9,6.0,0.239999
0.05,0.95,2000,70,1.0,0.9,6.0,0.228999
0.05,0.95,2000,71,1.0,0.9,6.0,0.23
0.05,0.95,2000,72,1.0,0.9,6.0,0.238
0.05,0.95,2000,73,1.0,0.9,6.0,0.226
0.05,0.95,2000,74,1.0,0.9,6.0,0.232
0.05,0.95,2000,75,1.0,0.9,6.0,0.232499
0.05,0.95,2000,76,1.0,0.9,6.0,0.233501
0.05,0.95,2000,77,1.0,0.9,6.0,0.231
0.05,0.95,2000,78,1.0,0.9,6.0,0.236499
0.05,0.95,2000,79,1.0,0.9,6.0,0.237001
0.05,0.95,2000,80,1.0,0.9,6.0,0.226499
0.05,0.95,2000,81,1.0,0.9,6.0,0.2415
0.05,0.95,2000,82,1.0,0.9,6.0,0.229501
0.05,0.95,2000,83,1.0,0.9,6.0,0.232
0.05,0.95,2000,84,1.0,0.9,6.0,0.220601
0.05,0.95,2000,85,1.0,0.9,6.0,0.227899
0.05,0.95,2000,86,1.0,0.9,6.0,0.2325
0.05,0.95,2000,87,1.0,0.9,6.0,0.234
0.05,0.95,2000,88,1.0,0.9,6.0,0.248001
0.05,0.95,2000,89,1.0,0.9,6.0,0.225499
0.05,0.95,2000,90,1.0,0.9,6.0,0.237501
0.05,0.95,2000,91,1.0,0.9,6.0,0.236501
0.05,0.95,2000,92,1.0,0.9,6.0,0.223498
0.05,0.95,2000,93,1.0,0.9,6.0,0.237501
0.05,0.95,2000,94,1.0,0.9,6.0,0.228537
0.05,0.95,2000,95,1.0,0.9,6.0,0.223463
0.05,0.95,2000,96,1.0,0.9,6.0,0.236502
0.05,0.95,2000,97,1.0,0.9,6.0,0.238998
0.05,0.95,2000,98,1.0,0.9,6.0,0.2385
0.05,0.95,2000,99,1.0,0.9,6.0,0.226
0.05,0.99,20,0,0.0,-1.0,50.0,0.205499
0.05,0.99,20,1,0.0,-1.0,50.0,0.206001
0.05,0.99,20,2,0.0,-1.0,50.0,0.2
0.05,0.99,20,3,0.0,-1.0,50.0,0.216501
0.05,0.99,20,4,0.0,-1.0,50.0,0.211
0.05,0.99,20,5,0.0,-1.0,50.0,0.210501
0.05,0.99,20,6,0.0,-1.0,50.0,0.203998
0.05,0.99,20,7,0.0,-1.0,50.0,0.198499
0.05,0.99,20,8,0.0,-1.0,50.0,0.205498
0.05,0.99,20,9,0.0,-1.0,50.0,0.203
0.05,0.99,20,10,0.0,-1.0,50.0,0.2055
0.05,0.99,20,11,0.0,-1.0,50.0,0.1965
0.05,0.99,20,12,0.0,-1.0,50.0,0.1975
0.05,0.99,20,13,0.0,-1.0,50.0,0.202
0.05,0.99,20,14,0.0,-1.0,50.0,0.198499
0.05,0.99,20,15,0.0,-1.0,50.0,0.194501
0.05,0.99,20,16,0.0,-1.0,50.0,0.205
0.05,0.99,20,17,0.0,-1.0,50.0,0.200498
0.05,0.99,20,18,0.0,-1.0,50.0,0.192501
0.05,0.99,20,19,0.0,-1.0,50.0,0.208001
0.05,0.99,20,20,0.0,-1.0,50.0,0.198998
0.05,0.99,20,21,0.0,-1.0,50.0,0.197
0.05,0.99,20,22,0.0,-1.0,50.0,0.201999
0.05,0.99,20,23,0.0,-1.0,50.0,0.203001
0.05,0.99,20,24,0.0,-1.0,50.0,0.216499
0.05,0.99,20,25,0.0,-1.0,50.0,0.201503
0.05,0.99,20,26,0.0,-1.0,50.0,0.197499
0.05,0.99,20,27,0.0,-1.0,50.0,0.209498
0.05,0.99,20,28,0.0,-1.0,50.0,0.2095
0.05,0.99,20,29,0.0,-1.0,50.0,0.206999
0.05,0.99,20,30,0.0,-1.0,50.0,0.210501
0.05,0.99,20,31,0.0,-1.0,50.0,0.1995
0.05,0.99,20,32,0.0,-1.0,50.0,0.202001
0.05,0.99,20,33,0.0,-1.0,50.0,0.2095
0.05,0.99,20,34,0.0,-1.0,50.0,0.198499
0.05,0.99,20,35,0.0,-1.0,50.0,0.223501
0.05,0.99,20,36,0.0,-1.0,50.0,0.239422
0.05,0.99,20,37,0.0,-1.0,50.0,0.201502
0.05,0.99,20,38,0.0,-1.0,50.0,0.2005
0.05,0.99,20,39,0.0,-1.0,50.0,0.203
0.05,0.99,20,40,0.0,-1.0,50.0,0.196499
0.05,0.99,20,41,0.0,-1.0,50.0,0.1975
0.05,0.99,20,42,0.0,-1.0,50.0,0.194
0.05,0.99,20,43,0.0,-1.0,50.0,0.202
0.05,0.99,20,44,0.0,-1.0,50.0,0.213001
0.05,0.99,20,45,0.0,-1.0,50.0,0.203499
0.05,0.99,20,46,0.0,-1.0,50.0,0.203
0.05,0.99,20,47,0.0,-1.0,50.0,0.210001
0.05,0.99,20,48,0.0,-1.0,50.0,0.201085
0.05,0.99,20,49,0.0,-1.0,50.0,0.205412
0.05,0.99,20,50,0.0,-1.0,50.0,0.195501
0.05,0.99,20,51,0.0,-1.0,50.0,0.198499
0.05,0.99,20,52,0.0,-1.0,50.0,0.206001
0.05,0.99,20,53,0.0,-1.0,50.0,0.1995
0.05,0.99,20,54,0.0,-1.0,50.0,0.1975
0.05,0.99,20,55,0.0,-1.0,50.0,0.203001
0.05,0.99,20,56,0.0,-1.0,50.0,0.196501
0.05,0.99,20,57,0.0,-1.0,50.0,0.198999
0.05,0.99,20,58,0.0,-1.0,50.0,0.205502
0.05,0.99,20,59,0.0,-1.0,50.0,0.199499
0.05,0.99,20,60,0.0,-1.0,50.0,0.207999
0.05,0.99,20,61,0.0,-1.0,50.0,0.199001
0.05,0.99,20,62,0.0,-1.0,50.0,0.203
0.05,0.99,20,63,0.0,-1.0,50.0,0.212
0.05,0.99,20,64,0.0,-1.0,50.0,0.207001
0.05,0.99,20,65,0.0,-1.0,50.0,0.213999
0.05,0.99,20,66,0.0,-1.0,50.0,0.206
0.05,0.99,20,67,0.0,-1.0,50.0,0.213999
0.05,0.99,20,68,0.0,-1.0,50.0,0.207501
0.05,0.99,20,69,0.0,-1.0,50.0,0.198001
0.05,0.99,20,70,0.0,-1.0,50.0,0.206998
0.05,0.99,20,71,0.0,-1.0,50.0,0.202
0.05,0.99,20,72,1.0,0.9,6.0,0.028
0.05,0.99,20,73,0.0,-1.0,50.0,0.197002
0.05,0.99,20,74,0.0,-1.0,50.0,0.195999
0.05,0.99,20,75,0.0,-1.0,50.0,0.201002
0.05,0.99,20,76,1.0,0.9,6.0,0.0285
0.05,0.99,20,77,0.0,-1.0,50.0,0.2085
0.05,0.99,20,78,0.0,-1.0,50.0,0.226499
0.05,0.99,20,79,0.0,-1.0,50.0,0.231501
0.05,0.99,20,80,0.0,-1.0,50.0,0.226
0.05,0.99,20,81,0.0,-1.0,50.0,0.229499
0.05,0.99,20,82,0.0,-1.0,50.0,0.226
0.05,0.99,20,83,0.0,-1.0,50.0,0.227
0.05,0.99,20,84,0.0,-1.0,50.0,0.2215
0.05,0.99,20,85,0.0,-1.0,50.0,0.214001
0.05,0.99,20,86,0.0,-1.0,50.0,0.210999
0.05,0.99,20,87,0.0,-1.0,50.0,0.203
0.05,0.99,20,88,0.0,-1.0,50.0,0.201499
0.05,0.99,20,89,0.0,-1.0,50.0,0.203001
0.05,0.99,20,90,0.0,-1.0,50.0,0.206999
0.05,0.99,20,91,0.0,-1.0,50.0,0.218999
0.05,0.99,20,92,0.0,-1.0,50.0,0.223001
0.05,0.99,20,93,0.0,-1.0,50.0,0.222499
0.05,0.99,20,94,0.0,-1.0,50.0,0.206501
0.05,0.99,20,95,0.0,-1.0,50.0,0.199499
0.05,0.99,20,96,0.0,-1.0,50.0,0.207001
0.05,0.99,20,97,0.0,-1.0,50.0,0.198499
0.05,0.99,20,98,0.0,-1.0,50.0,0.202499
0.05,0.99,20,99,0.0,-1.0,50.0,0.203501
0.05,0.99,100,0,1.0,0.9,6.0,0.0335
0.05,0.99,100,1,1.0,0.9,6.0,0.035
0.05,0.99,100,2,1.0,0.9,6.0,0.0355
0.05,0.99,100,3,1.0,0.9,6.0,0.034
0.05,0.99,100,4,1.0,0.9,6.0,0.033499
0.05,0.99,100,5,1.0,0.9,6.0,0.034001
0.05,0.99,100,6,1.0,0.9,6.0,0.037499
0.05,0.99,100,7,1.0,0.9,6.0,0.034001
0.05,0.99,100,8,1.0,0.9,6.0,0.0385
0.05,0.99,100,9,1.0,0.9,6.0,0.036
0.05,0.99,100,10,1.0,0.9,6.0,0.040001
0.05,0.99,100,11,1.0,0.9,6.0,0.040499
0.05,0.99,100,12,1.0,0.9,6.0,0.044003
0.05,0.99,100,13,1.0,0.9,6.0,0.0425
0.05,0.99,100,14,1.0,0.9,6.0,0.047998
0.05,0.99,100,15,1.0,0.9,6.0,0.044503
0.05,0.99,100,16,1.0,0.9,6.0,0.043498
0.05,0.99,100,17,1.0,0.9,6.0,0.040001
0.05,0.99,100,18,1.0,0.9,6.0,0.039999
0.05,0.99,100,19,1.0,0.9,6.0,0.047502
0.05,0.99,100,20,1.0,0.9,6.0,0.038499
0.05,0.99,100,21,0.0,-1.0,50.0,0.257002
0.05,0.99,100,22,1.0,0.9,6.0,0.0395
0.05,0.99,100,23,1.0,0.9,6.0,0.036997
0.05,0.99,100,24,1.0,0.9,6.0,0.0395
0.05,0.99,100,25,1.0,0.9,6.0,0.037001
0.05,0.99,100,26,1.0,0.9,6.0,0.036999
0.05,0.99,100,27,1.0,0.9,6.0,0.041
0.05,0.99,100,28,1.0,0.9,6.0,0.036
0.05,0.99,100,29,1.0,0.9,6.0,0.035501
0.05,0.99,100,30,1.0,0.9,6.0,0.0355
0.05,0.99,100,31,1.0,0.9,6.0,0.036001
0.05,0.99,100,32,1.0,0.9,6.0,0.044
0.05,0.99,100,33,1.0,0.9,6.0,0.038998
0.05,0.99,100,34,1.0,0.9,6.0,0.038
0.05,0.99,100,35,1.0,0.9,6.0,0.040499
0.05,0.99,100,36,1.0,0.9,6.0,0.039001
0.05,0.99,100,37,1.0,0.9,6.0,0.041
0.05,0.99,100,38,1.0,0.9,6.0,0.036999
0.05,0.99,100,39,1.0,0.9,6.0,0.046499
0.05,0.99,100,40,1.0,0.9,6.0,0.037502
0.05,0.99,100,41,1.0,0.9,6.0,0.037999
0.05,0.99,100,42,1.0,0.9,6.0,0.038498
0.05,0.99,100,43,0.0,-1.0,50.0,0.212537
0.05,0.99,100,44,1.0,0.9,6.0,0.033466
0.05,0.99,100,45,0.0,-1.0,50.0,0.209497
0.05,0.99,100,46,1.0,0.9,6.0,0.036501
0.05,0.99,100,47,1.0,0.9,6.0,0.0355
0.05,0.99,100,48,1.0,0.9,6.0,0.0385
0.05,0.99,100,49,1.0,0.9,6.0,0.041
0.05,0.99,100,50,1.0,0.9,6.0,0.035999
0.05,0.99,100,51,1.0,0.9,6.0,0.034005
0.05,0.99,100,52,1.0,0.9,6.0,0.035497
0.05,0.99,100,53,1.0,0.9,6.0,0.034999
0.05,0.99,100,54,1.0,0.9,6.0,0.037
0.05,0.99,100,55,1.0,0.9,6.0,0.034002
0.05,0.99,100,56,1.0,0.9,6.0,0.033998
0.05,0.99,100,57,1.0,0.9,6.0,0.036999
0.05,0.99,100,58,1.0,0.9,6.0,0.0355
0.05,0.99,100,59,1.0,0.9,6.0,0.035001
0.05,0.99,100,60,1.0,0.9,6.0,0.0375
0.05,0.99,100,61,1.0,0.9,6.0,0.0395
0.05,0.99,100,62,0.0,-1.0,50.0,0.206999
0.05,0.99,100,63,1.0,0.9,6.0,0.0355
0.05,0.99,100,64,1.0,0.9,6.0,0.034
0.05,0.99,100,65,1.0,0.9,6.0,0.036997
0.05,0.99,100,66,1.0,0.9,6.0,0.033002
0.05,0.99,100,67,1.0,0.9,6.0,0.033499
0.05,0.99,100,68,1.0,0.9,6.0,0.036037
0.05,0.99,100,69,1.0,0.9,6.0,0.034464
0.05,0.99,100,70,1.0,0.9,6.0,0.037501
0.05,0.99,100,71,1.0,0.9,6.0,0.0345
0.05,0.99,100,72,0.0,-1.0,50.0,0.209499
0.05,0.99,100,73,1.0,0.9,6.0,0.037499
0.05,0.99,100,74,0.0,-1.0,50.0,0.204
0.05,0.99,100,75,1.0,0.9,6.0,0.0365
0.05,0.99,100,76,1.0,0.9,6.0,0.036002
0.05,0.99,100,77,1.0,0.9,6.0,0.0395
0.05,0.99,100,78,1.0,0.9,6.0,0.037001
0.05,0.99,100,79,1.0,0.9,6.0,0.032999
0.05,0.99,100,80,1.0,0.9,6.0,0.037
0.05,0.99,100,81,1.0,0.9,6.0,0.036999
0.05,0.99,100,82,1.0,0.9,6.0,0.0345
0.05,0.99,100,83,1.0,0.9,6.0,0.035501
0.05,0.99,100,84,1.0,0.9,6.0,0.032501
0.05,0.99,100,85,0.0,-1.0,50.0,0.202498
0.05,0.99,100,86,1.0,0.9,6.0,0.040502
0.05,0.99,100,87,1.0,0.9,6.0,0.034498
0.05,0.99,100,88,1.0,0.9,6.0,0.036502
0.05,0.99,100,89,1.0,0.9,6.0,0.035999
0.05,0.99,100,90,1.0,0.9,6.0,0.0365
0.05,0.99,100,91,1.0,0.9,6.0,0.037999
0.05,0.99,100,92,1.0,0.9,6.0,0.037002
0.05,0.99,100,93,1.0,0.9,6.0,0.0365
0.05,0.99,100,94,1.0,0.9,6.0,0.0355
0.05,0.99,100,95,1.0,0.9,6.0,0.034
0.05,0.99,100,96,1.0,0.9,6.0,0.034999
0.05,0.99,100,97,1.0,0.9,6.0,0.038502
0.05,0.99,100,98,1.0,0.9,6.0,0.035499
0.05,0.99,100,99,1.0,0.9,6.0,0.034502
0.05,0.99,500,0,1.0,0.9,6.0,0.071498
0.05,0.99,500,1,1.0,0.9,6.0,0.073502
0.05,0.99,500,2,1.0,0.9,6.0,0.082001
0.05,0.99,500,3,1.0,0.9,6.0,0.083498
0.05,0.99,500,4,1.0,0.9,6.0,0.0895
0.05,0.99,500,5,1.0,0.9,6.0,0.082
0.05,0.99,500,6,1.0,0.9,6.0,0.082999
0.05,0.99,500,7,1.0,0.9,6.0,0.101002
0.05,0.99,500,8,1.0,0.9,6.0,0.091999
0.05,0.99,500,9,1.0,0.9,6.0,0.091001
0.05,0.99,500,10,1.0,0.9,6.0,0.089
0.05,0.99,500,11,1.0,0.9,6.0,0.083999
0.05,0.99,500,12,1.0,0.9,6.0,0.083002
0.05,0.99,500,13,1.0,0.9,6.0,0.072999
0.05,0.99,500,14,1.0,0.9,6.0,0.072001
0.05,0.99,500,15,1.0,0.9,6.0,0.071997
0.05,0.99,500,16,1.0,0.9,6.0,0.079001
0.05,0.99,500,17,1.0,0.9,6.0,0.080002
0.05,0.99,500,18,1.0,0.9,6.0,0.091998
0.05,0.99,500,19,1.0,0.9,6.0,0.081
0.05,0.99,500,20,1.0,0.9,6.0,0.079499
0.05,0.99,500,21,1.0,0.9,6.0,0.077
0.05,0.99,500,22,1.0,0.9,6.0,0.077999
0.05,0.99,500,23,1.0,0.9,6.0,0.075
0.05,0.99,500,24,1.0,0.9,6.0,0.0755
0.05,0.99,500,25,1.0,0.9,6.0,0.073001
0.05,0.99,500,26,1.0,0.9,6.0,0.071999
0.05,0.99,500,27,1.0,0.9,6.0,0.077001
0.05,0.99,500,28,1.0,0.9,6.0,0.0705
0.05,0.99,500,29,1.0,0.9,6.0,0.074
0.05,0.99,500,30,1.0,0.9,6.0,0.075502
0.05,0.99,500,31,1.0,0.9,6.0,0.101498
0.05,0.99,500,32,1.0,0.9,6.0,0.083499
0.05,0.99,500,33,1.0,0.9,6.0,0.077501
0.05,0.99,500,34,1.0,0.9,6.0,0.079499
0.05,0.99,500,35,1.0,0.9,6.0,0.0775
0.05,0.99,500,36,1.0,0.9,6.0,0.086999
0.05,0.99,500,37,1.0,0.9,6.0,0.092501
0.05,0.99,500,38,1.0,0.9,6.0,0.0805
0.05,0.99,500,39,1.0,0.9,6.0,0.091501
0.05,0.99,500,40,1.0,0.9,6.0,0.1115
0.05,0.99,500,41,1.0,0.9,6.0,0.104531
0.05,0.99,500,42,1.0,0.9,6.0,0.103467
0.05,0.99,500,43,1.0,0.9,6.0,0.095001
0.05,0.99,500,44,1.0,0.9,6.0,0.0985
0.05,0.99,500,45,1.0,0.9,6.0,0.0955
0.05,0.99,500,46,1.0,0.9,6.0,0.08
0.05,0.99,500,47,1.0,0.9,6.0,0.087999
0.05,0.99,500,48,1.0,0.9,6.0,0.097499
0.05,0.99,500,49,1.0,0.9,6.0,0.086
0.05,0.99,500,50,1.0,0.9,6.0,0.079
0.05,0.99,500,51,1.0,0.9,6.0,0.075001
0.05,0.99,500,52,1.0,0.9,6.0,0.073499
0.05,0.99,500,53,1.0,0.9,6.0,0.0705
0.05,0.99,500,54,1.0,0.9,6.0,0.075998
0.05,0.99,500,55,1.0,0.9,6.0,0.076003
0.05,0.99,500,56,1.0,0.9,6.0,0.080998
0.05,0.99,500,57,1.0,0.9,6.0,0.092999
0.05,0.99,500,58,1.0,0.9,6.0,0.071002
0.05,0.99,500,59,1.0,0.9,6.0,0.078499
0.05,0.99,500,60,1.0,0.9,6.0,0.067501
0.05,0.99,500,61,1.0,0.9,6.0,0.073002
0.05,0.99,500,62,1.0,0.9,6.0,0.073498
0.05,0.99,500,63,1.0,0.9,6.0,0.074001
0.05,0.99,500,64,1.0,0.9,6.0,0.079499
0.05,0.99,500,65,1.0,0.9,6.0,0.08
0.05,0.99,500,66,1.0,0.9,6.0,0.084999
0.05,0.99,500,67,1.0,0.9,6.0,0.077
0.05,0.99,500,68,1.0,0.9,6.0,0.076499
0.05,0.99,500,69,1.0,0.9,6.0,0.074416
0.05,0.99,500,70,1.0,0.9,6.0,0.081497
0.05,0.99,500,71,1.0,0.9,6.0,0.071501
0.05,0.99,500,72,1.0,0.9,6.0,0.073499
0.05,0.99,500,73,1.0,0.9,6.0,0.077501
0.05,0.99,500,74,1.0,0.9,6.0,0.069497
0.05,0.99,500,75,1.0,0.9,6.0,0.072
0.05,0.99,500,76,1.0,0.9,6.0,0.073001
0.05,0.99,500,77,1.0,0.9,6.0,0.075501
0.05,0.99,500,78,1.0,0.9,6.0,0.079002
0.05,0.99,500,79,1.0,0.9,6.0,0.0725
0.05,0.99,500,80,1.0,0.9,6.0,0.080998
0.05,0.99,500,81,1.0,0.9,6.0,0.075498
0.05,0.99,500,82,1.0,0.9,6.0,0.0815
0.05,0.99,500,83,1.0,0.9,6.0,0.0875
0.05,0.99,500,84,1.0,0.9,6.0,0.069001
0.05,0.99,500,85,1.0,0.9,6.0,0.074502
0.05,0.99,500,86,1.0,0.9,6.0,0.078496
0.05,0.99,500,87,1.0,0.9,6.0,0.072501
0.05,0.99,500,88,1.0,0.9,6.0,0.070501
0.05,0.99,500,89,1.0,0.9,6.0,0.071499
0.05,0.99,500,90,1.0,0.9,6.0,0.072002
0.05,0.99,500,91,1.0,0.9,6.0,0.073498
0.05,0.99,500,92,1.0,0.9,6.0,0.075
0.05,0.99,500,93,1.0,0.9,6.0,0.079999
0.05,0.99,500,94,1.0,0.9,6.0,0.0795
0.05,0.99,500,95,1.0,0.9,6.0,0.076503
0.05,0.99,500,96,1.0,0.9,6.0,0.073119
0.05,0.99,500,97,1.0,0.9,6.0,0.077878
0.05,0.99,500,98,1.0,0.9,6.0,0.071002
0.05,0.99,500,99,1.0,0.9,6.0,0.073498
0.05,0.99,2000,0,1.0,0.9,6.0,0.234502
0.05,0.99,2000,1,1.0,0.9,6.0,0.237499
0.05,0.99,2000,2,1.0,0.9,6.0,0.231121
0.05,0.99,2000,3,1.0,0.9,6.0,0.23338
0.05,0.99,2000,4,1.0,0.9,6.0,0.217998
0.05,0.99,2000,5,1.0,0.9,6.0,0.225499
0.05,0.99,2000,6,1.0,0.9,6.0,0.228001
0.05,0.99,2000,7,1.0,0.9,6.0,0.222
0.05,0.99,2000,8,1.0,0.9,6.0,0.230499
0.05,0.99,2000,9,1.0,0.9,6.0,0.232002
0.05,0.99,2000,10,1.0,0.9,6.0,0.222498
0.05,0.99,2000,11,1.0,0.9,6.0,0.233001
0.05,0.99,2000,12,1.0,0.9,6.0,0.236004
0.05,0.99,2000,13,1.0,0.9,6.0,0.233995
0.05,0.99,2000,14,1.0,0.9,6.0,0.230002
0.05,0.99,2000,15,1.0,0.9,6.0,0.221002
0.05,0.99,2000,16,1.0,0.9,6.0,0.248997
0.05,0.99,2000,17,1.0,0.9,6.0,0.229001
0.05,0.99,2000,18,1.0,0.9,6.0,0.229497
0.05,0.99,2000,19,1.0,0.9,6.0,0.239501
0.05,0.99,2000,20,1.0,0.9,6.0,0.288502
0.05,0.99,2000,21,1.0,0.9,6.0,0.242998
0.05,0.99,2000,22,1.0,0.9,6.0,0.249999
0.05,0.99,2000,23,1.0,0.9,6.0,0.2535
0.05,0.99,2000,24,1.0,0.9,6.0,0.222501
0.05,0.99,2000,25,1.0,0.9,6.0,0.233016
0.05,0.99,2000,26,1.0,0.9,6.0,0.232498
0.05,0.99,2000,27,1.0,0.9,6.0,0.232
0.05,0.99,2000,28,1.0,0.9,6.0,0.2285
0.05,0.99,2000,29,1.0,0.9,6.0,0.2335
0.05,0.99,2000,30,1.0,0.9,6.0,0.216
0.05,0.99,2000,31,1.0,0.9,6.0,0.229018
0.05,0.99,2000,32,1.0,0.9,6.0,0.240983
0.05,0.99,2000,33,1.0,0.9,6.0,0.241501
0.05,0.99,2000,34,1.0,0.9,6.0,0.247
0.05,0.99,2000,35,1.0,0.9,6.0,0.223997
0.05,0.99,2000,36,1.0,0.9,6.0,0.2425
0.05,0.99,2000,37,1.0,0.9,6.0,0.247503
0.05,0.99,2000,38,1.0,0.9,6.0,0.2245
0.05,0.99,2000,39,1.0,0.9,6.0,0.225498
0.05,0.99,2000,40,1.0,0.9,6.0,0.229498
0.05,0.99,2000,41,1.0,0.9,6.0,0.233004
0.05,0.99,2000,42,1.0,0.9,6.0,0.230496
0.05,0.99,2000,43,1.0,0.9,6.0,0.225502
0.05,0.99,2000,44,1.0,0.9,6.0,0.233503
0.05,0.99,2000,45,1.0,0.9,6.0,0.231011
0.05,0.99,2000,46,1.0,0.9,6.0,0.231485
0.05,0.99,2000,47,1.0,0.9,6.0,0.254503
0.05,0.99,2000,48,1.0,0.9,6.0,0.240497
0.05,0.99,2000,49,1.0,0.9,6.0,0.226502
0.05,0.99,2000,50,1.0,0.9,6.0,0.223
0.05,0.99,2000,51,1.0,0.9,6.0,0.238501
0.05,0.99,2000,52,1.0,0.9,6.0,0.223998
0.05,0.99,2000,53,1.0,0.9,6.0,0.224999
0.05,0.99,2000,54,1.0,0.9,6.0,0.265502
0.05,0.99,2000,55,1.0,0.9,6.0,0.215999
0.05,0.99,2000,56,1.0,0.9,6.0,0.247
0.05,0.99,2000,57,1.0,0.9,6.0,0.2435
0.05,0.99,2000,58,1.0,0.9,6.0,0.263499
0.05,0.99,2000,59,1.0,0.9,6.0,0.2485
0.05,0.99,2000,60,1.0,0.9,6.0,0.255499
0.05,0.99,2000,61,1.0,0.9,6.0,0.254
0.05,0.99,2000,62,1.0,0.9,6.0,0.253502
0.05,0.99,2000,63,1.0,0.9,6.0,0.242499
0.05,0.99,2000,64,1.0,0.9,6.0,0.228501
0.05,0.99,2000,65,1.0,0.9,6.0,0.223499
0.05,0.99,2000,66,1.0,0.9,6.0,0.245
0.05,0.99,2000,67,1.0,0.9,6.0,0.224002
0.05,0.99,2000,68,1.0,0.9,6.0,0.230499
0.05,0.99,2000,69,1.0,0.9,6.0,0.235499
0.05,0.99,2000,70,1.0,0.9,6.0,0.238001
0.05,0.99,2000,71,1.0,0.9,6.0,0.2205
0.05,0.99,2000,72,1.0,0.9,6.0,0.233
0.05,0.99,2000,73,1.0,0.9,6.0,0.271001
0.05,0.99,2000,74,1.0,0.9,6.0,0.284499
0.05,0.99,2000,75,1.0,0.9,6.0,0.276499
0.05,0.99,2000,76,1.0,0.9,6.0,0.252
0.05,0.99,2000,77,1.0,0.9,6.0,0.237501
0.05,0.99,2000,78,1.0,0.9,6.0,0.245499
0.05,0.99,2000,79,1.0,0.9,6.0,0.24
0.05,0.99,2000,80,1.0,0.9,6.0,0.234001
0.05,0.99,2000,81,1.0,0.9,6.0,0.228536
0.05,0.99,2000,82,1.0,0.9,6.0,0.214462
0.05,0.99,2000,83,1.0,0.9,6.0,0.229501
0.05,0.99,2000,84,1.0,0.9,6.0,0.222002
0.05,0.99,2000,85,1.0,0.9,6.0,0.225997
0.05,0.99,2000,86,1.0,0.9,6.0,0.235502
0.05,0.99,2000,87,1.0,0.9,6.0,0.236497
0.05,0.99,2000,88,1.0,0.9,6.0,0.2225
0.05,0.99,2000,89,1.0,0.9,6.0,0.228501
0.05,0.99,2000,90,1.0,0.9,6.0,0.228499
0.05,0.99,2000,91,1.0,0.9,6.0,0.232502
0.05,0.99,2000,92,1.0,0.9,6.0,0.227997
0.05,0.99,2000,93,1.0,0.9,6.0,0.231002
0.05,0.99,2000,94,1.0,0.9,6.0,0.225998
0.05,0.99,2000,95,1.0,0.9,6.0,0.232001
0.05,0.99,2000,96,1.0,0.9,6.0,0.2485
0.05,0.99,2000,97,1.0,0.9,6.0,0.238499
0.05,0.99,2000,98,1.0,0.9,6.0,0.237001
0.05,0.99,2000,99,1.0,0.9,6.0,0.231498
0.1,0.0,20,0,0.43,-0.3262,38.24,0.187501
0.1,0.0,20,1,0.0,-1.0,50.0,0.235001
0.1,0.0,20,2,0.0,-1.0,50.0,0.232999
0.1,0.0,20,3,0.0,-1.0,50.0,0.218499
0.1,0.0,20,4,0.0,-1.0,50.0,0.219501
0.1,0.0,20,5,0.0,-1.0,50.0,0.226501
0.1,0.0,20,6,0.0,-1.0,50.0,0.200497
0.1,0.0,20,7,0.0,-1.0,50.0,0.210003
0.1,0.0,20,8,0.375,-0.3199,35.12,0.144998
0.1,0.0,20,9,0.0,-1.0,50.0,0.205999
0.1,0.0,20,10,0.0,-1.0,50.0,0.204999
0.1,0.0,20,11,0.73,0.1221,31.125,0.127502
0.1,0.0,20,12,0.0,-1.0,50.0,0.2035
0.1,0.0,20,13,0.0,-1.0,50.0,0.214
0.1,0.0,20,14,0.0,-1.0,50.0,0.2035
0.1,0.0,20,15,0.0,-1.0,50.0,0.210499
0.1,0.0,20,16,0.99,0.6021,20.385,0.090502
0.1,0.0,20,17,0.97,0.592,19.87,0.088001
0.1,0.0,20,18,0.705,0.0551,33.2,0.129499
0.1,0.0,20,19,0.0,-1.0,50.0,0.210002
0.1,0.0,20,20,0.0,-1.0,50.0,0.212496
0.1,0.0,20,21,0.0,-1.0,50.0,0.226001
0.1,0.0,20,22,0.0,-1.0,50.0,0.235001
0.1,0.0,20,23,0.0,-1.0,50.0,0.2385
0.1,0.0,20,24,0.0,-1.0,50.0,0.211998
0.1,0.0,20,25,0.0,-1.0,50.0,0.208999
0.1,0.0,20,26,0.0,-1.0,50.0,0.217
0.1,0.0,20,27,0.92,0.4438,24.73,0.111001
0.1,0.0,20,28,0.0,-1.0,50.0,0.2035
0.1,0.0,20,29,0.0,-1.0,50.0,0.212002
0.1,0.0,20,30,0.495,-0.1166,31.075,0.137498
0.1,0.0,20,31,0.0,-1.0,50.0,0.216501
0.1,0.0,20,32,0.0,-1.0,50.0,0.195499
0.1,0.0,20,33,0.815,0.257,28.715,0.12214
0.1,0.0,20,34,0.0,-1.0,50.0,0.209359
0.1,0.0,20,35,0.0,-1.0,50.0,0.215501
0.1,0.0,20,36,0.99,0.7202,14.48,0.0585
0.1,0.0,20,37,0.3,-0.5733,43.965,0.183504
0.1,0.0,20,38,0.0,-1.0,50.0,0.221996
0.1,0.0,20,39,0.0,-1.0,50.0,0.198999
0.1,0.0,20,40,0.84,0.3957,23.055,0.096003
0.1,0.0,20,41,0.0,-1.0,50.0,0.201998
0.1,0.0,20,42,0.0,-1.0,50.0,0.198999
0.1,0.0,20,43,0.0,-1.0,50.0,0.209002
0.1,0.0,20,44,0.0,-1.0,50.0,0.204998
0.1,0.0,20,45,0.0,-1.0,50.0,0.198999
0.1,0.0,20,46,0.0,-1.0,50.0,0.207501
0.1,0.0,20,47,0.0,-1.0,50.0,0.201498
0.1,0.0,20,48,0.0,-1.0,50.0,0.203503
0.1,0.0,20,49,0.0,-1.0,50.0,0.221496
0.1,0.0,20,50,0.0,-1.0,50.0,0.217501
0.1,0.0,20,51,0.0,-1.0,50.0,0.218999
0.1,0.0,20,52,0.0,-1.0,50.0,0.2185
0.1,0.0,20,53,0.0,-1.0,50.0,0.203498
0.1,0.0,20,54,0.36,-0.4728,42.0,0.172998
0.1,0.0,20,55,0.73,0.1031,32.075,0.145
0.1,0.0,20,56,0.0,-1.0,50.0,0.229501
0.1,0.0,20,57,0.0,-1.0,50.0,0.214502
0.1,0.0,20,58,0.0,-1.0,50.0,0.210998
0.1,0.0,20,59,0.0,-1.0,50.0,0.251
0.1,0.0,20,60,0.0,-1.0,50.0,0.201499
0.1,0.0,20,61,0.0,-1.0,50.0,0.201004
0.1,0.0,20,62,0.935,0.4893,23.22,0.098997
0.1,0.0,20,63,0.0,-1.0,50.0,0.208999
0.1,0.0,20,64,0.0,-1.0,50.0,0.196499
0.1,0.0,20,65,0.0,-1.0,50.0,0.2
0.1,0.0,20,66,0.98,0.6124,19.36,0.0835
0.1,0.0,20,67,0.0,-1.0,50.0,0.1955
0.1,0.0,20,68,0.0,-1.0,50.0,0.199501
0.1,0.0,20,69,0.0,-1.0,50.0,0.199499
0.1,0.0,20,70,0.0,-1.0,50.0,0.195002
0.1,0.0,20,71,0.0,-1.0,50.0,0.203499
0.1,0.0,20,72,0.0,-1.0,50.0,0.200499
0.1,0.0,20,73,0.0,-1.0,50.0,0.206501
0.1,0.0,20,74,0.0,-1.0,50.0,0.207999
0.1,0.0,20,75,0.0,-1.0,50.0,0.209
0.1,0.0,20,76,0.0,-1.0,50.0,0.196501
0.1,0.0,20,77,0.975,0.6325,18.1,0.08
0.1,0.0,20,78,0.0,-1.0,50.0,0.203
0.1,0.0,20,79,0.0,-1.0,50.0,0.207501
0.1,0.0,20,80,0.0,-1.0,50.0,0.195999
0.1,0.0,20,81,0.0,-1.0,50.0,0.199502
0.1,0.0,20,82,0.55,-0.0525,30.675,0.123001
0.1,0.0,20,83,0.0,-1.0,50.0,0.199998
0.1,0.0,20,84,0.0,-1.0,50.0,0.206999
0.1,0.0,20,85,0.0,-1.0,50.0,0.199501
0.1,0.0,20,86,0.33,-0.495,41.58,0.17
0.1,0.0,20,87,0.28,-0.4787,38.215,0.154999
0.1,0.0,20,88,0.0,-1.0,50.0,0.196
0.1,0.0,20,89,0.0,-1.0,50.0,0.208001
0.1,0.0,20,90,0.0,-1.0,50.0,0.203497
0.1,0.0,20,91,0.0,-1.0,50.0,0.2045
0.1,0.0,20,92,0.0,-1.0,50.0,0.228999
0.1,0.0,20,93,0.0,-1.0,50.0,0.2245
0.1,0.0,20,94,0.0,-1.0,50.0,0.207
0.1,0.0,20,95,0.0,-1.0,50.0,0.192499
0.1,0.0,20,96,0.0,-1.0,50.0,0.196503
0.1,0.0,20,97,0.0,-1.0,50.0,0.207998
0.1,0.0,20,98,0.0,-1.0,50.0,0.205
0.1,0.0,20,99,0.0,-1.0,50.0,0.2085
0.1,0.0,100,0,0.0,-1.0,50.0,0.231003
0.1,0.0,100,1,0.0,-1.0,50.0,0.225501
0.1,0.0,100,2,0.325,-0.4223,37.69,0.178
0.1,0.0,100,3,0.0,-1.0,50.0,0.212001
0.1,0.0,100,4,0.0,-1.0,50.0,0.224001
0.1,0.0,100,5,0.0,-1.0,50.0,0.219999
0.1,0.0,100,6,0.0,-1.0,50.0,0.220498
0.1,0.0,100,7,0.295,-0.4766,38.875,0.181499
0.1,0.0,100,8,0.835,0.2753,28.82,0.138998
0.1,0.0,100,9,0.0,-1.0,50.0,0.225
0.1,0.0,100,10,0.0,-1.0,50.0,0.217
0.1,0.0,100,11,0.0,-1.0,50.0,0.214501
0.1,0.0,100,12,0.0,-1.0,50.0,0.231501
0.1,0.0,100,13,0.0,-1.0,50.0,0.219501
0.1,0.0,100,14,0.35,-0.4046,38.08,0.177497
0.1,0.0,100,15,0.0,-1.0,50.0,0.224501
0.1,0.0,100,16,1.0,0.742,13.9,0.084501
0.1,0.0,100,17,0.0,-1.0,50.0,0.215499
0.1,0.0,100,18,0.51,-0.2584,38.93,0.1745
0.1,0.0,100,19,0.2,-0.6437,42.385,0.188502
0.1,0.0,100,20,0.0,-1.0,50.0,0.221999
0.1,0.0,100,21,0.735,0.2753,23.72,0.12
0.1,0.0,100,22,0.0,-1.0,50.0,0.222499
0.1,0.0,100,23,0.535,-0.1449,34.53,0.201503
0.1,0.0,100,24,0.195,-0.6645,43.17,0.218999
0.1,0.0,100,25,0.39,-0.406,40.19,0.2335
0.1,0.0,100,26,0.795,0.3641,22.34,0.133
0.1,0.0,100,27,0.295,-0.4852,39.305,0.192501
0.1,0.0,100,28,0.0,-1.0,50.0,0.247999
0.1,0.0,100,29,0.0,-1.0,50.0,0.2385
0.1,0.0,100,30,0.0,-1.0,50.0,0.222002
0.1,0.0,100,31,0.0,-1.0,50.0,0.2255
0.1,0.0,100,32,0.105,-0.827,46.705,0.209499
0.1,0.0,100,33,0.0,-1.0,50.0,0.230502
0.1,0.0,100,34,0.0,-1.0,50.0,0.229999
0.1,0.0,100,35,0.28,-0.5052,39.54,0.177
0.1,0.0,100,36,0.19,-0.7104,45.21,0.207001
0.1,0.0,100,37,0.365,-0.456,41.415,0.202616
0.1,0.0,100,38,0.0,-1.0,50.0,0.221883
0.1,0.0,100,39,0.0,-1.0,50.0,0.227
0.1,0.0,100,40,0.0,-1.0,50.0,0.216
0.1,0.0,100,41,0.0,-1.0,50.0,0.253499
0.1,0.0,100,42,0.28,-0.542,41.38,0.205502
0.1,0.0,100,43,0.295,-0.4984,39.965,0.203499
0.1,0.0,100,44,0.0,-1.0,50.0,0.25
0.1,0.0,100,45,0.0,-1.0,50.0,0.243
0.1,0.0,100,46,0.0,-1.0,50.0,0.274999
0.1,0.0,100,47,0.0,-1.0,50.0,0.237501
0.1,0.0,100,48,0.0,-1.0,50.0,0.221999
0.1,0.0,100,49,0.73,0.1206,31.2,0.158998
0.1,0.0,100,50,0.0,-1.0,50.0,0.225502
0.1,0.0,100,51,0.0,-1.0,50.0,0.2205
0.1,0.0,100,52,1.0,0.7931,11.345,0.077498
0.1,0.0,100,53,0.0,-1.0,50.0,0.218003
0.1,0.0,100,54,0.0,-1.0,50.0,0.2245
0.1,0.0,100,55,0.0,-1.0,50.0,0.217999
0.1,0.0,100,56,0.0,-1.0,50.0,0.222998
0.1,0.0,100,57,0.165,-0.7106,43.945,0.207499
0.1,0.0,100,58,0.0,-1.0,50.0,0.221501
0.1,0.0,100,59,0.0,-1.0,50.0,0.226503
0.1,0.0,100,60,0.0,-1.0,50.0,0.223998
0.1,0.0,100,61,0.6,-0.0944,35.32,0.180001
0.1,0.0,100,62,0.0,-1.0,50.0,0.219999
0.1,0.0,100,63,0.0,-1.0,50.0,0.2215
0.1,0.0,100,64,0.0,-1.0,50.0,0.234
0.1,0.0,100,65,0.385,-0.3873,39.0,0.183
0.1,0.0,100,66,0.0,-1.0,50.0,0.2275
0.1,0.0,100,67,0.0,-1.0,50.0,0.217502
0.1,0.0,100,68,0.0,-1.0,50.0,0.228498
0.1,0.0,100,69,0.9,0.3569,28.055,0.138498
0.1,0.0,100,70,0.695,0.0233,34.28,0.162503
0.1,0.0,100,71,0.0,-1.0,50.0,0.242497
0.1,0.0,100,72,0.0,-1.0,50.0,0.239121
0.1,0.0,100,73,0.945,0.4813,24.13,0.126379
0.1,0.0,100,74,0.0,-1.0,50.0,0.232501
0.1,0.0,100,75,0.0,-1.0,50.0,0.226
0.1,0.0,100,76,0.625,-0.0609,34.92,0.169499
0.1,0.0,100,77,0.49,-0.2222,36.1,0.173001
0.1,0.0,100,78,0.48,-0.1526,32.11,0.1545
0.1,0.0,100,79,0.82,0.1979,31.925,0.146
0.1,0.0,100,80,0.0,-1.0,50.0,0.2235
0.1,0.0,100,81,0.0,-1.0,50.0,0.223501
0.1,0.0,100,82,0.0,-1.0,50.0,0.226
0.1,0.0,100,83,0.395,-0.4404,42.165,0.188497
0.1,0.0,100,84,0.0,-1.0,50.0,0.218999
0.1,0.0,100,85,0.0,-1.0,50.0,0.224
0.1,0.0,100,86,0.0,-1.0,50.0,0.231002
0.1,0.0,100,87,0.0,-1.0,50.0,0.223
0.1,0.0,100,88,0.0,-1.0,50.0,0.224036
0.1,0.0,100,89,0.99,0.6909,15.945,0.083963
0.1,0.0,100,90,0.0,-1.0,50.0,0.224002
0.1,0.0,100,91,0.0,-1.0,50.0,0.227501
0.1,0.0,100,92,0.0,-1.0,50.0,0.228
0.1,0.0,100,93,0.905,0.4426,24.025,0.120498
0.1,0.0,100,94,0.0,-1.0,50.0,0.254501
0.1,0.0,100,95,0.0,-1.0,50.0,0.256499
0.1,0.0,100,96,0.0,-1.0,50.0,0.233501
0.1,0.0,100,97,0.0,-1.0,50.0,0.228501
0.1,0.0,100,98,0.0,-1.0,50.0,0.230499
0.1,0.0,100,99,0.475,-0.1849,33.47,0.158999
0.1,0.0,500,0,0.855,0.3394,26.635,0.253501
0.1,0.0,500,1,0.36,-0.4507,40.895,0.299037
0.1,0.0,500,2,0.435,-0.3496,39.665,0.308963
0.1,0.0,500,3,0.765,0.1577,31.13,0.295499
0.1,0.0,500,4,0.75,0.135,31.5,0.315001
0.1,0.0,500,5,0.435,-0.3242,38.395,0.3045
0.1,0.0,500,6,0.695,0.0606,32.415,0.274999
0.1,0.0,500,7,0.725,0.0839,32.78,0.2775
0.1,0.0,500,8,0.765,0.1639,30.82,0.275002
0.1,0.0,500,9,0.73,0.1067,31.895,0.270502
0.1,0.0,500,10,0.735,0.118,31.585,0.270498
0.1,0.0,500,11,0.35,-0.4569,40.695,0.297502
0.1,0.0,500,12,0.495,-0.235,36.995,0.299999
0.1,0.0,500,13,0.71,0.095,31.46,0.270501
0.1,0.0,500,14,0.315,-0.5116,41.645,0.307998
0.1,0.0,500,15,0.84,0.2997,27.855,0.272001
0.1,0.0,500,16,0.345,-0.4517,40.18,0.319501
0.1,0.0,500,17,0.43,-0.3585,39.855,0.320499
0.1,0.0,500,18,0.4,-0.3969,40.245,0.301498
0.1,0.0,500,19,0.765,0.1457,31.73,0.270001
0.1,0.0,500,20,0.815,0.2515,28.99,0.257001
0.1,0.0,500,21,0.715,0.0868,32.125,0.289499
0.1,0.0,500,22,0.365,-0.457,41.465,0.305
0.1,0.0,500,23,0.86,0.3185,27.935,0.268
0.1,0.0,500,24,0.94,0.5073,22.575,0.231499
0.1,0.0,500,25,0.74,0.1381,30.835,0.2765
0.1,0.0,500,26,0.825,0.2471,29.72,0.267
0.1,0.0,500,27,0.75,0.1355,31.475,0.279499
0.1,0.0,500,28,0.745,0.1697,29.51,0.265002
0.1,0.0,500,29,0.0,-1.0,50.0,0.336
0.1,0.0,500,30,0.755,0.1528,30.865,0.271001
0.1,0.0,500,31,0.77,0.1574,31.4,0.276
0.1,0.0,500,32,0.755,0.1526,30.875,0.270999
0.1,0.0,500,33,0.765,0.1711,30.46,0.271001
0.1,0.0,500,34,0.795,0.1924,30.925,0.2795
0.1,0.0,500,35,0.0,-1.0,50.0,0.357499
0.1,0.0,500,36,0.73,0.1119,31.635,0.291501
0.1,0.0,500,37,0.79,0.1847,31.055,0.284503
0.1,0.0,500,38,0.37,-0.4556,41.65,0.322497
0.1,0.0,500,39,0.835,0.3237,26.4,0.273002
0.1,0.0,500,40,0.34,-0.4936,42.02,0.339998
0.1,0.0,500,41,0.71,0.0704,32.69,0.319
0.1,0.0,500,42,0.39,-0.4267,41.225,0.312999
0.1,0.0,500,43,0.715,0.0973,31.6,0.271499
0.1,0.0,500,44,0.795,0.2055,30.27,0.272001
0.1,0.0,500,45,0.755,0.1801,29.5,0.27
0.1,0.0,500,46,0.775,0.1686,31.095,0.263999
0.1,0.0,500,47,0.78,0.2082,29.37,0.265001
0.1,0.0,500,48,0.725,0.1249,30.73,0.309
0.1,0.0,500,49,0.755,0.1508,30.965,0.299001
0.1,0.0,500,50,0.675,0.0309,32.88,0.329499
0.1,0.0,500,51,0.82,0.267,28.47,0.277502
0.1,0.0,500,52,0.825,0.2989,27.13,0.273499
0.1,0.0,500,53,0.385,-0.4058,39.925,0.3155
0.1,0.0,500,54,0.43,-0.3452,39.19,0.301999
0.1,0.0,500,55,0.745,0.1354,31.225,0.279001
0.1,0.0,500,56,0.0,-1.0,50.0,0.354499
0.1,0.0,500,57,0.325,-0.516,42.375,0.329001
0.1,0.0,500,58,0.83,0.2695,28.855,0.275498
0.1,0.0,500,59,0.805,0.2225,29.93,0.271999
0.1,0.0,500,60,0.355,-0.4664,41.425,0.308499
0.1,0.0,500,61,0.75,0.1428,31.11,0.274001
0.1,0.0,500,62,0.775,0.1881,30.12,0.270003
0.1,0.0,500,63,0.71,0.0555,33.435,0.287497
0.1,0.0,500,64,0.41,-0.3919,40.505,0.314501
0.1,0.0,500,65,0.73,0.0877,32.845,0.276999
0.1,0.0,500,66,0.79,0.2075,29.915,0.266001
0.1,0.0,500,67,0.385,-0.4062,39.945,0.3185
0.1,0.0,500,68,0.725,0.1186,31.045,0.269999
0.1,0.0,500,69,0.84,0.3212,26.78,0.254001
0.1,0.0,500,70,0.54,-0.1641,35.745,0.281998
0.1,0.0,500,71,0.36,-0.446,40.66,0.302504
0.1,0.0,500,72,0.365,-0.4577,41.5,0.307003
0.1,0.0,500,73,0.715,0.0768,32.625,0.265498
0.1,0.0,500,74,0.38,-0.412,39.98,0.308498
0.1,0.0,500,75,0.78,0.1899,30.285,0.273
0.1,0.0,500,76,0.75,0.1275,31.875,0.282
0.1,0.0,500,77,0.73,0.1011,32.175,0.288003
0.1,0.0,500,78,0.34,-0.4949,42.085,0.311998
0.1,0.0,500,79,0.395,-0.396,39.945,0.315
0.1,0.0,500,80,0.805,0.2317,29.47,0.272
0.1,0.0,500,81,0.81,0.2421,29.205,0.267501
0.1,0.0,500,82,0.46,-0.3065,38.785,0.3045
0.1,0.0,500,83,0.73,0.1215,31.155,0.301113
0.1,0.0,500,84,0.7,0.0747,31.965,0.293387
0.1,0.0,500,85,0.435,-0.3509,39.73,0.3155
0.1,0.0,500,86,0.735,0.1066,32.155,0.283498
0.1,0.0,500,87,0.685,0.0298,33.445,0.285501
0.1,0.0,500,88,0.395,-0.4214,41.215,0.310504
0.1,0.0,500,89,0.76,0.1213,32.695,0.295995
0.1,0.0,500,90,0.72,0.1105,31.195,0.278499
0.1,0.0,500,91,0.805,0.2056,30.775,0.277003
0.1,0.0,500,92,0.72,0.1123,31.105,0.273496
0.1,0.0,500,93,0.865,0.3615,26.04,0.254501
0.1,0.0,500,94,0.695,0.0431,33.29,0.2765
0.1,0.0,500,95,0.83,0.2691,28.875,0.259002
0.1,0.0,500,96,0.715,0.0702,32.955,0.276997
0.1,0.0,500,97,0.41,-0.4026,41.04,0.3255
0.1,0.0,500,98,0.755,0.1503,30.99,0.265501
0.1,0.0,500,99,0.785,0.2195,29.06,0.262499
0.1,0.0,2000,0,0.755,0.1466,31.175,0.713002
0.1,0.0,2000,1,0.715,0.0774,32.595,0.784999
0.1,0.0,2000,2,0.76,0.1912,29.2,0.790501
0.1,0.0,2000,3,0.765,0.1577,31.13,0.726
0.1,0.0,2000,4,0.75,0.135,31.5,0.711498
0.1,0.0,2000,5,0.695,0.054,32.745,0.728
0.1,0.0,2000,6,0.695,0.0606,32.415,0.7095
0.1,0.0,2000,7,0.725,0.0839,32.78,0.77
0.1,0.0,2000,8,0.765,0.1639,30.82,0.7065
0.1,0.0,2000,9,0.73,0.1067,31.895,0.734001
0.1,0.0,2000,10,0.735,0.118,31.585,0.707502
0.1,0.0,2000,11,0.75,0.1552,30.49,0.699497
0.1,0.0,2000,12,0.77,0.1703,30.755,0.708
0.1,0.0,2000,13,0.71,0.095,31.46,0.687999
0.1,0.0,2000,14,0.7,0.0334,34.03,0.732001
0.1,0.0,2000,15,0.76,0.1566,30.93,0.715499
0.1,0.0,2000,16,0.75,0.1484,30.83,0.707503
0.1,0.0,2000,17,0.71,0.0818,32.12,0.747497
0.1,0.0,2000,18,0.805,0.2131,30.4,0.712502
0.1,0.0,2000,19,0.765,0.1457,31.73,0.721
0.1,0.0,2000,20,0.73,0.1154,31.46,0.731
0.1,0.0,2000,21,0.715,0.0868,32.125,0.799499
0.1,0.0,2000,22,0.72,0.078,32.82,0.744499
0.1,0.0,2000,23,0.745,0.1372,31.135,0.700999
0.1,0.0,2000,24,0.76,0.1602,30.75,0.687002
0.1,0.0,2000,25,0.74,0.1381,30.835,0.719999
0.1,0.0,2000,26,0.825,0.2471,29.72,0.730999
0.1,0.0,2000,27,0.75,0.1355,31.475,0.699999
0.1,0.0,2000,28,0.745,0.1697,29.51,0.715
0.1,0.0,2000,29,0.78,0.2046,29.55,0.694003
0.1,0.0,2000,30,0.77,0.168,30.87,0.713998
0.1,0.0,2000,31,0.77,0.1574,31.4,0.691999
0.1,0.0,2000,32,0.755,0.1526,30.875,0.715501
0.1,0.0,2000,33,0.765,0.1711,30.46,0.759001
0.1,0.0,2000,34,0.795,0.1924,30.925,0.7775
0.1,0.0,2000,35,0.73,0.1125,31.605,0.7665
0.1,0.0,2000,36,0.73,0.1119,31.635,0.7795
0.1,0.0,2000,37,0.74,0.145,30.49,0.7595
0.1,0.0,2000,38,0.725,0.0965,32.15,0.8135
0.1,0.0,2000,39,0.725,0.0866,32.645,0.788503
0.1,0.0,2000,40,0.765,0.1688,30.575,0.765996
0.1,0.0,2000,41,0.71,0.0704,32.69,0.757999
0.1,0.0,2000,42,0.675,-0.0098,34.915,0.863001
0.1,0.0,2000,43,0.715,0.0973,31.6,0.892501
0.1,0.0,2000,44,0.795,0.2055,30.27,0.787
0.1,0.0,2000,45,0.755,0.1801,29.5,0.8225
0.1,0.0,2000,46,0.78,0.1752,31.02,0.770502
0.1,0.0,2000,47,0.69,0.047,32.84,0.791001
0.1,0.0,2000,48,0.725,0.1249,30.73,0.794
0.1,0.0,2000,49,0.755,0.1508,30.965,0.845499
0.1,0.0,2000,50,0.675,0.0309,32.88,0.799
0.1,0.0,2000,51,0.77,0.1503,31.755,0.792001
0.1,0.0,2000,52,0.775,0.1868,30.185,0.7555
0.1,0.0,2000,53,0.74,0.1071,32.385,0.802
0.1,0.0,2000,54,0.765,0.1468,31.675,0.807502
0.1,0.0,2000,55,0.745,0.1354,31.225,0.770499
0.1,0.0,2000,56,0.745,0.1306,31.465,0.769
0.1,0.0,2000,57,0.705,0.0796,31.975,0.781999
0.1,0.0,2000,58,0.79,0.1951,30.535,0.811002
0.1,0.0,2000,59,0.75,0.1069,32.905,0.831998
0.1,0.0,2000,60,0.795,0.2097,30.06,0.8785
0.1,0.0,2000,61,0.75,0.1428,31.11,0.812
0.1,0.0,2000,62,0.77,0.1902,29.76,0.755501
0.1,0.0,2000,63,0.71,0.0555,33.435,0.7935
0.1,0.0,2000,64,0.76,0.1375,31.885,0.784501
0.1,0.0,2000,65,0.73,0.0877,32.845,0.766
0.1,0.0,2000,66,0.79,0.2075,29.915,0.710999
0.1,0.0,2000,67,0.755,0.136,31.705,0.741498
0.1,0.0,2000,68,0.725,0.1186,31.045,0.685502
0.1,0.0,2000,69,0.675,0.015,33.675,0.727501
0.1,0.0,2000,70,0.78,0.1726,31.15,0.712001
0.1,0.0,2000,71,0.735,0.1281,31.08,0.704999
0.1,0.0,2000,72,0.735,0.1074,32.115,0.699
0.1,0.0,2000,73,0.715,0.0768,32.625,0.706
0.1,0.0,2000,74,0.75,0.1184,32.33,0.735001
0.1,0.0,2000,75,0.78,0.1899,30.285,0.718003
0.1,0.0,2000,76,0.75,0.1275,31.875,0.696997
0.1,0.0,2000,77,0.73,0.1011,32.175,0.703
0.1,0.0,2000,78,0.71,0.0788,32.27,0.723
0.1,0.0,2000,79,0.695,0.042,33.345,0.7065
0.1,0.0,2000,80,0.705,0.0671,32.6,0.724003
0.1,0.0,2000,81,0.72,0.067,33.37,0.803997
0.1,0.0,2000,82,0.775,0.1674,31.155,0.7005
0.1,0.0,2000,83,0.73,0.1215,31.155,0.701501
0.1,0.0,2000,84,0.7,0.0688,32.26,0.720499
0.1,0.0,2000,85,0.725,0.0838,32.785,0.745999
0.1,0.0,2000,86,0.7,0.0555,32.925,0.6975
0.1,0.0,2000,87,0.685,0.0298,33.445,0.711
0.1,0.0,2000,88,0.76,0.1769,29.915,0.734999
0.1,0.0,2000,89,0.76,0.1213,32.695,0.740503
0.1,0.0,2000,90,0.72,0.1105,31.195,0.705998
0.1,0.0,2000,91,0.75,0.1539,30.555,0.7105
0.1,0.0,2000,92,0.72,0.1123,31.105,0.685501
0.1,0.0,2000,93,0.715,0.0727,32.83,0.699001
0.1,0.0,2000,94,0.695,0.0431,33.29,0.737499
0.1,0.0,2000,95,0.715,0.0948,31.725,0.707
0.1,0.0,2000,96,0.715,0.0702,32.955,0.714002
0.1,0.0,2000,97,0.67,-0.0067,34.505,0.721998
0.1,0.0,2000,98,0.755,0.1503,30.99,0.690001
0.1,0.0,2000,99,0.795,0.2105,30.02,0.695501
0.1,0.5,20,0,0.0,-1.0,50.0,0.201498
0.1,0.5,20,1,0.0,-1.0,50.0,0.194
0.1,0.5,20,2,0.0,-1.0,50.0,0.198001
0.1,0.5,20,3,0.0,-1.0,50.0,0.2415
0.1,0.5,20,4,0.0,-1.0,50.0,0.219999
0.1,0.5,20,5,0.0,-1.0,50.0,0.249653
0.1,0.5,20,6,0.0,-1.0,50.0,0.209499
0.1,0.5,20,7,0.0,-1.0,50.0,0.2325
0.1,0.5,20,8,0.0,-1.0,50.0,0.2255
0.1,0.5,20,9,0.0,-1.0,50.0,0.198
0.1,0.5,20,10,0.0,-1.0,50.0,0.199
0.1,0.5,20,11,0.0,-1.0,50.0,0.201
0.1,0.5,20,12,0.0,-1.0,50.0,0.201499
0.1,0.5,20,13,0.0,-1.0,50.0,0.206
0.1,0.5,20,14,0.0,-1.0,50.0,0.198499
0.1,0.5,20,15,0.0,-1.0,50.0,0.199001
0.1,0.5,20,16,0.0,-1.0,50.0,0.205499
0.1,0.5,20,17,0.0,-1.0,50.0,0.192501
0.1,0.5,20,18,0.0,-1.0,50.0,0.2105
0.1,0.5,20,19,0.0,-1.0,50.0,0.191
0.1,0.5,20,20,0.0,-1.0,50.0,0.196
0.1,0.5,20,21,0.0,-1.0,50.0,0.2015
0.1,0.5,20,22,0.0,-1.0,50.0,0.192
0.1,0.5,20,23,0.0,-1.0,50.0,0.1975
0.1,0.5,20,24,0.0,-1.0,50.0,0.194999
0.1,0.5,20,25,0.0,-1.0,50.0,0.198001
0.1,0.5,20,26,0.0,-1.0,50.0,0.204499
0.1,0.5,20,27,0.0,-1.0,50.0,0.1965
0.1,0.5,20,28,0.0,-1.0,50.0,0.211501
0.1,0.5,20,29,0.0,-1.0,50.0,0.195998
0.1,0.5,20,30,0.0,-1.0,50.0,0.197501
0.1,0.5,20,31,0.0,-1.0,50.0,0.196999
0.1,0.5,20,32,0.0,-1.0,50.0,0.206502
0.1,0.5,20,33,0.0,-1.0,50.0,0.206
0.1,0.5,20,34,0.0,-1.0,50.0,0.202998
0.1,0.5,20,35,0.0,-1.0,50.0,0.1975
0.1,0.5,20,36,0.0,-1.0,50.0,0.2045
0.1,0.5,20,37,0.0,-1.0,50.0,0.193
0.1,0.5,20,38,0.0,-1.0,50.0,0.199003
0.1,0.5,20,39,0.0,-1.0,50.0,0.198997
0.1,0.5,20,40,1.0,0.9,6.0,0.027091
0.1,0.5,20,41,0.0,-1.0,50.0,0.20341
0.1,0.5,20,42,0.0,-1.0,50.0,0.1945
0.1,0.5,20,43,0.0,-1.0,50.0,0.194001
0.1,0.5,20,44,1.0,0.9,6.0,0.029
0.1,0.5,20,45,0.0,-1.0,50.0,0.200001
0.1,0.5,20,46,0.0,-1.0,50.0,0.196498
0.1,0.5,20,47,0.0,-1.0,50.0,0.198499
0.1,0.5,20,48,0.0,-1.0,50.0,0.194499
0.1,0.5,20,49,0.0,-1.0,50.0,0.199
0.1,0.5,20,50,0.0,-1.0,50.0,0.204001
0.1,0.5,20,51,0.0,-1.0,50.0,0.201999
0.1,0.5,20,52,0.0,-1.0,50.0,0.201
0.1,0.5,20,53,0.0,-1.0,50.0,0.193002
0.1,0.5,20,54,0.0,-1.0,50.0,0.194999
0.1,0.5,20,55,0.0,-1.0,50.0,0.202502
0.1,0.5,20,56,0.0,-1.0,50.0,0.196498
0.1,0.5,20,57,0.0,-1.0,50.0,0.192002
0.1,0.5,20,58,0.0,-1.0,50.0,0.213
0.1,0.5,20,59,0.0,-1.0,50.0,0.200998
0.1,0.5,20,60,0.0,-1.0,50.0,0.198
0.1,0.5,20,61,0.0,-1.0,50.0,0.199003
0.1,0.5,20,62,0.0,-1.0,50.0,0.195498
0.1,0.5,20,63,0.0,-1.0,50.0,0.198499
0.1,0.5,20,64,0.0,-1.0,50.0,0.195499
0.1,0.5,20,65,1.0,0.9,6.0,0.027002
0.1,0.5,20,66,0.0,-1.0,50.0,0.198999
0.1,0.5,20,67,0.0,-1.0,50.0,0.196499
0.1,0.5,20,68,0.0,-1.0,50.0,0.198001
0.1,0.5,20,69,0.0,-1.0,50.0,0.1975
0.1,0.5,20,70,0.0,-1.0,50.0,0.1965
0.1,0.5,20,71,0.0,-1.0,50.0,0.201
0.1,0.5,20,72,0.0,-1.0,50.0,0.2025
0.1,0.5,20,73,0.0,-1.0,50.0,0.192501
0.1,0.5,20,74,0.0,-1.0,50.0,0.247
0.1,0.5,20,75,0.0,-1.0,50.0,0.206
0.1,0.5,20,76,0.0,-1.0,50.0,0.194501
0.1,0.5,20,77,0.0,-1.0,50.0,0.197999
0.1,0.5,20,78,0.0,-1.0,50.0,0.199499
0.1,0.5,20,79,0.0,-1.0,50.0,0.189501
0.1,0.5,20,80,0.0,-1.0,50.0,0.199998
0.1,0.5,20,81,0.0,-1.0,50.0,0.221
0.1,0.5,20,82,0.0,-1.0,50.0,0.198999
0.1,0.5,20,83,0.0,-1.0,50.0,0.199502
0.1,0.5,20,84,0.0,-1.0,50.0,0.2135
0.1,0.5,20,85,0.0,-1.0,50.0,0.2135
0.1,0.5,20,86,0.0,-1.0,50.0,0.210497
0.1,0.5,20,87,0.0,-1.0,50.0,0.214501
0.1,0.5,20,88,0.0,-1.0,50.0,0.193503
0.1,0.5,20,89,0.0,-1.0,50.0,0.201584
0.1,0.5,20,90,0.0,-1.0,50.0,0.203412
0.1,0.5,20,91,0.0,-1.0,50.0,0.203001
0.1,0.5,20,92,0.0,-1.0,50.0,0.197498
0.1,0.5,20,93,0.0,-1.0,50.0,0.207501
0.1,0.5,20,94,0.0,-1.0,50.0,0.216998
0.1,0.5,20,95,0.0,-1.0,50.0,0.222501
0.1,0.5,20,96,0.0,-1.0,50.0,0.1935
0.1,0.5,20,97,0.0,-1.0,50.0,0.200999
0.1,0.5,20,98,0.0,-1.0,50.0,0.203
0.1,0.5,20,99,1.0,0.9,6.0,0.029501
0.1,0.5,100,0,1.0,0.9,6.0,0.039
0.1,0.5,100,1,1.0,0.9,6.0,0.038995
0.1,0.5,100,2,1.0,0.9,6.0,0.0415
0.1,0.5,100,3,1.0,0.9,6.0,0.0475
0.1,0.5,100,4,1.0,0.9,6.0,0.0405
0.1,0.5,100,5,1.0,0.9,6.0,0.039
0.1,0.5,100,6,1.0,0.9,6.0,0.0415
0.1,0.5,100,7,1.0,0.9,6.0,0.040502
0.1,0.5,100,8,1.0,0.9,6.0,0.039998
0.1,0.5,100,9,1.0,0.9,6.0,0.0365
0.1,0.5,100,10,1.0,0.9,6.0,0.036501
0.1,0.5,100,11,1.0,0.9,6.0,0.041501
0.1,0.5,100,12,1.0,0.9,6.0,0.042499
0.1,0.5,100,13,1.0,0.9,6.0,0.043501
0.1,0.5,100,14,1.0,0.9,6.0,0.039499
0.1,0.5,100,15,1.0,0.9,6.0,0.0445
0.1,0.5,100,16,1.0,0.9,6.0,0.0415
0.1,0.5,100,17,1.0,0.9,6.0,0.04
0.1,0.5,100,18,1.0,0.9,6.0,0.04
0.1,0.5,100,19,1.0,0.9,6.0,0.037501
0.1,0.5,100,20,1.0,0.9,6.0,0.034999
0.1,0.5,100,21,1.0,0.9,6.0,0.033501
0.1,0.5,100,22,1.0,0.9,6.0,0.0355
0.1,0.5,100,23,1.0,0.9,6.0,0.033499
0.1,0.5,100,24,1.0,0.9,6.0,0.035502
0.1,0.5,100,25,1.0,0.9,6.0,0.0365
0.1,0.5,100,26,1.0,0.9,6.0,0.036
0.1,0.5,100,27,1.0,0.9,6.0,0.0365
0.1,0.5,100,28,1.0,0.9,6.0,0.0405
0.1,0.5,100,29,1.0,0.9,6.0,0.042
0.1,0.5,100,30,1.0,0.9,6.0,0.037
0.1,0.5,100,31,1.0,0.9,6.0,0.038998
0.1,0.5,100,32,1.0,0.9,6.0,0.04
0.1,0.5,100,33,1.0,0.9,6.0,0.042002
0.1,0.5,100,34,1.0,0.9,6.0,0.036999
0.1,0.5,100,35,1.0,0.9,6.0,0.034001
0.1,0.5,100,36,1.0,0.9,6.0,0.0335
0.1,0.5,100,37,1.0,0.9,6.0,0.033499
0.1,0.5,100,38,1.0,0.9,6.0,0.033
0.1,0.5,100,39,1.0,0.9,6.0,0.0365
0.1,0.5,100,40,1.0,0.9,6.0,0.034
0.1,0.5,100,41,1.0,0.9,6.0,0.035999
0.1,0.5,100,42,1.0,0.9,6.0,0.036
0.1,0.5,100,43,1.0,0.9,6.0,0.0385
0.1,0.5,100,44,1.0,0.9,6.0,0.036
0.1,0.5,100,45,1.0,0.9,6.0,0.035499
0.1,0.5,100,46,1.0,0.9,6.0,0.034999
0.1,0.5,100,47,1.0,0.9,6.0,0.036
0.1,0.5,100,48,1.0,0.9,6.0,0.036503
0.1,0.5,100,49,1.0,0.9,6.0,0.034499
0.1,0.5,100,50,1.0,0.9,6.0,0.035498
0.1,0.5,100,51,1.0,0.9,6.0,0.0325
0.1,0.5,100,52,1.0,0.9,6.0,0.035999
0.1,0.5,100,53,1.0,0.9,6.0,0.036
0.1,0.5,100,54,1.0,0.9,6.0,0.037002
0.1,0.5,100,55,1.0,0.9,6.0,0.037
0.1,0.5,100,56,1.0,0.9,6.0,0.039499
0.1,0.5,100,57,1.0,0.9,6.0,0.036001
0.1,0.5,100,58,1.0,0.9,6.0,0.0395
0.1,0.5,100,59,1.0,0.9,6.0,0.040502
0.1,0.5,100,60,1.0,0.9,6.0,0.035997
0.1,0.5,100,61,1.0,0.9,6.0,0.0395
0.1,0.5,100,62,1.0,0.9,6.0,0.040497
0.1,0.5,100,63,1.0,0.9,6.0,0.0405
0.1,0.5,100,64,1.0,0.9,6.0,0.034503
0.1,0.5,100,65,1.0,0.9,6.0,0.036999
0.1,0.5,100,66,1.0,0.9,6.0,0.036499
0.1,0.5,100,67,1.0,0.9,6.0,0.036
0.1,0.5,100,68,1.0,0.9,6.0,0.031999
0.1,0.5,100,69,1.0,0.9,6.0,0.033501
0.1,0.5,100,70,1.0,0.9,6.0,0.038
0.1,0.5,100,71,1.0,0.9,6.0,0.034501
0.1,0.5,100,72,1.0,0.9,6.0,0.0365
0.1,0.5,100,73,1.0,0.9,6.0,0.038002
0.1,0.5,100,74,1.0,0.9,6.0,0.035998
0.1,0.5,100,75,1.0,0.9,6.0,0.034
0.1,0.5,100,76,1.0,0.9,6.0,0.0375
0.1,0.5,100,77,1.0,0.9,6.0,0.0375
0.1,0.5,100,78,1.0,0.9,6.0,0.038501
0.1,0.5,100,79,1.0,0.9,6.0,0.0385
0.1,0.5,100,80,1.0,0.9,6.0,0.037502
0.1,0.5,100,81,1.0,0.9,6.0,0.034998
0.1,0.5,100,82,1.0,0.9,6.0,0.036
0.1,0.5,100,83,1.0,0.9,6.0,0.0335
0.1,0.5,100,84,1.0,0.9,6.0,0.034652
0.1,0.5,100,85,1.0,0.9,6.0,0.031348
0.1,0.5,100,86,1.0,0.9,6.0,0.038002
0.1,0.5,100,87,1.0,0.9,6.0,0.037998
0.1,0.5,100,88,1.0,0.9,6.0,0.039002
0.1,0.5,100,89,1.0,0.9,6.0,0.037498
0.1,0.5,100,90,1.0,0.9,6.0,0.035002
0.1,0.5,100,91,1.0,0.9,6.0,0.035497
0.1,0.5,100,92,1.0,0.9,6.0,0.0345
0.1,0.5,100,93,1.0,0.9,6.0,0.035003
0.1,0.5,100,94,1.0,0.9,6.0,0.037497
0.1,0.5,100,95,1.0,0.9,6.0,0.037003
0.1,0.5,100,96,1.0,0.9,6.0,0.032998
0.1,0.5,100,97,1.0,0.9,6.0,0.0365
0.1,0.5,100,98,1.0,0.9,6.0,0.035001
0.1,0.5,100,99,1.0,0.9,6.0,0.035498
0.1,0.5,500,0,1.0,0.9,6.0,0.071003
0.1,0.5,500,1,1.0,0.9,6.0,0.075998
0.1,0.5,500,2,1.0,0.9,6.0,0.072
0.1,0.5,500,3,1.0,0.9,6.0,0.076001
0.1,0.5,500,4,1.0,0.9,6.0,0.079002
0.1,0.5,500,5,1.0,0.9,6.0,0.073499
0.1,0.5,500,6,1.0,0.9,6.0,0.072001
0.1,0.5,500,7,1.0,0.9,6.0,0.080999
0.1,0.5,500,8,1.0,0.9,6.0,0.076
0.1,0.5,500,9,1.0,0.9,6.0,0.0745
0.1,0.5,500,10,1.0,0.9,6.0,0.0755
0.1,0.5,500,11,1.0,0.9,6.0,0.071
0.1,0.5,500,12,1.0,0.9,6.0,0.080002
0.1,0.5,500,13,1.0,0.9,6.0,0.075499
0.1,0.5,500,14,1.0,0.9,6.0,0.070499
0.1,0.5,500,15,1.0,0.9,6.0,0.0735
0.1,0.5,500,16,1.0,0.9,6.0,0.070001
0.1,0.5,500,17,1.0,0.9,6.0,0.079999
0.1,0.5,500,18,1.0,0.9,6.0,0.072501
0.1,0.5,500,19,1.0,0.9,6.0,0.072501
0.1,0.5,500,20,1.0,0.9,6.0,0.075499
0.1,0.5,500,21,1.0,0.9,6.0,0.082004
0.1,0.5,500,22,1.0,0.9,6.0,0.071498
0.1,0.5,500,23,1.0,0.9,6.0,0.075
0.1,0.5,500,24,1.0,0.9,6.0,0.0745
0.1,0.5,500,25,1.0,0.9,6.0,0.070001
0.1,0.5,500,26,1.0,0.9,6.0,0.072998
0.1,0.5,500,27,1.0,0.9,6.0,0.073
0.1,0.5,500,28,1.0,0.9,6.0,0.076499
0.1,0.5,500,29,1.0,0.9,6.0,0.0715
0.1,0.5,500,30,1.0,0.9,6.0,0.0745
0.1,0.5,500,31,1.0,0.9,6.0,0.072001
0.1,0.5,500,32,1.0,0.9,6.0,0.066499
0.1,0.5,500,33,1.0,0.9,6.0,0.070002
0.1,0.5,500,34,1.0,0.9,6.0,0.073053
0.1,0.5,500,35,1.0,0.9,6.0,0.078447
0.1,0.5,500,36,1.0,0.9,6.0,0.0745
0.1,0.5,500,37,1.0,0.9,6.0,0.069
0.1,0.5,500,38,1.0,0.9,6.0,0.070998
0.1,0.5,500,39,1.0,0.9,6.0,0.073502
0.1,0.5,500,40,1.0,0.9,6.0,0.073999
0.1,0.5,500,41,1.0,0.9,6.0,0.074499
0.1,0.5,500,42,1.0,0.9,6.0,0.07
0.1,0.5,500,43,1.0,0.9,6.0,0.074502
0.1,0.5,500,44,1.0,0.9,6.0,0.074998
0.1,0.5,500,45,1.0,0.9,6.0,0.072999
0.1,0.5,500,46,1.0,0.9,6.0,0.074501
0.1,0.5,500,47,1.0,0.9,6.0,0.081
0.1,0.5,500,48,1.0,0.9,6.0,0.082999
0.1,0.5,500,49,1.0,0.9,6.0,0.078
0.1,0.5,500,50,1.0,0.9,6.0,0.073001
0.1,0.5,500,51,1.0,0.9,6.0,0.0735
0.1,0.5,500,52,1.0,0.9,6.0,0.072501
0.1,0.5,500,53,1.0,0.9,6.0,0.074999
0.1,0.5,500,54,1.0,0.9,6.0,0.0735
0.1,0.5,500,55,1.0,0.9,6.0,0.073
0.1,0.5,500,56,1.0,0.9,6.0,0.072001
0.1,0.5,500,57,1.0,0.9,6.0,0.073999
0.1,0.5,500,58,1.0,0.9,6.0,0.0755
0.1,0.5,500,59,1.0,0.9,6.0,0.069999
0.1,0.5,500,60,1.0,0.9,6.0,0.070001
0.1,0.5,500,61,1.0,0.9,6.0,0.076001
0.1,0.5,500,62,1.0,0.9,6.0,0.083499
0.1,0.5,500,63,1.0,0.9,6.0,0.072499
0.1,0.5,500,64,1.0,0.9,6.0,0.0735
0.1,0.5,500,65,1.0,0.9,6.0,0.0755
0.1,0.5,500,66,1.0,0.9,6.0,0.074
0.1,0.5,500,67,1.0,0.9,6.0,0.0725
0.1,0.5,500,68,1.0,0.9,6.0,0.071501
0.1,0.5,500,69,1.0,0.9,6.0,0.072
0.1,0.5,500,70,1.0,0.9,6.0,0.072999
0.1,0.5,500,71,1.0,0.9,6.0,0.068501
0.1,0.5,500,72,1.0,0.9,6.0,0.074001
0.1,0.5,500,73,1.0,0.9,6.0,0.072499
0.1,0.5,500,74,1.0,0.9,6.0,0.066002
0.1,0.5,500,75,1.0,0.9,6.0,0.075
0.1,0.5,500,76,1.0,0.9,6.0,0.072
0.1,0.5,500,77,1.0,0.9,6.0,0.0715
0.1,0.5,500,78,1.0,0.9,6.0,0.073501
0.1,0.5,500,79,1.0,0.9,6.0,0.074498
0.1,0.5,500,80,1.0,0.9,6.0,0.079501
0.1,0.5,500,81,1.0,0.9,6.0,0.074501
0.1,0.5,500,82,1.0,0.9,6.0,0.071501
0.1,0.5,500,83,1.0,0.9,6.0,0.075498
0.1,0.5,500,84,1.0,0.9,6.0,0.074
0.1,0.5,500,85,1.0,0.9,6.0,0.0655
0.1,0.5,500,86,1.0,0.9,6.0,0.075498
0.1,0.5,500,87,1.0,0.9,6.0,0.0775
0.1,0.5,500,88,1.0,0.9,6.0,0.079001
0.1,0.5,500,89,1.0,0.9,6.0,0.0705
0.1,0.5,500,90,1.0,0.9,6.0,0.072502
0.1,0.5,500,91,1.0,0.9,6.0,0.075999
0.1,0.5,500,92,1.0,0.9,6.0,0.076001
0.1,0.5,500,93,1.0,0.9,6.0,0.075497
0.1,0.5,500,94,1.0,0.9,6.0,0.073503
0.1,0.5,500,95,1.0,0.9,6.0,0.072497
0.1,0.5,500,96,1.0,0.9,6.0,0.072002
0.1,0.5,500,97,1.0,0.9,6.0,0.068997
0.1,0.5,500,98,1.0,0.9,6.0,0.078
0.1,0.5,500,99,1.0,0.9,6.0,0.083502
0.1,0.5,2000,0,1.0,0.9,6.0,0.255999
0.1,0.5,2000,1,1.0,0.9,6.0,0.25
0.1,0.5,2000,2,1.0,0.9,6.0,0.2405
0.1,0.5,2000,3,1.0,0.9,6.0,0.2295
0.1,0.5,2000,4,1.0,0.9,6.0,0.251001
0.1,0.5,2000,5,1.0,0.9,6.0,0.217502
0.1,0.5,2000,6,1.0,0.9,6.0,0.222497
0.1,0.5,2000,7,1.0,0.9,6.0,0.2345
0.1,0.5,2000,8,1.0,0.9,6.0,0.222499
0.1,0.5,2000,9,1.0,0.9,6.0,0.239501
0.1,0.5,2000,10,1.0,0.9,6.0,0.233499
0.1,0.5,2000,11,1.0,0.9,6.0,0.2285
0.1,0.5,2000,12,1.0,0.9,6.0,0.226001
0.1,0.5,2000,13,1.0,0.9,6.0,0.2325
0.1,0.5,2000,14,1.0,0.9,6.0,0.229
0.1,0.5,2000,15,1.0,0.9,6.0,0.227499
0.1,0.5,2000,16,1.0,0.9,6.0,0.2285
0.1,0.5,2000,17,1.0,0.9,6.0,0.232501
0.1,0.5,2000,18,1.0,0.9,6.0,0.225999
0.1,0.5,2000,19,1.0,0.9,6.0,0.232001
0.1,0.5,2000,20,1.0,0.9,6.0,0.2235
0.1,0.5,2000,21,1.0,0.9,6.0,0.223499
0.1,0.5,2000,22,1.0,0.9,6.0,0.238502
0.1,0.5,2000,23,1.0,0.9,6.0,0.215
0.1,0.5,2000,24,1.0,0.9,6.0,0.224499
0.1,0.5,2000,25,1.0,0.9,6.0,0.228002
0.1,0.5,2000,26,1.0,0.9,6.0,0.237999
0.1,0.5,2000,27,1.0,0.9,6.0,0.234054
0.1,0.5,2000,28,1.0,0.9,6.0,0.215946
0.1,0.5,2000,29,1.0,0.9,6.0,0.230499
0.1,0.5,2000,30,1.0,0.9,6.0,0.225002
0.1,0.5,2000,31,1.0,0.9,6.0,0.236499
0.1,0.5,2000,32,1.0,0.9,6.0,0.218499
0.1,0.5,2000,33,1.0,0.9,6.0,0.239502
0.1,0.5,2000,34,1.0,0.9,6.0,0.250498
0.1,0.5,2000,35,1.0,0.9,6.0,0.241001
0.1,0.5,2000,36,1.0,0.9,6.0,0.238501
0.1,0.5,2000,37,1.0,0.9,6.0,0.235
0.1,0.5,2000,38,1.0,0.9,6.0,0.247501
0.1,0.5,2000,39,1.0,0.9,6.0,0.239999
0.1,0.5,2000,40,1.0,0.9,6.0,0.247998
0.1,0.5,2000,41,1.0,0.9,6.0,0.243502
0.1,0.5,2000,42,1.0,0.9,6.0,0.245499
0.1,0.5,2000,43,1.0,0.9,6.0,0.243001
0.1,0.5,2000,44,1.0,0.9,6.0,0.243998
0.1,0.5,2000,45,1.0,0.9,6.0,0.24
0.1,0.5,2000,46,1.0,0.9,6.0,0.2545
0.1,0.5,2000,47,1.0,0.9,6.0,0.265498
0.1,0.5,2000,48,1.0,0.9,6.0,0.220004
0.1,0.5,2000,49,1.0,0.9,6.0,0.214497
0.1,0.5,2000,50,1.0,0.9,6.0,0.265002
0.1,0.5,2000,51,1.0,0.9,6.0,0.275999
0.1,0.5,2000,52,1.0,0.9,6.0,0.291999
0.1,0.5,2000,53,1.0,0.9,6.0,0.214501
0.1,0.5,2000,54,1.0,0.9,6.0,0.244999
0.1,0.5,2000,55,1.0,0.9,6.0,0.228
0.1,0.5,2000,56,1.0,0.9,6.0,0.2165
0.1,0.5,2000,57,1.0,0.9,6.0,0.222501
0.1,0.5,2000,58,1.0,0.9,6.0,0.225999
0.1,0.5,2000,59,1.0,0.9,6.0,0.229999
0.1,0.5,2000,60,1.0,0.9,6.0,0.2255
0.1,0.5,2000,61,1.0,0.9,6.0,0.220505
0.1,0.5,2000,62,1.0,0.9,6.0,0.222996
0.1,0.5,2000,63,1.0,0.9,6.0,0.223001
0.1,0.5,2000,64,1.0,0.9,6.0,0.23
0.1,0.5,2000,65,1.0,0.9,6.0,0.216
0.1,0.5,2000,66,1.0,0.9,6.0,0.225999
0.1,0.5,2000,67,1.0,0.9,6.0,0.218501
0.1,0.5,2000,68,1.0,0.9,6.0,0.230501
0.1,0.5,2000,69,1.0,0.9,6.0,0.235536
0.1,0.5,2000,70,1.0,0.9,6.0,0.222464
0.1,0.5,2000,71,1.0,0.9,6.0,0.2135
0.1,0.5,2000,72,1.0,0.9,6.0,0.217998
0.1,0.5,2000,73,1.0,0.9,6.0,0.2255
0.1,0.5,2000,74,1.0,0.9,6.0,0.221001
0.1,0.5,2000,75,1.0,0.9,6.0,0.230002
0.1,0.5,2000,76,1.0,0.9,6.0,0.230501
0.1,0.5,2000,77,1.0,0.9,6.0,0.217999
0.1,0.5,2000,78,1.0,0.9,6.0,0.228999
0.1,0.5,2000,79,1.0,0.9,6.0,0.2175
0.1,0.5,2000,80,1.0,0.9,6.0,0.221501
0.1,0.5,2000,81,1.0,0.9,6.0,0.214998
0.1,0.5,2000,82,1.0,0.9,6.0,0.241501
0.1,0.5,2000,83,1.0,0.9,6.0,0.220001
0.1,0.5,2000,84,1.0,0.9,6.0,0.212999
0.1,0.5,2000,85,1.0,0.9,6.0,0.232
0.1,0.5,2000,86,1.0,0.9,6.0,0.227
0.1,0.5,2000,87,1.0,0.9,6.0,0.237499
0.1,0.5,2000,88,1.0,0.9,6.0,0.222
0.1,0.5,2000,89,1.0,0.9,6.0,0.241
0.1,0.5,2000,90,1.0,0.9,6.0,0.260501
0.1,0.5,2000,91,1.0,0.9,6.0,0.242499
0.1,0.5,2000,92,1.0,0.9,6.0,0.224
0.1,0.5,2000,93,1.0,0.9,6.0,0.233002
0.1,0.5,2000,94,1.0,0.9,6.0,0.217499
0.1,0.5,2000,95,1.0,0.9,6.0,0.227002
0.1,0.5,2000,96,1.0,0.9,6.0,0.23
0.1,0.5,2000,97,1.0,0.9,6.0,0.224498
0.1,0.5,2000,98,1.0,0.9,6.0,0.219501
0.1,0.5,2000,99,1.0,0.9,6.0,0.2205
0.1,0.8,20,0,0.0,-1.0,50.0,0.202
0.1,0.8,20,1,0.0,-1.0,50.0,0.1945
0.1,0.8,20,2,0.0,-1.0,50.0,0.197501
0.1,0.8,20,3,0.0,-1.0,50.0,0.197997
0.1,0.8,20,4,0.0,-1.0,50.0,0.193501
0.1,0.8,20,5,0.0,-1.0,50.0,0.205001
0.1,0.8,20,6,0.0,-1.0,50.0,0.2015
0.1,0.8,20,7,0.0,-1.0,50.0,0.196
0.1,0.8,20,8,0.0,-1.0,50.0,0.2005
0.1,0.8,20,9,0.0,-1.0,50.0,0.1935
0.1,0.8,20,10,0.0,-1.0,50.0,0.208499
0.1,0.8,20,11,0.0,-1.0,50.0,0.2015
0.1,0.8,20,12,0.0,-1.0,50.0,0.193999
0.1,0.8,20,13,0.0,-1.0,50.0,0.197501
0.1,0.8,20,14,0.0,-1.0,50.0,0.209
0.1,0.8,20,15,0.0,-1.0,50.0,0.197
0.1,0.8,20,16,0.0,-1.0,50.0,0.199499
0.1,0.8,20,17,0.0,-1.0,50.0,0.193501
0.1,0.8,20,18,0.0,-1.0,50.0,0.195001
0.1,0.8,20,19,0.0,-1.0,50.0,0.201499
0.1,0.8,20,20,0.0,-1.0,50.0,0.207
0.1,0.8,20,21,0.0,-1.0,50.0,0.202
0.1,0.8,20,22,0.0,-1.0,50.0,0.2035
0.1,0.8,20,23,0.0,-1.0,50.0,0.197001
0.1,0.8,20,24,0.0,-1.0,50.0,0.194
0.1,0.8,20,25,0.0,-1.0,50.0,0.1975
0.1,0.8,20,26,0.0,-1.0,50.0,0.203
0.1,0.8,20,27,0.0,-1.0,50.0,0.209499
0.1,0.8,20,28,1.0,0.9,6.0,0.0315
0.1,0.8,20,29,0.0,-1.0,50.0,0.1975
0.1,0.8,20,30,0.0,-1.0,50.0,0.206501
0.1,0.8,20,31,0.0,-1.0,50.0,0.214499
0.1,0.8,20,32,0.0,-1.0,50.0,0.189501
0.1,0.8,20,33,0.0,-1.0,50.0,0.197999
0.1,0.8,20,34,0.0,-1.0,50.0,0.227002
0.1,0.8,20,35,0.0,-1.0,50.0,0.233998
0.1,0.8,20,36,0.0,-1.0,50.0,0.239
0.1,0.8,20,37,0.0,-1.0,50.0,0.210503
0.1,0.8,20,38,0.0,-1.0,50.0,0.207497
0.1,0.8,20,39,0.0,-1.0,50.0,0.217499
0.1,0.8,20,40,0.0,-1.0,50.0,0.234502
0.1,0.8,20,41,0.0,-1.0,50.0,0.204998
0.1,0.8,20,42,0.0,-1.0,50.0,0.192502
0.1,0.8,20,43,0.0,-1.0,50.0,0.200501
0.1,0.8,20,44,0.0,-1.0,50.0,0.197498
0.1,0.8,20,45,0.0,-1.0,50.0,0.205001
0.1,0.8,20,46,0.0,-1.0,50.0,0.205
0.1,0.8,20,47,0.0,-1.0,50.0,0.190999
0.1,0.8,20,48,0.0,-1.0,50.0,0.203499
0.1,0.8,20,49,0.0,-1.0,50.0,0.2085
0.1,0.8,20,50,0.0,-1.0,50.0,0.206502
0.1,0.8,20,51,0.0,-1.0,50.0,0.204999
0.1,0.8,20,52,0.0,-1.0,50.0,0.192498
0.1,0.8,20,53,0.0,-1.0,50.0,0.193501
0.1,0.8,20,54,0.0,-1.0,50.0,0.2005
0.1,0.8,20,55,0.0,-1.0,50.0,0.204
0.1,0.8,20,56,0.0,-1.0,50.0,0.204499
0.1,0.8,20,57,0.0,-1.0,50.0,0.202998
0.1,0.8,20,58,0.0,-1.0,50.0,0.201501
0.1,0.8,20,59,0.0,-1.0,50.0,0.207002
0.1,0.8,20,60,0.0,-1.0,50.0,0.194501
0.1,0.8,20,61,1.0,0.8564,8.18,0.0365
0.1,0.8,20,62,0.0,-1.0,50.0,0.195499
0.1,0.8,20,63,0.0,-1.0,50.0,0.197499
0.1,0.8,20,64,0.0,-1.0,50.0,0.196
0.1,0.8,20,65,0.0,-1.0,50.0,0.2285
0.1,0.8,20,66,0.0,-1.0,50.0,0.2055
0.1,0.8,20,67,0.0,-1.0,50.0,0.192499
0.1,0.8,20,68,0.0,-1.0,50.0,0.1945
0.1,0.8,20,69,0.0,-1.0,50.0,0.1945
0.1,0.8,20,70,0.0,-1.0,50.0,0.1895
0.1,0.8,20,71,0.0,-1.0,50.0,0.189001
0.1,0.8,20,72,0.0,-1.0,50.0,0.202499
0.1,0.8,20,73,0.0,-1.0,50.0,0.1985
0.1,0.8,20,74,0.0,-1.0,50.0,0.199998
0.1,0.8,20,75,0.0,-1.0,50.0,0.195
0.1,0.8,20,76,1.0,0.9,6.0,0.0285
0.1,0.8,20,77,0.0,-1.0,50.0,0.199
0.1,0.8,20,78,0.0,-1.0,50.0,0.2015
0.1,0.8,20,79,0.0,-1.0,50.0,0.192001
0.1,0.8,20,80,0.0,-1.0,50.0,0.193001
0.1,0.8,20,81,0.0,-1.0,50.0,0.205999
0.1,0.8,20,82,0.0,-1.0,50.0,0.1985
0.1,0.8,20,83,0.0,-1.0,50.0,0.2055
0.1,0.8,20,84,0.0,-1.0,50.0,0.192499
0.1,0.8,20,85,1.0,0.9,6.0,0.026
0.1,0.8,20,86,0.0,-1.0,50.0,0.199999
0.1,0.8,20,87,0.0,-1.0,50.0,0.2105
0.1,0.8,20,88,0.0,-1.0,50.0,0.1995
0.1,0.8,20,89,0.0,-1.0,50.0,0.2025
0.1,0.8,20,90,0.0,-1.0,50.0,0.1935
0.1,0.8,20,91,0.0,-1.0,50.0,0.204504
0.1,0.8,20,92,0.0,-1.0,50.0,0.210996
0.1,0.8,20,93,0.0,-1.0,50.0,0.263
0.1,0.8,20,94,0.0,-1.0,50.0,0.204499
0.1,0.8,20,95,0.0,-1.0,50.0,0.199503
0.1,0.8,20,96,0.0,-1.0,50.0,0.20115
0.1,0.8,20,97,0.0,-1.0,50.0,0.202848
0.1,0.8,20,98,0.0,-1.0,50.0,0.199501
0.1,0.8,20,99,0.0,-1.0,50.0,0.191499
0.1,0.8,100,0,1.0,0.9,6.0,0.036
0.1,0.8,100,1,1.0,0.9,6.0,0.034501
0.1,0.8,100,2,1.0,0.9,6.0,0.033999
0.1,0.8,100,3,1.0,0.9,6.0,0.037501
0.1,0.8,100,4,1.0,0.9,6.0,0.035002
0.1,0.8,100,5,1.0,0.9,6.0,0.031
0.1,0.8,100,6,1.0,0.9,6.0,0.033998
0.1,0.8,100,7,1.0,0.9,6.0,0.034002
0.1,0.8,100,8,1.0,0.9,6.0,0.036999
0.1,0.8,100,9,1.0,0.9,6.0,0.031501
0.1,0.8,100,10,1.0,0.9,6.0,0.033999
0.1,0.8,100,11,1.0,0.9,6.0,0.0335
0.1,0.8,100,12,1.0,0.9,6.0,0.035
0.1,0.8,100,13,1.0,0.9,6.0,0.034001
0.1,0.8,100,14,1.0,0.9,6.0,0.033498
0.1,0.8,100,15,1.0,0.9,6.0,0.035001
0.1,0.8,100,16,1.0,0.9,6.0,0.033499
0.1,0.8,100,17,1.0,0.9,6.0,0.032501
0.1,0.8,100,18,1.0,0.9,6.0,0.034
0.1,0.8,100,19,1.0,0.9,6.0,0.034
0.1,0.8,100,20,1.0,0.9,6.0,0.031501
0.1,0.8,100,21,1.0,0.9,6.0,0.039
0.1,0.8,100,22,1.0,0.9,6.0,0.0355
0.1,0.8,100,23,1.0,0.9,6.0,0.035497
0.1,0.8,100,24,1.0,0.9,6.0,0.034501
0.1,0.8,100,25,1.0,0.9,6.0,0.032499
0.1,0.8,100,26,1.0,0.9,6.0,0.033502
0.1,0.8,100,27,1.0,0.9,6.0,0.033499
0.1,0.8,100,28,1.0,0.9,6.0,0.0375
0.1,0.8,100,29,1.0,0.9,6.0,0.034999
0.1,0.8,100,30,1.0,0.9,6.0,0.034
0.1,0.8,100,31,1.0,0.9,6.0,0.0335
0.1,0.8,100,32,1.0,0.9,6.0,0.033
0.1,0.8,100,33,1.0,0.9,6.0,0.036499
0.1,0.8,100,34,1.0,0.9,6.0,0.032001
0.1,0.8,100,35,1.0,0.9,6.0,0.033499
0.1,0.8,100,36,1.0,0.9,6.0,0.034
0.1,0.8,100,37,1.0,0.9,6.0,0.0365
0.1,0.8,100,38,1.0,0.9,6.0,0.037501
0.1,0.8,100,39,1.0,0.9,6.0,0.034
0.1,0.8,100,40,1.0,0.9,6.0,0.036499
0.1,0.8,100,41,1.0,0.9,6.0,0.036
0.1,0.8,100,42,1.0,0.9,6.0,0.036998
0.1,0.8,100,43,1.0,0.9,6.0,0.0325
0.1,0.8,100,44,1.0,0.9,6.0,0.033502
0.1,0.8,100,45,1.0,0.9,6.0,0.031499
0.1,0.8,100,46,1.0,0.9,6.0,0.0345
0.1,0.8,100,47,1.0,0.9,6.0,0.0345
0.1,0.8,100,48,1.0,0.9,6.0,0.034001
0.1,0.8,100,49,1.0,0.9,6.0,0.036002
0.1,0.8,100,50,1.0,0.9,6.0,0.036498
0.1,0.8,100,51,1.0,0.9,6.0,0.036001
0.1,0.8,100,52,1.0,0.9,6.0,0.034002
0.1,0.8,100,53,1.0,0.9,6.0,0.035499
0.1,0.8,100,54,1.0,0.9,6.0,0.035501
0.1,0.8,100,55,1.0,0.9,6.0,0.0395
0.1,0.8,100,56,1.0,0.9,6.0,0.037001
0.1,0.8,100,57,1.0,0.9,6.0,0.0335
0.1,0.8,100,58,1.0,0.9,6.0,0.0405
0.1,0.8,100,59,1.0,0.9,6.0,0.038
0.1,0.8,100,60,1.0,0.9,6.0,0.037
0.1,0.8,100,61,1.0,0.9,6.0,0.042501
0.1,0.8,100,62,1.0,0.9,6.0,0.036499
0.1,0.8,100,63,1.0,0.9,6.0,0.0405
0.1,0.8,100,64,1.0,0.9,6.0,0.038499
0.1,0.8,100,65,1.0,0.9,6.0,0.040499
0.1,0.8,100,66,1.0,0.9,6.0,0.0355
0.1,0.8,100,67,1.0,0.9,6.0,0.040501
0.1,0.8,100,68,1.0,0.9,6.0,0.032048
0.1,0.8,100,69,1.0,0.9,6.0,0.037952
0.1,0.8,100,70,1.0,0.9,6.0,0.0335
0.1,0.8,100,71,1.0,0.9,6.0,0.034
0.1,0.8,100,72,1.0,0.9,6.0,0.031499
0.1,0.8,100,73,1.0,0.9,6.0,0.031667
0.1,0.8,100,74,1.0,0.9,6.0,0.035834
0.1,0.8,100,75,1.0,0.9,6.0,0.033502
0.1,0.8,100,76,1.0,0.9,6.0,0.033498
0.1,0.8,100,77,1.0,0.9,6.0,0.034
0.1,0.8,100,78,1.0,0.9,6.0,0.0375
0.1,0.8,100,79,1.0,0.9,6.0,0.036
0.1,0.8,100,80,1.0,0.9,6.0,0.032003
0.1,0.8,100,81,1.0,0.9,6.0,0.035497
0.1,0.8,100,82,1.0,0.9,6.0,0.038501
0.1,0.8,100,83,1.0,0.9,6.0,0.032999
0.1,0.8,100,84,1.0,0.9,6.0,0.032001
0.1,0.8,100,85,1.0,0.9,6.0,0.031999
0.1,0.8,100,86,1.0,0.9,6.0,0.0335
0.1,0.8,100,87,1.0,0.9,6.0,0.032001
0.1,0.8,100,88,1.0,0.9,6.0,0.033
0.1,0.8,100,89,1.0,0.9,6.0,0.0355
0.1,0.8,100,90,1.0,0.9,6.0,0.034002
0.1,0.8,100,91,1.0,0.9,6.0,0.030999
0.1,0.8,100,92,1.0,0.9,6.0,0.032502
0.1,0.8,100,93,1.0,0.9,6.0,0.031997
0.1,0.8,100,94,1.0,0.9,6.0,0.033
0.1,0.8,100,95,1.0,0.9,6.0,0.037501
0.1,0.8,100,96,1.0,0.9,6.0,0.0365
0.1,0.8,100,97,1.0,0.9,6.0,0.037001
0.1,0.8,100,98,1.0,0.9,6.0,0.038499
0.1,0.8,100,99,1.0,0.9,6.0,0.037499
0.1,0.8,500,0,1.0,0.9,6.0,0.079502
0.1,0.8,500,1,1.0,0.9,6.0,0.127498
0.1,0.8,500,2,1.0,0.9,6.0,0.088501
0.1,0.8,500,3,1.0,0.9,6.0,0.084
0.1,0.8,500,4,1.0,0.9,6.0,0.0845
0.1,0.8,500,5,1.0,0.9,6.0,0.087001
0.1,0.8,500,6,1.0,0.9,6.0,0.089999
0.1,0.8,500,7,1.0,0.9,6.0,0.087501
0.1,0.8,500,8,1.0,0.9,6.0,0.079
0.1,0.8,500,9,1.0,0.9,6.0,0.073499
0.1,0.8,500,10,1.0,0.9,6.0,0.083
0.1,0.8,500,11,1.0,0.9,6.0,0.078499
0.1,0.8,500,12,1.0,0.9,6.0,0.072
0.1,0.8,500,13,1.0,0.9,6.0,0.080001
0.1,0.8,500,14,1.0,0.9,6.0,0.080938
0.1,0.8,500,15,1.0,0.9,6.0,0.083
0.1,0.8,500,16,1.0,0.9,6.0,0.074001
0.1,0.8,500,17,1.0,0.9,6.0,0.077998
0.1,0.8,500,18,1.0,0.9,6.0,0.073001
0.1,0.8,500,19,1.0,0.9,6.0,0.073003
0.1,0.8,500,20,1.0,0.9,6.0,0.073498
0.1,0.8,500,21,1.0,0.9,6.0,0.072001
0.1,0.8,500,22,1.0,0.9,6.0,0.073998
0.1,0.8,500,23,1.0,0.9,6.0,0.0715
0.1,0.8,500,24,1.0,0.9,6.0,0.078999
0.1,0.8,500,25,1.0,0.9,6.0,0.073999
0.1,0.8,500,26,1.0,0.9,6.0,0.076002
0.1,0.8,500,27,1.0,0.9,6.0,0.074999
0.1,0.8,500,28,1.0,0.9,6.0,0.079001
0.1,0.8,500,29,1.0,0.9,6.0,0.071501
0.1,0.8,500,30,1.0,0.9,6.0,0.074499
0.1,0.8,500,31,1.0,0.9,6.0,0.0785
0.1,0.8,500,32,1.0,0.9,6.0,0.0765
0.1,0.8,500,33,1.0,0.9,6.0,0.074001
0.1,0.8,500,34,1.0,0.9,6.0,0.076998
0.1,0.8,500,35,1.0,0.9,6.0,0.078001
0.1,0.8,500,36,1.0,0.9,6.0,0.076499
0.1,0.8,500,37,1.0,0.9,6.0,0.079001
0.1,0.8,500,38,1.0,0.9,6.0,0.066998
0.1,0.8,500,39,1.0,0.9,6.0,0.072
0.1,0.8,500,40,1.0,0.9,6.0,0.0745
0.1,0.8,500,41,1.0,0.9,6.0,0.079
0.1,0.8,500,42,1.0,0.9,6.0,0.074999
0.1,0.8,500,43,1.0,0.9,6.0,0.073
0.1,0.8,500,44,1.0,0.9,6.0,0.074499
0.1,0.8,500,45,1.0,0.9,6.0,0.070001
0.1,0.8,500,46,1.0,0.9,6.0,0.071499
0.1,0.8,500,47,1.0,0.9,6.0,0.0745
0.1,0.8,500,48,1.0,0.9,6.0,0.080502
0.1,0.8,500,49,1.0,0.9,6.0,0.073998
0.1,0.8,500,50,1.0,0.9,6.0,0.0765
0.1,0.8,500,51,1.0,0.9,6.0,0.073001
0.1,0.8,500,52,1.0,0.9,6.0,0.0685
0.1,0.8,500,53,1.0,0.9,6.0,0.0735
0.1,0.8,500,54,1.0,0.9,6.0,0.071499
0.1,0.8,500,55,1.0,0.9,6.0,0.083501
0.1,0.8,500,56,1.0,0.9,6.0,0.071501
0.1,0.8,500,57,1.0,0.9,6.0,0.071498
0.1,0.8,500,58,1.0,0.9,6.0,0.073501
0.1,0.8,500,59,1.0,0.9,6.0,0.069498
0.1,0.8,500,60,1.0,0.9,6.0,0.071004
0.1,0.8,500,61,1.0,0.9,6.0,0.074997
0.1,0.8,500,62,1.0,0.9,6.0,0.075502
0.1,0.8,500,63,1.0,0.9,6.0,0.079998
0.1,0.8,500,64,1.0,0.9,6.0,0.091501
0.1,0.8,500,65,1.0,0.9,6.0,0.076501
0.1,0.8,500,66,1.0,0.9,6.0,0.072502
0.1,0.8,500,67,1.0,0.9,6.0,0.070997
0.1,0.8,500,68,1.0,0.9,6.0,0.077501
0.1,0.8,500,69,1.0,0.9,6.0,0.0735
0.1,0.8,500,70,1.0,0.9,6.0,0.0745
0.1,0.8,500,71,1.0,0.9,6.0,0.0685
0.1,0.8,500,72,1.0,0.9,6.0,0.0755
0.1,0.8,500,73,1.0,0.9,6.0,0.0725
0.1,0.8,500,74,1.0,0.9,6.0,0.065
0.1,0.8,500,75,1.0,0.9,6.0,0.067499
0.1,0.8,500,76,1.0,0.9,6.0,0.0735
0.1,0.8,500,77,1.0,0.9,6.0,0.093499
0.1,0.8,500,78,1.0,0.9,6.0,0.081039
0.1,0.8,500,79,1.0,0.9,6.0,0.071962
0.1,0.8,500,80,1.0,0.9,6.0,0.0685
0.1,0.8,500,81,1.0,0.9,6.0,0.0715
0.1,0.8,500,82,1.0,0.9,6.0,0.083999
0.1,0.8,500,83,1.0,0.9,6.0,0.073
0.1,0.8,500,84,1.0,0.9,6.0,0.0735
0.1,0.8,500,85,1.0,0.9,6.0,0.070001
0.1,0.8,500,86,1.0,0.9,6.0,0.072679
0.1,0.8,500,87,1.0,0.9,6.0,0.075322
0.1,0.8,500,88,1.0,0.9,6.0,0.071
0.1,0.8,500,89,1.0,0.9,6.0,0.068
0.1,0.8,500,90,1.0,0.9,6.0,0.070502
0.1,0.8,500,91,1.0,0.9,6.0,0.0745
0.1,0.8,500,92,1.0,0.9,6.0,0.078
0.1,0.8,500,93,1.0,0.9,6.0,0.077501
0.1,0.8,500,94,1.0,0.9,6.0,0.078503
0.1,0.8,500,95,1.0,0.9,6.0,0.073998
0.1,0.8,500,96,1.0,0.9,6.0,0.076
0.1,0.8,500,97,1.0,0.9,6.0,0.070045
0.1,0.8,500,98,1.0,0.9,6.0,0.075956
0.1,0.8,500,99,1.0,0.9,6.0,0.077499
0.1,0.8,2000,0,1.0,0.9,6.0,0.216498
0.1,0.8,2000,1,1.0,0.9,6.0,0.221999
0.1,0.8,2000,2,1.0,0.9,6.0,0.225001
0.1,0.8,2000,3,1.0,0.9,6.0,0.234001
0.1,0.8,2000,4,1.0,0.9,6.0,0.226
0.1,0.8,2000,5,1.0,0.9,6.0,0.223
0.1,0.8,2000,6,1.0,0.9,6.0,0.2275
0.1,0.8,2000,7,1.0,0.9,6.0,0.230501
0.1,0.8,2000,8,1.0,0.9,6.0,0.263999
0.1,0.8,2000,9,1.0,0.9,6.0,0.2325
0.1,0.8,2000,10,1.0,0.9,6.0,0.252
0.1,0.8,2000,11,1.0,0.9,6.0,0.233999
0.1,0.8,2000,12,1.0,0.9,6.0,0.23
0.1,0.8,2000,13,1.0,0.9,6.0,0.218
0.1,0.8,2000,14,1.0,0.9,6.0,0.2405
0.1,0.8,2000,15,1.0,0.9,6.0,0.233002
0.1,0.8,2000,16,1.0,0.9,6.0,0.228999
0.1,0.8,2000,17,1.0,0.9,6.0,0.2215
0.1,0.8,2000,18,1.0,0.9,6.0,0.237
0.1,0.8,2000,19,1.0,0.9,6.0,0.223502
0.1,0.8,2000,20,1.0,0.9,6.0,0.220998
0.1,0.8,2000,21,1.0,0.9,6.0,0.235502
0.1,0.8,2000,22,1.0,0.9,6.0,0.222498
0.1,0.8,2000,23,1.0,0.9,6.0,0.242002
0.1,0.8,2000,24,1.0,0.9,6.0,0.225499
0.1,0.8,2000,25,1.0,0.9,6.0,0.233501
0.1,0.8,2000,26,1.0,0.9,6.0,0.2645
0.1,0.8,2000,27,1.0,0.9,6.0,0.251503
0.1,0.8,2000,28,1.0,0.9,6.0,0.262997
0.1,0.8,2000,29,1.0,0.9,6.0,0.229497
0.1,0.8,2000,30,1.0,0.9,6.0,0.237001
0.1,0.8,2000,31,1.0,0.9,6.0,0.3095
0.1,0.8,2000,32,1.0,0.9,6.0,0.228503
0.1,0.8,2000,33,1.0,0.9,6.0,0.233999
0.1,0.8,2000,34,1.0,0.9,6.0,0.219998
0.1,0.8,2000,35,1.0,0.9,6.0,0.218501
0.1,0.8,2000,36,1.0,0.9,6.0,0.220999
0.1,0.8,2000,37,1.0,0.9,6.0,0.235501
0.1,0.8,2000,38,1.0,0.9,6.0,0.235999
0.1,0.8,2000,39,1.0,0.9,6.0,0.224002
0.1,0.8,2000,40,1.0,0.9,6.0,0.226003
0.1,0.8,2000,41,1.0,0.9,6.0,0.223998
0.1,0.8,2000,42,1.0,0.9,6.0,0.228002
0.1,0.8,2000,43,1.0,0.9,6.0,0.223499
0.1,0.8,2000,44,1.0,0.9,6.0,0.2285
0.1,0.8,2000,45,1.0,0.9,6.0,0.239501
0.1,0.8,2000,46,1.0,0.9,6.0,0.232502
0.1,0.8,2000,47,1.0,0.9,6.0,0.229997
0.1,0.8,2000,48,1.0,0.9,6.0,0.237501
0.1,0.8,2000,49,1.0,0.9,6.0,0.220999
0.1,0.8,2000,50,1.0,0.9,6.0,0.225501
0.1,0.8,2000,51,1.0,0.9,6.0,0.223591
0.1,0.8,2000,52,1.0,0.9,6.0,0.230909
0.1,0.8,2000,53,1.0,0.9,6.0,0.221001
0.1,0.8,2000,54,1.0,0.9,6.0,0.234001
0.1,0.8,2000,55,1.0,0.9,6.0,0.223998
0.1,0.8,2000,56,1.0,0.9,6.0,0.228501
0.1,0.8,2000,57,1.0,0.9,6.0,0.218501
0.1,0.8,2000,58,1.0,0.9,6.0,0.223001
0.1,0.8,2000,59,1.0,0.9,6.0,0.2335
0.1,0.8,2000,60,1.0,0.9,6.0,0.223
0.1,0.8,2000,61,1.0,0.9,6.0,0.233502
0.1,0.8,2000,62,1.0,0.9,6.0,0.219999
0.1,0.8,2000,63,1.0,0.9,6.0,0.224999
0.1,0.8,2000,64,1.0,0.9,6.0,0.2365
0.1,0.8,2000,65,1.0,0.9,6.0,0.231
0.1,0.8,2000,66,1.0,0.9,6.0,0.2955
0.1,0.8,2000,67,1.0,0.9,6.0,0.232499
0.1,0.8,2000,68,1.0,0.9,6.0,0.226002
0.1,0.8,2000,69,1.0,0.9,6.0,0.224998
0.1,0.8,2000,70,1.0,0.9,6.0,0.221001
0.1,0.8,2000,71,1.0,0.9,6.0,0.230003
0.1,0.8,2000,72,1.0,0.9,6.0,0.235497
0.1,0.8,2000,73,1.0,0.9,6.0,0.219003
0.1,0.8,2000,74,1.0,0.9,6.0,0.235498
0.1,0.8,2000,75,1.0,0.9,6.0,0.229999
0.1,0.8,2000,76,1.0,0.9,6.0,0.2355
0.1,0.8,2000,77,1.0,0.9,6.0,0.2285
0.1,0.8,2000,78,1.0,0.9,6.0,0.2265
0.1,0.8,2000,79,1.0,0.9,6.0,0.216
0.1,0.8,2000,80,1.0,0.9,6.0,0.222503
0.1,0.8,2000,81,1.0,0.9,6.0,0.227496
0.1,0.8,2000,82,1.0,0.9,6.0,0.229001
0.1,0.8,2000,83,1.0,0.9,6.0,0.226501
0.1,0.8,2000,84,1.0,0.9,6.0,0.214499
0.1,0.8,2000,85,1.0,0.9,6.0,0.249001
0.1,0.8,2000,86,1.0,0.9,6.0,0.256504
0.1,0.8,2000,87,1.0,0.9,6.0,0.252497
0.1,0.8,2000,88,1.0,0.9,6.0,0.219499
0.1,0.8,2000,89,1.0,0.9,6.0,0.215051
0.1,0.8,2000,90,1.0,0.9,6.0,0.224452
0.1,0.8,2000,91,1.0,0.9,6.0,0.224498
0.1,0.8,2000,92,1.0,0.9,6.0,0.2205
0.1,0.8,2000,93,1.0,0.9,6.0,0.2265
0.1,0.8,2000,94,1.0,0.9,6.0,0.220499
0.1,0.8,2000,95,1.0,0.9,6.0,0.226555
0.1,0.8,2000,96,1.0,0.9,6.0,0.231446
0.1,0.8,2000,97,1.0,0.9,6.0,0.2275
0.1,0.8,2000,98,1.0,0.9,6.0,0.232999
0.1,0.8,2000,99,1.0,0.9,6.0,0.2305
0.1,0.95,20,0,0.0,-1.0,50.0,0.213501
0.1,0.95,20,1,0.0,-1.0,50.0,0.195999
0.1,0.95,20,2,0.0,-1.0,50.0,0.1975
0.1,0.95,20,3,0.0,-1.0,50.0,0.2
0.1,0.95,20,4,0.0,-1.0,50.0,0.194999
0.1,0.95,20,5,0.0,-1.0,50.0,0.197504
0.1,0.95,20,6,0.0,-1.0,50.0,0.195497
0.1,0.95,20,7,0.0,-1.0,50.0,0.191
0.1,0.95,20,8,0.0,-1.0,50.0,0.198501
0.1,0.95,20,9,0.0,-1.0,50.0,0.201998
0.1,0.95,20,10,0.0,-1.0,50.0,0.197
0.1,0.95,20,11,0.0,-1.0,50.0,0.203001
0.1,0.95,20,12,0.0,-1.0,50.0,0.193001
0.1,0.95,20,13,0.0,-1.0,50.0,0.203999
0.1,0.95,20,14,0.0,-1.0,50.0,0.205002
0.1,0.95,20,15,0.0,-1.0,50.0,0.1935
0.1,0.95,20,16,0.0,-1.0,50.0,0.217499
0.1,0.95,20,17,0.0,-1.0,50.0,0.199999
0.1,0.95,20,18,0.0,-1.0,50.0,0.191498
0.1,0.95,20,19,0.0,-1.0,50.0,0.206002
0.1,0.95,20,20,0.0,-1.0,50.0,0.190594
0.1,0.95,20,21,0.0,-1.0,50.0,0.207499
0.1,0.95,20,22,0.0,-1.0,50.0,0.203999
0.1,0.95,20,23,0.0,-1.0,50.0,0.193503
0.1,0.95,20,24,0.0,-1.0,50.0,0.207501
0.1,0.95,20,25,0.0,-1.0,50.0,0.1925
0.1,0.95,20,26,0.0,-1.0,50.0,0.195499
0.1,0.95,20,27,0.0,-1.0,50.0,0.2
0.1,0.95,20,28,0.0,-1.0,50.0,0.196499
0.1,0.95,20,29,0.0,-1.0,50.0,0.205585
0.1,0.95,20,30,0.0,-1.0,50.0,0.197417
0.1,0.95,20,31,0.0,-1.0,50.0,0.196
0.1,0.95,20,32,0.0,-1.0,50.0,0.199499
0.1,0.95,20,33,1.0,0.9,6.0,0.028
0.1,0.95,20,34,0.0,-1.0,50.0,0.199001
0.1,0.95,20,35,0.0,-1.0,50.0,0.198499
0.1,0.95,20,36,0.0,-1.0,50.0,0.206002
0.1,0.95,20,37,0.0,-1.0,50.0,0.200999
0.1,0.95,20,38,0.0,-1.0,50.0,0.201002
0.1,0.95,20,39,0.0,-1.0,50.0,0.195498
0.1,0.95,20,40,0.0,-1.0,50.0,0.208
0.1,0.95,20,41,0.0,-1.0,50.0,0.194
0.1,0.95,20,42,0.0,-1.0,50.0,0.195003
0.1,0.95,20,43,0.0,-1.0,50.0,0.194498
0.1,0.95,20,44,0.0,-1.0,50.0,0.1985
0.1,0.95,20,45,0.0,-1.0,50.0,0.203001
0.1,0.95,20,46,0.0,-1.0,50.0,0.200997
0.1,0.95,20,47,0.0,-1.0,50.0,0.207002
0.1,0.95,20,48,0.0,-1.0,50.0,0.203
0.1,0.95,20,49,0.0,-1.0,50.0,0.2055
0.1,0.95,20,50,0.0,-1.0,50.0,0.241
0.1,0.95,20,51,0.0,-1.0,50.0,0.215998
0.1,0.95,20,52,0.0,-1.0,50.0,0.230003
0.1,0.95,20,53,0.0,-1.0,50.0,0.2085
0.1,0.95,20,54,0.0,-1.0,50.0,0.201998
0.1,0.95,20,55,0.0,-1.0,50.0,0.218998
0.1,0.95,20,56,0.0,-1.0,50.0,0.2
0.1,0.95,20,57,1.0,0.9,6.0,0.026001
0.1,0.95,20,58,0.0,-1.0,50.0,0.206501
0.1,0.95,20,59,0.0,-1.0,50.0,0.201499
0.1,0.95,20,60,0.0,-1.0,50.0,0.196499
0.1,0.95,20,61,0.0,-1.0,50.0,0.201
0.1,0.95,20,62,0.0,-1.0,50.0,0.205003
0.1,0.95,20,63,0.0,-1.0,50.0,0.196499
0.1,0.95,20,64,0.0,-1.0,50.0,0.214999
0.1,0.95,20,65,0.0,-1.0,50.0,0.242002
0.1,0.95,20,66,0.0,-1.0,50.0,0.230999
0.1,0.95,20,67,0.0,-1.0,50.0,0.230501
0.1,0.95,20,68,0.0,-1.0,50.0,0.213001
0.1,0.95,20,69,0.0,-1.0,50.0,0.208999
0.1,0.95,20,70,0.0,-1.0,50.0,0.221499
0.1,0.95,20,71,0.0,-1.0,50.0,0.209504
0.1,0.95,20,72,0.0,-1.0,50.0,0.197997
0.1,0.95,20,73,0.0,-1.0,50.0,0.196502
0.1,0.95,20,74,0.0,-1.0,50.0,0.198998
0.1,0.95,20,75,0.0,-1.0,50.0,0.196501
0.1,0.95,20,76,0.0,-1.0,50.0,0.193999
0.1,0.95,20,77,0.0,-1.0,50.0,0.197501
0.1,0.95,20,78,0.0,-1.0,50.0,0.197001
0.1,0.95,20,79,0.0,-1.0,50.0,0.202002
0.1,0.95,20,80,1.0,0.9,6.0,0.028498
0.1,0.95,20,81,0.0,-1.0,50.0,0.197499
0.1,0.95,20,82,0.0,-1.0,50.0,0.200001
0.1,0.95,20,83,0.0,-1.0,50.0,0.199001
0.1,0.95,20,84,0.0,-1.0,50.0,0.2015
0.1,0.95,20,85,0.0,-1.0,50.0,0.203
0.1,0.95,20,86,0.0,-1.0,50.0,0.205001
0.1,0.95,20,87,0.0,-1.0,50.0,0.200999
0.1,0.95,20,88,0.0,-1.0,50.0,0.197
0.1,0.95,20,89,0.0,-1.0,50.0,0.194499
0.1,0.95,20,90,0.0,-1.0,50.0,0.195
0.1,0.95,20,91,0.0,-1.0,50.0,0.200499
0.1,0.95,20,92,0.0,-1.0,50.0,0.198999
0.1,0.95,20,93,1.0,0.9,6.0,0.0275
0.1,0.95,20,94,0.0,-1.0,50.0,0.194501
0.1,0.95,20,95,0.0,-1.0,50.0,0.202038
0.1,0.95,20,96,0.0,-1.0,50.0,0.208961
0.1,0.95,20,97,0.0,-1.0,50.0,0.209501
0.1,0.95,20,98,0.0,-1.0,50.0,0.214502
0.1,0.95,20,99,0.0,-1.0,50.0,0.215499
0.1,0.95,100,0,1.0,0.9,6.0,0.033999
0.1,0.95,100,1,1.0,0.9,6.0,0.034502
0.1,0.95,100,2,1.0,0.9,6.0,0.037
0.1,0.95,100,3,1.0,0.9,6.0,0.033997
0.1,0.95,100,4,1.0,0.9,6.0,0.033501
0.1,0.95,100,5,1.0,0.9,6.0,0.048
0.1,0.95,100,6,1.0,0.9,6.0,0.049501
0.1,0.95,100,7,1.0,0.9,6.0,0.048
0.1,0.95,100,8,1.0,0.9,6.0,0.053999
0.1,0.95,100,9,1.0,0.9,6.0,0.0385
0.1,0.95,100,10,1.0,0.9,6.0,0.038002
0.1,0.95,100,11,1.0,0.9,6.0,0.039
0.1,0.95,100,12,1.0,0.9,6.0,0.035498
0.1,0.95,100,13,1.0,0.9,6.0,0.033499
0.1,0.95,100,14,1.0,0.9,6.0,0.0385
0.1,0.95,100,15,1.0,0.9,6.0,0.0415
0.1,0.95,100,16,1.0,0.9,6.0,0.032
0.1,0.95,100,17,1.0,0.9,6.0,0.032594
0.1,0.95,100,18,1.0,0.9,6.0,0.034383
0.1,0.95,100,19,1.0,0.9,6.0,0.035
0.1,0.95,100,20,1.0,0.9,6.0,0.035
0.1,0.95,100,21,1.0,0.9,6.0,0.0345
0.1,0.95,100,22,1.0,0.9,6.0,0.034001
0.1,0.95,100,23,1.0,0.9,6.0,0.033999
0.1,0.95,100,24,1.0,0.9,6.0,0.036002
0.1,0.95,100,25,1.0,0.9,6.0,0.036998
0.1,0.95,100,26,1.0,0.9,6.0,0.038001
0.1,0.95,100,27,1.0,0.9,6.0,0.0355
0.1,0.95,100,28,1.0,0.9,6.0,0.033999
0.1,0.95,100,29,1.0,0.9,6.0,0.036999
0.1,0.95,100,30,1.0,0.9,6.0,0.033499
0.1,0.95,100,31,1.0,0.9,6.0,0.035001
0.1,0.95,100,32,1.0,0.9,6.0,0.0345
0.1,0.95,100,33,1.0,0.9,6.0,0.031499
0.1,0.95,100,34,1.0,0.9,6.0,0.032001
0.1,0.95,100,35,1.0,0.9,6.0,0.0345
0.1,0.95,100,36,1.0,0.9,6.0,0.040001
0.1,0.95,100,37,1.0,0.9,6.0,0.038501
0.1,0.95,100,38,1.0,0.9,6.0,0.034999
0.1,0.95,100,39,1.0,0.9,6.0,0.033499
0.1,0.95,100,40,1.0,0.9,6.0,0.034001
0.1,0.95,100,41,1.0,0.9,6.0,0.036001
0.1,0.95,100,42,1.0,0.9,6.0,0.050498
0.1,0.95,100,43,1.0,0.9,6.0,0.0345
0.1,0.95,100,44,1.0,0.9,6.0,0.036001
0.1,0.95,100,45,1.0,0.9,6.0,0.035
0.1,0.95,100,46,1.0,0.9,6.0,0.035499
0.1,0.95,100,47,1.0,0.9,6.0,0.0355
0.1,0.95,100,48,1.0,0.9,6.0,0.035
0.1,0.95,100,49,1.0,0.9,6.0,0.032
0.1,0.95,100,50,1.0,0.9,6.0,0.035
0.1,0.95,100,51,1.0,0.9,6.0,0.033999
0.1,0.95,100,52,1.0,0.9,6.0,0.035499
0.1,0.95,100,53,1.0,0.9,6.0,0.0375
0.1,0.95,100,54,1.0,0.9,6.0,0.034499
0.1,0.95,100,55,1.0,0.9,6.0,0.036001
0.1,0.95,100,56,1.0,0.9,6.0,0.033999
0.1,0.95,100,57,1.0,0.9,6.0,0.039501
0.1,0.95,100,58,1.0,0.9,6.0,0.033
0.1,0.95,100,59,1.0,0.9,6.0,0.034002
0.1,0.95,100,60,1.0,0.9,6.0,0.037997
0.1,0.95,100,61,1.0,0.9,6.0,0.033501
0.1,0.95,100,62,1.0,0.9,6.0,0.034
0.1,0.95,100,63,1.0,0.9,6.0,0.036
0.1,0.95,100,64,1.0,0.9,6.0,0.035501
0.1,0.95,100,65,1.0,0.9,6.0,0.036
0.1,0.95,100,66,1.0,0.9,6.0,0.0305
0.1,0.95,100,67,1.0,0.9,6.0,0.0335
0.1,0.95,100,68,1.0,0.9,6.0,0.035
0.1,0.95,100,69,1.0,0.9,6.0,0.038502
0.1,0.95,100,70,1.0,0.9,6.0,0.038498
0.1,0.95,100,71,1.0,0.9,6.0,0.038001
0.1,0.95,100,72,1.0,0.9,6.0,0.0335
0.1,0.95,100,73,1.0,0.9,6.0,0.034499
0.1,0.95,100,74,1.0,0.9,6.0,0.034502
0.1,0.95,100,75,1.0,0.9,6.0,0.034999
0.1,0.95,100,76,1.0,0.9,6.0,0.033001
0.1,0.95,100,77,1.0,0.9,6.0,0.036516
0.1,0.95,100,78,1.0,0.9,6.0,0.036484
0.1,0.95,100,79,1.0,0.9,6.0,0.035503
0.1,0.95,100,80,1.0,0.9,6.0,0.034497
0.1,0.95,100,81,1.0,0.9,6.0,0.041001
0.1,0.95,100,82,1.0,0.9,6.0,0.034
0.1,0.95,100,83,1.0,0.9,6.0,0.031501
0.1,0.95,100,84,1.0,0.9,6.0,0.032499
0.1,0.95,100,85,1.0,0.9,6.0,0.0355
0.1,0.95,100,86,1.0,0.9,6.0,0.037502
0.1,0.95,100,87,1.0,0.9,6.0,0.034499
0.1,0.95,100,88,1.0,0.9,6.0,0.0345
0.1,0.95,100,89,1.0,0.9,6.0,0.036001
0.1,0.95,100,90,1.0,0.9,6.0,0.034999
0.1,0.95,100,91,1.0,0.9,6.0,0.040499
0.1,0.95,100,92,1.0,0.9,6.0,0.037501
0.1,0.95,100,93,1.0,0.9,6.0,0.0445
0.1,0.95,100,94,1.0,0.9,6.0,0.04
0.1,0.95,100,95,1.0,0.9,6.0,0.036
0.1,0.95,100,96,1.0,0.9,6.0,0.033
0.1,0.95,100,97,1.0,0.9,6.0,0.034
0.1,0.95,100,98,1.0,0.9,6.0,0.047999
0.1,0.95,100,99,1.0,0.9,6.0,0.0435
0.1,0.95,500,0,1.0,0.9,6.0,0.070001
0.1,0.95,500,1,1.0,0.9,6.0,0.071999
0.1,0.95,500,2,1.0,0.9,6.0,0.078
0.1,0.95,500,3,1.0,0.9,6.0,0.075503
0.1,0.95,500,4,1.0,0.9,6.0,0.075497
0.1,0.95,500,5,1.0,0.9,6.0,0.073002
0.1,0.95,500,6,1.0,0.9,6.0,0.077999
0.1,0.95,500,7,1.0,0.9,6.0,0.0705
0.1,0.95,500,8,1.0,0.9,6.0,0.073001
0.1,0.95,500,9,1.0,0.9,6.0,0.081
0.1,0.95,500,10,1.0,0.9,6.0,0.087998
0.1,0.95,500,11,1.0,0.9,6.0,0.073501
0.1,0.95,500,12,1.0,0.9,6.0,0.0815
0.1,0.95,500,13,1.0,0.9,6.0,0.081499
0.1,0.95,500,14,1.0,0.9,6.0,0.076
0.1,0.95,500,15,1.0,0.9,6.0,0.075
0.1,0.95,500,16,1.0,0.9,6.0,0.082501
0.1,0.95,500,17,1.0,0.9,6.0,0.075999
0.1,0.95,500,18,1.0,0.9,6.0,0.083501
0.1,0.95,500,19,1.0,0.9,6.0,0.077502
0.1,0.95,500,20,1.0,0.9,6.0,0.077497
0.1,0.95,500,21,1.0,0.9,6.0,0.070999
0.1,0.95,500,22,1.0,0.9,6.0,0.072502
0.1,0.95,500,23,1.0,0.9,6.0,0.073998
0.1,0.95,500,24,1.0,0.9,6.0,0.071501
0.1,0.95,500,25,1.0,0.9,6.0,0.093999
0.1,0.95,500,26,1.0,0.9,6.0,0.072501
0.1,0.95,500,27,1.0,0.9,6.0,0.074998
0.1,0.95,500,28,1.0,0.9,6.0,0.072501
0.1,0.95,500,29,1.0,0.9,6.0,0.075
0.1,0.95,500,30,1.0,0.9,6.0,0.071999
0.1,0.95,500,31,1.0,0.9,6.0,0.0755
0.1,0.95,500,32,1.0,0.9,6.0,0.074001
0.1,0.95,500,33,1.0,0.9,6.0,0.075091
0.1,0.95,500,34,1.0,0.9,6.0,0.074409
0.1,0.95,500,35,1.0,0.9,6.0,0.081999
0.1,0.95,500,36,1.0,0.9,6.0,0.086501
0.1,0.95,500,37,1.0,0.9,6.0,0.0745
0.1,0.95,500,38,1.0,0.9,6.0,0.079
0.1,0.95,500,39,1.0,0.9,6.0,0.0775
0.1,0.95,500,40,1.0,0.9,6.0,0.08
0.1,0.95,500,41,1.0,0.9,6.0,0.078002
0.1,0.95,500,42,1.0,0.9,6.0,0.069999
0.1,0.95,500,43,1.0,0.9,6.0,0.076999
0.1,0.95,500,44,1.0,0.9,6.0,0.071499
0.1,0.95,500,45,1.0,0.9,6.0,0.071002
0.1,0.95,500,46,1.0,0.9,6.0,0.076
0.1,0.95,500,47,1.0,0.9,6.0,0.073499
0.1,0.95,500,48,1.0,0.9,6.0,0.085001
0.1,0.95,500,49,1.0,0.9,6.0,0.080002
0.1,0.95,500,50,1.0,0.9,6.0,0.076497
0.1,0.95,500,51,1.0,0.9,6.0,0.075001
0.1,0.95,500,52,1.0,0.9,6.0,0.069
0.1,0.95,500,53,1.0,0.9,6.0,0.072502
0.1,0.95,500,54,1.0,0.9,6.0,0.069498
0.1,0.95,500,55,1.0,0.9,6.0,0.072
0.1,0.95,500,56,1.0,0.9,6.0,0.071
0.1,0.95,500,57,1.0,0.9,6.0,0.071
0.1,0.95,500,58,1.0,0.9,6.0,0.074499
0.1,0.95,500,59,1.0,0.9,6.0,0.075501
0.1,0.95,500,60,1.0,0.9,6.0,0.075
0.1,0.95,500,61,1.0,0.9,6.0,0.073
0.1,0.95,500,62,1.0,0.9,6.0,0.08
0.1,0.95,500,63,1.0,0.9,6.0,0.085002
0.1,0.95,500,64,1.0,0.9,6.0,0.082499
0.1,0.95,500,65,1.0,0.9,6.0,0.079999
0.1,0.95,500,66,1.0,0.9,6.0,0.084
0.1,0.95,500,67,1.0,0.9,6.0,0.077999
0.1,0.95,500,68,1.0,0.9,6.0,0.077003
0.1,0.95,500,69,1.0,0.9,6.0,0.085997
0.1,0.95,500,70,1.0,0.9,6.0,0.079004
0.1,0.95,500,71,1.0,0.9,6.0,0.0805
0.1,0.95,500,72,1.0,0.9,6.0,0.0795
0.1,0.95,500,73,1.0,0.9,6.0,0.083002
0.1,0.95,500,74,1.0,0.9,6.0,0.079997
0.1,0.95,500,75,1.0,0.9,6.0,0.082002
0.1,0.95,500,76,1.0,0.9,6.0,0.074497
0.1,0.95,500,77,1.0,0.9,6.0,0.0695
0.1,0.95,500,78,1.0,0.9,6.0,0.0765
0.1,0.95,500,79,1.0,0.9,6.0,0.079501
0.1,0.95,500,80,1.0,0.9,6.0,0.075
0.1,0.95,500,81,1.0,0.9,6.0,0.076001
0.1,0.95,500,82,1.0,0.9,6.0,0.070001
0.1,0.95,500,83,1.0,0.9,6.0,0.075998
0.1,0.95,500,84,1.0,0.9,6.0,0.073
0.1,0.95,500,85,1.0,0.9,6.0,0.073499
0.1,0.95,500,86,1.0,0.9,6.0,0.075501
0.1,0.95,500,87,1.0,0.9,6.0,0.078499
0.1,0.95,500,88,1.0,0.9,6.0,0.0805
0.1,0.95,500,89,1.0,0.9,6.0,0.082502
0.1,0.95,500,90,1.0,0.9,6.0,0.081497
0.1,0.95,500,91,1.0,0.9,6.0,0.078002
0.1,0.95,500,92,1.0,0.9,6.0,0.083
0.1,0.95,500,93,1.0,0.9,6.0,0.079
0.1,0.95,500,94,1.0,0.9,6.0,0.077498
0.1,0.95,500,95,1.0,0.9,6.0,0.082501
0.1,0.95,500,96,1.0,0.9,6.0,0.085999
0.1,0.95,500,97,1.0,0.9,6.0,0.09
0.1,0.95,500,98,1.0,0.9,6.0,0.090499
0.1,0.95,500,99,1.0,0.9,6.0,0.0955
0.1,0.95,2000,0,1.0,0.9,6.0,0.318501
0.1,0.95,2000,1,1.0,0.9,6.0,0.288
0.1,0.95,2000,2,1.0,0.9,6.0,0.287
0.1,0.95,2000,3,1.0,0.9,6.0,0.254
0.1,0.95,2000,4,1.0,0.9,6.0,0.261999
0.1,0.95,2000,5,1.0,0.9,6.0,0.2275
0.1,0.95,2000,6,1.0,0.9,6.0,0.2265
0.1,0.95,2000,7,1.0,0.9,6.0,0.240502
0.1,0.95,2000,8,1.0,0.9,6.0,0.248
0.1,0.95,2000,9,1.0,0.9,6.0,0.231
0.1,0.95,2000,10,1.0,0.9,6.0,0.228498
0.1,0.95,2000,11,1.0,0.9,6.0,0.2305
0.1,0.95,2000,12,1.0,0.9,6.0,0.2375
0.1,0.95,2000,13,1.0,0.9,6.0,0.250502
0.1,0.95,2000,14,1.0,0.9,6.0,0.260998
0.1,0.95,2000,15,1.0,0.9,6.0,0.262999
0.1,0.95,2000,16,1.0,0.9,6.0,0.24
0.1,0.95,2000,17,1.0,0.9,6.0,0.230002
0.1,0.95,2000,18,1.0,0.9,6.0,0.233998
0.1,0.95,2000,19,1.0,0.9,6.0,0.235501
0.1,0.95,2000,20,1.0,0.9,6.0,0.253999
0.1,0.95,2000,21,1.0,0.9,6.0,0.2545
0.1,0.95,2000,22,1.0,0.9,6.0,0.249499
0.1,0.95,2000,23,1.0,0.9,6.0,0.254501
0.1,0.95,2000,24,1.0,0.9,6.0,0.253001
0.1,0.95,2000,25,1.0,0.9,6.0,0.251
0.1,0.95,2000,26,1.0,0.9,6.0,0.2525
0.1,0.95,2000,27,1.0,0.9,6.0,0.2505
0.1,0.95,2000,28,1.0,0.9,6.0,0.247999
0.1,0.95,2000,29,1.0,0.9,6.0,0.2455
0.1,0.95,2000,30,1.0,0.9,6.0,0.2505
0.1,0.95,2000,31,1.0,0.9,6.0,0.245
0.1,0.95,2000,32,1.0,0.9,6.0,0.2465
0.1,0.95,2000,33,1.0,0.9,6.0,0.247499
0.1,0.95,2000,34,1.0,0.9,6.0,0.2665
0.1,0.95,2000,35,1.0,0.9,6.0,0.244001
0.1,0.95,2000,36,1.0,0.9,6.0,0.253088
0.1,0.95,2000,37,1.0,0.9,6.0,0.2415
0.1,0.95,2000,38,1.0,0.9,6.0,0.242502
0.1,0.95,2000,39,1.0,0.9,6.0,0.224998
0.1,0.95,2000,40,1.0,0.9,6.0,0.248001
0.1,0.95,2000,41,1.0,0.9,6.0,0.227999
0.1,0.95,2000,42,1.0,0.9,6.0,0.236499
0.1,0.95,2000,43,1.0,0.9,6.0,0.223999
0.1,0.95,2000,44,1.0,0.9,6.0,0.233002
0.1,0.95,2000,45,1.0,0.9,6.0,0.245
0.1,0.95,2000,46,1.0,0.9,6.0,0.2245
0.1,0.95,2000,47,1.0,0.9,6.0,0.233999
0.1,0.95,2000,48,1.0,0.9,6.0,0.286001
0.1,0.95,2000,49,1.0,0.9,6.0,0.25
0.1,0.95,2000,50,1.0,0.9,6.0,0.2505
0.1,0.95,2000,51,1.0,0.9,6.0,0.257999
0.1,0.95,2000,52,1.0,0.9,6.0,0.25
0.1,0.95,2000,53,1.0,0.9,6.0,0.234997
0.1,0.95,2000,54,1.0,0.9,6.0,0.237001
0.1,0.95,2000,55,1.0,0.9,6.0,0.233999
0.1,0.95,2000,56,1.0,0.9,6.0,0.233003
0.1,0.95,2000,57,1.0,0.9,6.0,0.234
0.1,0.95,2000,58,1.0,0.9,6.0,0.224
0.1,0.95,2000,59,1.0,0.9,6.0,0.25
0.1,0.95,2000,60,1.0,0.9,6.0,0.261002
0.1,0.95,2000,61,1.0,0.9,6.0,0.246997
0.1,0.95,2000,62,1.0,0.9,6.0,0.223504
0.1,0.95,2000,63,1.0,0.9,6.0,0.225497
0.1,0.95,2000,64,1.0,0.9,6.0,0.233501
0.1,0.95,2000,65,1.0,0.9,6.0,0.240499
0.1,0.95,2000,66,1.0,0.9,6.0,0.2375
0.1,0.95,2000,67,1.0,0.9,6.0,0.227001
0.1,0.95,2000,68,1.0,0.9,6.0,0.224499
0.1,0.95,2000,69,1.0,0.9,6.0,0.246999
0.1,0.95,2000,70,1.0,0.9,6.0,0.243002
0.1,0.95,2000,71,1.0,0.9,6.0,0.227999
0.1,0.95,2000,72,1.0,0.9,6.0,0.226498
0.1,0.95,2000,73,1.0,0.9,6.0,0.221
0.1,0.95,2000,74,1.0,0.9,6.0,0.23
0.1,0.95,2000,75,1.0,0.9,6.0,0.295999
0.1,0.95,2000,76,1.0,0.9,6.0,0.233501
0.1,0.95,2000,77,1.0,0.9,6.0,0.2225
0.1,0.95,2000,78,1.0,0.9,6.0,0.2415
0.1,0.95,2000,79,1.0,0.9,6.0,0.2365
0.1,0.95,2000,80,1.0,0.9,6.0,0.231503
0.1,0.95,2000,81,1.0,0.9,6.0,0.237998
0.1,0.95,2000,82,1.0,0.9,6.0,0.2335
0.1,0.95,2000,83,1.0,0.9,6.0,0.226
0.1,0.95,2000,84,1.0,0.9,6.0,0.213498
0.1,0.95,2000,85,1.0,0.9,6.0,0.2295
0.1,0.95,2000,86,1.0,0.9,6.0,0.222501
0.1,0.95,2000,87,1.0,0.9,6.0,0.250499
0.1,0.95,2000,88,1.0,0.9,6.0,0.247
0.1,0.95,2000,89,1.0,0.9,6.0,0.2155
0.1,0.95,2000,90,1.0,0.9,6.0,0.226502
0.1,0.95,2000,91,1.0,0.9,6.0,0.230998
0.1,0.95,2000,92,1.0,0.9,6.0,0.2255
0.1,0.95,2000,93,1.0,0.9,6.0,0.239002
0.1,0.95,2000,94,1.0,0.9,6.0,0.221498
0.1,0.95,2000,95,1.0,0.9,6.0,0.235001
0.1,0.95,2000,96,1.0,0.9,6.0,0.230001
0.1,0.95,2000,97,1.0,0.9,6.0,0.247498
0.1,0.95,2000,98,1.0,0.9,6.0,0.231499
0.1,0.95,2000,99,1.0,0.9,6.0,0.231501
0.1,0.99,20,0,0.0,-1.0,50.0,0.203501
0.1,0.99,20,1,0.0,-1.0,50.0,0.196499
0.1,0.99,20,2,0.0,-1.0,50.0,0.199001
0.1,0.99,20,3,0.0,-1.0,50.0,0.1965
0.1,0.99,20,4,0.0,-1.0,50.0,0.199002
0.1,0.99,20,5,0.0,-1.0,50.0,0.198998
0.1,0.99,20,6,0.0,-1.0,50.0,0.200003
0.1,0.99,20,7,0.0,-1.0,50.0,0.206997
0.1,0.99,20,8,0.0,-1.0,50.0,0.213
0.1,0.99,20,9,0.0,-1.0,50.0,0.226001
0.1,0.99,20,10,0.0,-1.0,50.0,0.217002
0.1,0.99,20,11,0.0,-1.0,50.0,0.212998
0.1,0.99,20,12,0.0,-1.0,50.0,0.202502
0.1,0.99,20,13,0.0,-1.0,50.0,0.1975
0.1,0.99,20,14,0.0,-1.0,50.0,0.201502
0.1,0.99,20,15,0.0,-1.0,50.0,0.195001
0.1,0.99,20,16,0.0,-1.0,50.0,0.1995
0.1,0.99,20,17,0.0,-1.0,50.0,0.212497
0.1,0.99,20,18,0.0,-1.0,50.0,0.219501
0.1,0.99,20,19,0.0,-1.0,50.0,0.201001
0.1,0.99,20,20,0.0,-1.0,50.0,0.204
0.1,0.99,20,21,0.0,-1.0,50.0,0.215498
0.1,0.99,20,22,0.0,-1.0,50.0,0.2315
0.1,0.99,20,23,0.0,-1.0,50.0,0.253001
0.1,0.99,20,24,0.0,-1.0,50.0,0.254
0.1,0.99,20,25,0.0,-1.0,50.0,0.223507
0.1,0.99,20,26,0.0,-1.0,50.0,0.2095
0.1,0.99,20,27,0.0,-1.0,50.0,0.197498
0.1,0.99,20,28,0.0,-1.0,50.0,0.205001
0.1,0.99,20,29,0.0,-1.0,50.0,0.202002
0.1,0.99,20,30,0.0,-1.0,50.0,0.197496
0.1,0.99,20,31,0.0,-1.0,50.0,0.194001
0.1,0.99,20,32,0.0,-1.0,50.0,0.194
0.1,0.99,20,33,1.0,0.9,6.0,0.027501
0.1,0.99,20,34,0.0,-1.0,50.0,0.210502
0.1,0.99,20,35,0.0,-1.0,50.0,0.218606
0.1,0.99,20,36,1.0,0.9,6.0,0.034394
0.1,0.99,20,37,0.0,-1.0,50.0,0.201501
0.1,0.99,20,38,0.0,-1.0,50.0,0.199499
0.1,0.99,20,39,0.0,-1.0,50.0,0.201499
0.1,0.99,20,40,0.0,-1.0,50.0,0.2
0.1,0.99,20,41,0.0,-1.0,50.0,0.2055
0.1,0.99,20,42,0.0,-1.0,50.0,0.203
0.1,0.99,20,43,0.0,-1.0,50.0,0.204
0.1,0.99,20,44,0.0,-1.0,50.0,0.2015
0.1,0.99,20,45,0.0,-1.0,50.0,0.1905
0.1,0.99,20,46,0.0,-1.0,50.0,0.208502
0.1,0.99,20,47,0.0,-1.0,50.0,0.213999
0.1,0.99,20,48,0.0,-1.0,50.0,0.1975
0.1,0.99,20,49,0.0,-1.0,50.0,0.200002
0.1,0.99,20,50,0.0,-1.0,50.0,0.198498
0.1,0.99,20,51,0.0,-1.0,50.0,0.1975
0.1,0.99,20,52,0.0,-1.0,50.0,0.1985
0.1,0.99,20,53,0.0,-1.0,50.0,0.193999
0.1,0.99,20,54,0.0,-1.0,50.0,0.216001
0.1,0.99,20,55,0.0,-1.0,50.0,0.203
0.1,0.99,20,56,0.0,-1.0,50.0,0.197001
0.1,0.99,20,57,1.0,0.9,6.0,0.0295
0.1,0.99,20,58,0.0,-1.0,50.0,0.193498
0.1,0.99,20,59,0.0,-1.0,50.0,0.198
0.1,0.99,20,60,0.0,-1.0,50.0,0.2085
0.1,0.99,20,61,1.0,0.9,6.0,0.028502
0.1,0.99,20,62,0.0,-1.0,50.0,0.199499
0.1,0.99,20,63,0.0,-1.0,50.0,0.194001
0.1,0.99,20,64,0.0,-1.0,50.0,0.200999
0.1,0.99,20,65,0.0,-1.0,50.0,0.1995
0.1,0.99,20,66,0.0,-1.0,50.0,0.2035
0.1,0.99,20,67,0.0,-1.0,50.0,0.198501
0.1,0.99,20,68,0.0,-1.0,50.0,0.1945
0.1,0.99,20,69,0.0,-1.0,50.0,0.189499
0.1,0.99,20,70,0.0,-1.0,50.0,0.198008
0.1,0.99,20,71,0.0,-1.0,50.0,0.206493
0.1,0.99,20,72,0.0,-1.0,50.0,0.191001
0.1,0.99,20,73,0.0,-1.0,50.0,0.206999
0.1,0.99,20,74,0.0,-1.0,50.0,0.196501
0.1,0.99,20,75,0.0,-1.0,50.0,0.196
0.1,0.99,20,76,0.0,-1.0,50.0,0.200999
0.1,0.99,20,77,0.0,-1.0,50.0,0.196503
0.1,0.99,20,78,0.0,-1.0,50.0,0.198997
0.1,0.99,20,79,1.0,0.9,6.0,0.027001
0.1,0.99,20,80,1.0,0.9,6.0,0.027998
0.1,0.99,20,81,0.0,-1.0,50.0,0.196001
0.1,0.99,20,82,0.0,-1.0,50.0,0.1975
0.1,0.99,20,83,0.0,-1.0,50.0,0.2015
0.1,0.99,20,84,0.0,-1.0,50.0,0.192001
0.1,0.99,20,85,0.0,-1.0,50.0,0.202499
0.1,0.99,20,86,0.0,-1.0,50.0,0.193499
0.1,0.99,20,87,0.0,-1.0,50.0,0.197502
0.1,0.99,20,88,0.0,-1.0,50.0,0.206501
0.1,0.99,20,89,0.0,-1.0,50.0,0.193999
0.1,0.99,20,90,0.0,-1.0,50.0,0.197498
0.1,0.99,20,91,0.0,-1.0,50.0,0.191001
0.1,0.99,20,92,0.0,-1.0,50.0,0.2215
0.1,0.99,20,93,0.0,-1.0,50.0,0.2285
0.1,0.99,20,94,0.0,-1.0,50.0,0.2305
0.1,0.99,20,95,0.0,-1.0,50.0,0.215538
0.1,0.99,20,96,0.0,-1.0,50.0,0.198001
0.1,0.99,20,97,0.0,-1.0,50.0,0.2125
0.1,0.99,20,98,0.0,-1.0,50.0,0.2075
0.1,0.99,20,99,0.0,-1.0,50.0,0.195501
0.1,0.99,100,0,1.0,0.9,6.0,0.034502
0.1,0.99,100,1,1.0,0.9,6.0,0.035998
0.1,0.99,100,2,1.0,0.9,6.0,0.034499
0.1,0.99,100,3,1.0,0.9,6.0,0.0375
0.1,0.99,100,4,1.0,0.9,6.0,0.0345
0.1,0.99,100,5,1.0,0.9,6.0,0.034498
0.1,0.99,100,6,1.0,0.9,6.0,0.039004
0.1,0.99,100,7,1.0,0.9,6.0,0.031998
0.1,0.99,100,8,1.0,0.9,6.0,0.034999
0.1,0.99,100,9,1.0,0.9,6.0,0.037501
0.1,0.99,100,10,1.0,0.9,6.0,0.037995
0.1,0.99,100,11,1.0,0.9,6.0,0.036003
0.1,0.99,100,12,1.0,0.9,6.0,0.035498
0.1,0.99,100,13,1.0,0.9,6.0,0.032501
0.1,0.99,100,14,1.0,0.9,6.0,0.031999
0.1,0.99,100,15,1.0,0.9,6.0,0.037502
0.1,0.99,100,16,1.0,0.9,6.0,0.033998
0.1,0.99,100,17,1.0,0.9,6.0,0.039001
0.1,0.99,100,18,1.0,0.9,6.0,0.037999
0.1,0.99,100,19,1.0,0.9,6.0,0.038001
0.1,0.99,100,20,1.0,0.9,6.0,0.0375
0.1,0.99,100,21,1.0,0.9,6.0,0.033501
0.1,0.99,100,22,1.0,0.9,6.0,0.034999
0.1,0.99,100,23,1.0,0.9,6.0,0.031497
0.1,0.99,100,24,1.0,0.9,6.0,0.035002
0.1,0.99,100,25,1.0,0.9,6.0,0.032999
0.1,0.99,100,26,1.0,0.9,6.0,0.036999
0.1,0.99,100,27,1.0,0.9,6.0,0.035999
0.1,0.99,100,28,1.0,0.9,6.0,0.034499
0.1,0.99,100,29,1.0,0.9,6.0,0.034501
0.1,0.99,100,30,1.0,0.9,6.0,0.031999
0.1,0.99,100,31,1.0,0.9,6.0,0.037502
0.1,0.99,100,32,1.0,0.9,6.0,0.039999
0.1,0.99,100,33,1.0,0.9,6.0,0.039499
0.1,0.99,100,34,1.0,0.9,6.0,0.036502
0.1,0.99,100,35,1.0,0.9,6.0,0.040998
0.1,0.99,100,36,1.0,0.9,6.0,0.037999
0.1,0.99,100,37,1.0,0.9,6.0,0.038502
0.1,0.99,100,38,1.0,0.9,6.0,0.040999
0.1,0.99,100,39,1.0,0.9,6.0,0.034998
0.1,0.99,100,40,1.0,0.9,6.0,0.035
0.1,0.99,100,41,1.0,0.9,6.0,0.0325
0.1,0.99,100,42,1.0,0.9,6.0,0.032501
0.1,0.99,100,43,1.0,0.9,6.0,0.032001
0.1,0.99,100,44,1.0,0.9,6.0,0.031501
0.1,0.99,100,45,1.0,0.9,6.0,0.037499
0.1,0.99,100,46,1.0,0.9,6.0,0.039013
0.1,0.99,100,47,1.0,0.9,6.0,0.034989
0.1,0.99,100,48,1.0,0.9,6.0,0.034001
0.1,0.99,100,49,1.0,0.9,6.0,0.033998
0.1,0.99,100,50,1.0,0.9,6.0,0.031999
0.1,0.99,100,51,1.0,0.9,6.0,0.033502
0.1,0.99,100,52,1.0,0.9,6.0,0.034501
0.1,0.99,100,53,1.0,0.9,6.0,0.034497
0.1,0.99,100,54,1.0,0.9,6.0,0.035001
0.1,0.99,100,55,1.0,0.9,6.0,0.035499
0.1,0.99,100,56,1.0,0.9,6.0,0.0335
0.1,0.99,100,57,1.0,0.9,6.0,0.0365
0.1,0.99,100,58,1.0,0.9,6.0,0.035001
0.1,0.99,100,59,1.0,0.9,6.0,0.033002
0.1,0.99,100,60,1.0,0.9,6.0,0.036499
0.1,0.99,100,61,1.0,0.9,6.0,0.033499
0.1,0.99,100,62,1.0,0.9,6.0,0.0335
0.1,0.99,100,63,1.0,0.9,6.0,0.035999
0.1,0.99,100,64,1.0,0.9,6.0,0.033498
0.1,0.99,100,65,1.0,0.9,6.0,0.035001
0.1,0.99,100,66,1.0,0.9,6.0,0.031499
0.1,0.99,100,67,1.0,0.9,6.0,0.034
0.1,0.99,100,68,1.0,0.9,6.0,0.033501
0.1,0.99,100,69,1.0,0.9,6.0,0.032499
0.1,0.99,100,70,1.0,0.9,6.0,0.035
0.1,0.99,100,71,1.0,0.9,6.0,0.032501
0.1,0.99,100,72,1.0,0.9,6.0,0.034003
0.1,0.99,100,73,1.0,0.9,6.0,0.0315
0.1,0.99,100,74,1.0,0.9,6.0,0.051004
0.1,0.99,100,75,1.0,0.9,6.0,0.050117
0.1,0.99,100,76,1.0,0.9,6.0,0.04438
0.1,0.99,100,77,1.0,0.9,6.0,0.048501
0.1,0.99,100,78,1.0,0.9,6.0,0.036999
0.1,0.99,100,79,1.0,0.9,6.0,0.0405
0.1,0.99,100,80,1.0,0.9,6.0,0.038001
0.1,0.99,100,81,1.0,0.9,6.0,0.0305
0.1,0.99,100,82,1.0,0.9,6.0,0.036499
0.1,0.99,100,83,1.0,0.9,6.0,0.031093
0.1,0.99,100,84,1.0,0.9,6.0,0.033497
0.1,0.99,100,85,1.0,0.9,6.0,0.034501
0.1,0.99,100,86,1.0,0.9,6.0,0.033499
0.1,0.99,100,87,1.0,0.9,6.0,0.0365
0.1,0.99,100,88,1.0,0.9,6.0,0.034502
0.1,0.99,100,89,1.0,0.9,6.0,0.036
0.1,0.99,100,90,1.0,0.9,6.0,0.035
0.1,0.99,100,91,1.0,0.9,6.0,0.032499
0.1,0.99,100,92,1.0,0.9,6.0,0.034002
0.1,0.99,100,93,1.0,0.9,6.0,0.034498
0.1,0.99,100,94,1.0,0.9,6.0,0.034001
0.1,0.99,100,95,1.0,0.9,6.0,0.0345
0.1,0.99,100,96,1.0,0.9,6.0,0.034499
0.1,0.99,100,97,1.0,0.9,6.0,0.031
0.1,0.99,100,98,1.0,0.9,6.0,0.034502
0.1,0.99,100,99,1.0,0.9,6.0,0.034001
0.1,0.99,500,0,1.0,0.9,6.0,0.071499
0.1,0.99,500,1,1.0,0.9,6.0,0.077499
0.1,0.99,500,2,1.0,0.9,6.0,0.074001
0.1,0.99,500,3,1.0,0.9,6.0,0.075499
0.1,0.99,500,4,1.0,0.9,6.0,0.073
0.1,0.99,500,5,1.0,0.9,6.0,0.074
0.1,0.99,500,6,1.0,0.9,6.0,0.0755
0.1,0.99,500,7,1.0,0.9,6.0,0.074999
0.1,0.99,500,8,1.0,0.9,6.0,0.076501
0.1,0.99,500,9,1.0,0.9,6.0,0.08
0.1,0.99,500,10,1.0,0.9,6.0,0.075499
0.1,0.99,500,11,1.0,0.9,6.0,0.069
0.1,0.99,500,12,1.0,0.9,6.0,0.0765
0.1,0.99,500,13,1.0,0.9,6.0,0.071498
0.1,0.99,500,14,1.0,0.9,6.0,0.0825
0.1,0.99,500,15,1.0,0.9,6.0,0.072
0.1,0.99,500,16,1.0,0.9,6.0,0.069
0.1,0.99,500,17,1.0,0.9,6.0,0.078
0.1,0.99,500,18,1.0,0.9,6.0,0.073
0.1,0.99,500,19,1.0,0.9,6.0,0.0795
0.1,0.99,500,20,1.0,0.9,6.0,0.0755
0.1,0.99,500,21,1.0,0.9,6.0,0.074
0.1,0.99,500,22,1.0,0.9,6.0,0.0725
0.1,0.99,500,23,1.0,0.9,6.0,0.073001
0.1,0.99,500,24,1.0,0.9,6.0,0.0835
0.1,0.99,500,25,1.0,0.9,6.0,0.075999
0.1,0.99,500,26,1.0,0.9,6.0,0.072001
0.1,0.99,500,27,1.0,0.9,6.0,0.074
0.1,0.99,500,28,1.0,0.9,6.0,0.072001
0.1,0.99,500,29,1.0,0.9,6.0,0.074002
0.1,0.99,500,30,1.0,0.9,6.0,0.073998
0.1,0.99,500,31,1.0,0.9,6.0,0.072501
0.1,0.99,500,32,1.0,0.9,6.0,0.067501
0.1,0.99,500,33,1.0,0.9,6.0,0.071999
0.1,0.99,500,34,1.0,0.9,6.0,0.074501
0.1,0.99,500,35,1.0,0.9,6.0,0.071502
0.1,0.99,500,36,1.0,0.9,6.0,0.072999
0.1,0.99,500,37,1.0,0.9,6.0,0.078498
0.1,0.99,500,38,1.0,0.9,6.0,0.079501
0.1,0.99,500,39,1.0,0.9,6.0,0.070499
0.1,0.99,500,40,1.0,0.9,6.0,0.072002
0.1,0.99,500,41,1.0,0.9,6.0,0.084
0.1,0.99,500,42,1.0,0.9,6.0,0.071
0.1,0.99,500,43,1.0,0.9,6.0,0.0755
0.1,0.99,500,44,1.0,0.9,6.0,0.0705
0.1,0.99,500,45,1.0,0.9,6.0,0.074
0.1,0.99,500,46,1.0,0.9,6.0,0.08
0.1,0.99,500,47,1.0,0.9,6.0,0.072002
0.1,0.99,500,48,1.0,0.9,6.0,0.079998
0.1,0.99,500,49,1.0,0.9,6.0,0.074001
0.1,0.99,500,50,1.0,0.9,6.0,0.078
0.1,0.99,500,51,1.0,0.9,6.0,0.079999
0.1,0.99,500,52,1.0,0.9,6.0,0.0715
0.1,0.99,500,53,1.0,0.9,6.0,0.0805
0.1,0.99,500,54,1.0,0.9,6.0,0.075
0.1,0.99,500,55,1.0,0.9,6.0,0.074001
0.1,0.99,500,56,1.0,0.9,6.0,0.070001
0.1,0.99,500,57,1.0,0.9,6.0,0.074499
0.1,0.99,500,58,1.0,0.9,6.0,0.075999
0.1,0.99,500,59,1.0,0.9,6.0,0.075
0.1,0.99,500,60,1.0,0.9,6.0,0.075
0.1,0.99,500,61,1.0,0.9,6.0,0.0735
0.1,0.99,500,62,1.0,0.9,6.0,0.070499
0.1,0.99,500,63,1.0,0.9,6.0,0.072581
0.1,0.99,500,64,1.0,0.9,6.0,0.07342
0.1,0.99,500,65,1.0,0.9,6.0,0.072499
0.1,0.99,500,66,1.0,0.9,6.0,0.075499
0.1,0.99,500,67,1.0,0.9,6.0,0.072
0.1,0.99,500,68,1.0,0.9,6.0,0.0785
0.1,0.99,500,69,1.0,0.9,6.0,0.071499
0.1,0.99,500,70,1.0,0.9,6.0,0.072
0.1,0.99,500,71,1.0,0.9,6.0,0.075999
0.1,0.99,500,72,1.0,0.9,6.0,0.075
0.1,0.99,500,73,1.0,0.9,6.0,0.076501
0.1,0.99,500,74,1.0,0.9,6.0,0.074002
0.1,0.99,500,75,1.0,0.9,6.0,0.071499
0.1,0.99,500,76,1.0,0.9,6.0,0.070499
0.1,0.99,500,77,1.0,0.9,6.0,0.068501
0.1,0.99,500,78,1.0,0.9,6.0,0.076998
0.1,0.99,500,79,1.0,0.9,6.0,0.074503
0.1,0.99,500,80,1.0,0.9,6.0,0.073998
0.1,0.99,500,81,1.0,0.9,6.0,0.077
0.1,0.99,500,82,1.0,0.9,6.0,0.074499
0.1,0.99,500,83,1.0,0.9,6.0,0.0725
0.1,0.99,500,84,1.0,0.9,6.0,0.071501
0.1,0.99,500,85,1.0,0.9,6.0,0.073999
0.1,0.99,500,86,1.0,0.9,6.0,0.078498
0.1,0.99,500,87,1.0,0.9,6.0,0.084503
0.1,0.99,500,88,1.0,0.9,6.0,0.075498
0.1,0.99,500,89,1.0,0.9,6.0,0.072998
0.1,0.99,500,90,1.0,0.9,6.0,0.071502
0.1,0.99,500,91,1.0,0.9,6.0,0.066
0.1,0.99,500,92,1.0,0.9,6.0,0.075501
0.1,0.99,500,93,1.0,0.9,6.0,0.072999
0.1,0.99,500,94,1.0,0.9,6.0,0.072
0.1,0.99,500,95,1.0,0.9,6.0,0.087001
0.1,0.99,500,96,1.0,0.9,6.0,0.074999
0.1,0.99,500,97,1.0,0.9,6.0,0.075502
0.1,0.99,500,98,1.0,0.9,6.0,0.067999
0.1,0.99,500,99,1.0,0.9,6.0,0.069997
0.1,0.99,2000,0,1.0,0.9,6.0,0.229501
0.1,0.99,2000,1,1.0,0.9,6.0,0.2295
0.1,0.99,2000,2,1.0,0.9,6.0,0.234167
0.1,0.99,2000,3,1.0,0.9,6.0,0.2515
0.1,0.99,2000,4,1.0,0.9,6.0,0.231501
0.1,0.99,2000,5,1.0,0.9,6.0,0.228998
0.1,0.99,2000,6,1.0,0.9,6.0,0.228
0.1,0.99,2000,7,1.0,0.9,6.0,0.236001
0.1,0.99,2000,8,1.0,0.9,6.0,0.234001
0.1,0.99,2000,9,1.0,0.9,6.0,0.228501
0.1,0.99,2000,10,1.0,0.9,6.0,0.234999
0.1,0.99,2000,11,1.0,0.9,6.0,0.224499
0.1,0.99,2000,12,1.0,0.9,6.0,0.233002
0.1,0.99,2000,13,1.0,0.9,6.0,0.2245
0.1,0.99,2000,14,1.0,0.9,6.0,0.222499
0.1,0.99,2000,15,1.0,0.9,6.0,0.238002
0.1,0.99,2000,16,1.0,0.9,6.0,0.223998
0.1,0.99,2000,17,1.0,0.9,6.0,0.25
0.1,0.99,2000,18,1.0,0.9,6.0,0.2585
0.1,0.99,2000,19,1.0,0.9,6.0,0.243002
0.1,0.99,2000,20,1.0,0.9,6.0,0.219497
0.1,0.99,2000,21,1.0,0.9,6.0,0.233003
0.1,0.99,2000,22,1.0,0.9,6.0,0.235996
0.1,0.99,2000,23,1.0,0.9,6.0,0.222502
0.1,0.99,2000,24,1.0,0.9,6.0,0.231501
0.1,0.99,2000,25,1.0,0.9,6.0,0.222502
0.1,0.99,2000,26,1.0,0.9,6.0,0.232997
0.1,0.99,2000,27,1.0,0.9,6.0,0.2295
0.1,0.99,2000,28,1.0,0.9,6.0,0.223999
0.1,0.99,2000,29,1.0,0.9,6.0,0.223501
0.1,0.99,2000,30,1.0,0.9,6.0,0.229001
0.1,0.99,2000,31,1.0,0.9,6.0,0.224498
0.1,0.99,2000,32,1.0,0.9,6.0,0.2255
0.1,0.99,2000,33,1.0,0.9,6.0,0.216501
0.1,0.99,2000,34,1.0,0.9,6.0,0.230001
0.1,0.99,2000,35,1.0,0.9,6.0,0.218499
0.1,0.99,2000,36,1.0,0.9,6.0,0.225997
0.1,0.99,2000,37,1.0,0.9,6.0,0.229501
0.1,0.99,2000,38,1.0,0.9,6.0,0.222002
0.1,0.99,2000,39,1.0,0.9,6.0,0.247998
0.1,0.99,2000,40,1.0,0.9,6.0,0.231502
0.1,0.99,2000,41,1.0,0.9,6.0,0.230999
0.1,0.99,2000,42,1.0,0.9,6.0,0.227
0.1,0.99,2000,43,1.0,0.9,6.0,0.223001
0.1,0.99,2000,44,1.0,0.9,6.0,0.212499
0.1,0.99,2000,45,1.0,0.9,6.0,0.234001
0.1,0.99,2000,46,1.0,0.9,6.0,0.235499
0.1,0.99,2000,47,1.0,0.9,6.0,0.223001
0.1,0.99,2000,48,1.0,0.9,6.0,0.2345
0.1,0.99,2000,49,1.0,0.9,6.0,0.220003
0.1,0.99,2000,50,1.0,0.9,6.0,0.225997
0.1,0.99,2000,51,1.0,0.9,6.0,0.229
0.1,0.99,2000,52,1.0,0.9,6.0,0.226
0.1,0.99,2000,53,1.0,0.9,6.0,0.2295
0.1,0.99,2000,54,1.0,0.9,6.0,0.226499
0.1,0.99,2000,55,1.0,0.9,6.0,0.227001
0.1,0.99,2000,56,1.0,0.9,6.0,0.2265
0.1,0.99,2000,57,1.0,0.9,6.0,0.230501
0.1,0.99,2000,58,1.0,0.9,6.0,0.226998
0.1,0.99,2000,59,1.0,0.9,6.0,0.230001
0.1,0.99,2000,60,1.0,0.9,6.0,0.218
0.1,0.99,2000,61,1.0,0.9,6.0,0.2385
0.1,0.99,2000,62,1.0,0.9,6.0,0.231999
0.1,0.99,2000,63,1.0,0.9,6.0,0.228003
0.1,0.99,2000,64,1.0,0.9,6.0,0.224499
0.1,0.99,2000,65,1.0,0.9,6.0,0.236498
0.1,0.99,2000,66,1.0,0.9,6.0,0.225002
0.1,0.99,2000,67,1.0,0.9,6.0,0.225999
0.1,0.99,2000,68,1.0,0.9,6.0,0.223501
0.1,0.99,2000,69,1.0,0.9,6.0,0.225499
0.1,0.99,2000,70,1.0,0.9,6.0,0.2295
0.1,0.99,2000,71,1.0,0.9,6.0,0.2245
0.1,0.99,2000,72,1.0,0.9,6.0,0.2355
0.1,0.99,2000,73,1.0,0.9,6.0,0.226003
0.1,0.99,2000,74,1.0,0.9,6.0,0.233497
0.1,0.99,2000,75,1.0,0.9,6.0,0.236001
0.1,0.99,2000,76,1.0,0.9,6.0,0.265
0.1,0.99,2000,77,1.0,0.9,6.0,0.2785
0.1,0.99,2000,78,1.0,0.9,6.0,0.2435
0.1,0.99,2000,79,1.0,0.9,6.0,0.248
0.1,0.99,2000,80,1.0,0.9,6.0,0.247501
0.1,0.99,2000,81,1.0,0.9,6.0,0.2255
0.1,0.99,2000,82,1.0,0.9,6.0,0.2355
0.1,0.99,2000,83,1.0,0.9,6.0,0.232002
0.1,0.99,2000,84,1.0,0.9,6.0,0.228498
0.1,0.99,2000,85,1.0,0.9,6.0,0.2355
0.1,0.99,2000,86,1.0,0.9,6.0,0.232502
0.1,0.99,2000,87,1.0,0.9,6.0,0.222498
0.1,0.99,2000,88,1.0,0.9,6.0,0.223001
0.1,0.99,2000,89,1.0,0.9,6.0,0.293499
0.1,0.99,2000,90,1.0,0.9,6.0,0.2285
0.1,0.99,2000,91,1.0,0.9,6.0,0.222501
0.1,0.99,2000,92,1.0,0.9,6.0,0.228501
0.1,0.99,2000,93,1.0,0.9,6.0,0.234998
0.1,0.99,2000,94,1.0,0.9,6.0,0.216001
0.1,0.99,2000,95,1.0,0.9,6.0,0.234001
0.1,0.99,2000,96,1.0,0.9,6.0,0.221998
0.1,0.99,2000,97,1.0,0.9,6.0,0.237
0.1,0.99,2000,98,1.0,0.9,6.0,0.227002
0.1,0.99,2000,99,1.0,0.9,6.0,0.225499
0.5,0.0,20,0,0.995,0.7044,15.525,0.076502
0.5,0.0,20,1,0.605,-0.1231,37.01,0.178497
0.5,0.0,20,2,0.375,-0.3997,39.11,0.172502
0.5,0.0,20,3,0.0,-1.0,50.0,0.237499
0.5,0.0,20,4,0.47,-0.1947,33.705,0.1485
0.5,0.0,20,5,0.935,0.464,24.485,0.101
0.5,0.0,20,6,0.125,-0.8027,46.51,0.198001
0.5,0.0,20,7,0.0,-1.0,50.0,0.227
0.5,0.0,20,8,0.31,-0.4665,39.135,0.162
0.5,0.0,20,9,0.0,-1.0,50.0,0.206001
0.5,0.0,20,10,0.0,-1.0,50.0,0.205499
0.5,0.0,20,11,0.0,-1.0,50.0,0.1985
0.5,0.0,20,12,1.0,0.6641,17.795,0.074501
0.5,0.0,20,13,0.0,-1.0,50.0,0.200501
0.5,0.0,20,14,0.995,0.6896,16.265,0.07
0.5,0.0,20,15,0.53,-0.1075,32.405,0.134501
0.5,0.0,20,16,0.0,-1.0,50.0,0.196499
0.5,0.0,20,17,0.865,0.3051,28.86,0.117001
0.5,0.0,20,18,0.0,-1.0,50.0,0.198
0.5,0.0,20,19,0.0,-1.0,50.0,0.199001
0.5,0.0,20,20,0.5,-0.218,36.4,0.154999
0.5,0.0,20,21,0.0,-1.0,50.0,0.201499
0.5,0.0,20,22,0.37,-0.463,42.02,0.168502
0.5,0.0,20,23,0.97,0.5745,20.745,0.088497
0.5,0.0,20,24,0.0,-1.0,50.0,0.198001
0.5,0.0,20,25,0.0,-1.0,50.0,0.2065
0.5,0.0,20,26,0.0,-1.0,50.0,0.213038
0.5,0.0,20,27,0.0,-1.0,50.0,0.203463
0.5,0.0,20,28,0.0,-1.0,50.0,0.202999
0.5,0.0,20,29,0.64,0.0106,32.11,0.133001
0.5,0.0,20,30,0.0,-1.0,50.0,0.199002
0.5,0.0,20,31,0.0,-1.0,50.0,0.200499
0.5,0.0,20,32,0.0,-1.0,50.0,0.2025
0.5,0.0,20,33,0.08,-0.8532,46.74,0.181999
0.5,0.0,20,34,0.0,-1.0,50.0,0.204501
0.5,0.0,20,35,0.0,-1.0,50.0,0.206501
0.5,0.0,20,36,1.0,0.7613,12.935,0.056999
0.5,0.0,20,37,0.0,-1.0,50.0,0.200997
0.5,0.0,20,38,0.0,-1.0,50.0,0.198002
0.5,0.0,20,39,0.495,-0.2066,35.575,0.139997
0.5,0.0,20,40,0.0,-1.0,50.0,0.193
0.5,0.0,20,41,0.52,-0.2181,37.425,0.1555
0.5,0.0,20,42,0.0,-1.0,50.0,0.201501
0.5,0.0,20,43,0.0,-1.0,50.0,0.2015
0.5,0.0,20,44,0.635,-0.0689,35.83,0.144501
0.5,0.0,20,45,0.515,-0.0998,31.255,0.127998
0.5,0.0,20,46,0.0,-1.0,50.0,0.201002
0.5,0.0,20,47,0.975,0.5271,23.37,0.096499
0.5,0.0,20,48,0.0,-1.0,50.0,0.198499
0.5,0.0,20,49,0.0,-1.0,50.0,0.2015
0.5,0.0,20,50,0.0,-1.0,50.0,0.203
0.5,0.0,20,51,0.0,-1.0,50.0,0.203003
0.5,0.0,20,52,0.0,-1.0,50.0,0.195497
0.5,0.0,20,53,0.0,-1.0,50.0,0.2055
0.5,0.0,20,54,0.0,-1.0,50.0,0.210501
0.5,0.0,20,55,0.0,-1.0,50.0,0.195499
0.5,0.0,20,56,0.0,-1.0,50.0,0.202
0.5,0.0,20,57,0.0,-1.0,50.0,0.1975
0.5,0.0,20,58,0.27,-0.5044,38.99,0.164
0.5,0.0,20,59,0.0,-1.0,50.0,0.204001
0.5,0.0,20,60,0.0,-1.0,50.0,0.196501
0.5,0.0,20,61,0.0,-1.0,50.0,0.208
0.5,0.0,20,62,0.105,-0.8238,46.545,0.190501
0.5,0.0,20,63,0.0,-1.0,50.0,0.198499
0.5,0.0,20,64,0.0,-1.0,50.0,0.2005
0.5,0.0,20,65,0.0,-1.0,50.0,0.196499
0.5,0.0,20,66,0.305,-0.4636,38.735,0.162001
0.5,0.0,20,67,0.0,-1.0,50.0,0.206999
0.5,0.0,20,68,0.0,-1.0,50.0,0.191
0.5,0.0,20,69,0.0,-1.0,50.0,0.2045
0.5,0.0,20,70,0.0,-1.0,50.0,0.201499
0.5,0.0,20,71,0.0,-1.0,50.0,0.1975
0.5,0.0,20,72,0.0,-1.0,50.0,0.212001
0.5,0.0,20,73,0.0,-1.0,50.0,0.1965
0.5,0.0,20,74,0.0,-1.0,50.0,0.212999
0.5,0.0,20,75,0.0,-1.0,50.0,0.204503
0.5,0.0,20,76,0.225,-0.6073,41.84,0.160499
0.5,0.0,20,77,0.685,0.1342,28.225,0.130999
0.5,0.0,20,78,0.0,-1.0,50.0,0.249
0.5,0.0,20,79,0.0,-1.0,50.0,0.224499
0.5,0.0,20,80,0.555,-0.1974,38.175,0.159498
0.5,0.0,20,81,0.0,-1.0,50.0,0.202502
0.5,0.0,20,82,0.0,-1.0,50.0,0.2005
0.5,0.0,20,83,0.0,-1.0,50.0,0.192
0.5,0.0,20,84,0.0,-1.0,50.0,0.202501
0.5,0.0,20,85,0.0,-1.0,50.0,0.205501
0.5,0.0,20,86,0.0,-1.0,50.0,0.200498
0.5,0.0,20,87,0.0,-1.0,50.0,0.223
0.5,0.0,20,88,0.94,0.4731,24.285,0.111999
0.5,0.0,20,89,0.0,-1.0,50.0,0.203001
0.5,0.0,20,90,0.58,-0.103,34.73,0.149498
0.5,0.0,20,91,0.595,0.0527,27.71,0.114001
0.5,0.0,20,92,0.0,-1.0,50.0,0.197501
0.5,0.0,20,93,0.0,-1.0,50.0,0.201999
0.5,0.0,20,94,0.965,0.5958,19.425,0.080001
0.5,0.0,20,95,0.07,-0.8734,47.24,0.188998
0.5,0.0,20,96,0.0,-1.0,50.0,0.217501
0.5,0.0,20,97,0.92,0.4321,25.315,0.105502
0.5,0.0,20,98,1.0,0.6696,17.52,0.073998
0.5,0.0,20,99,0.0,-1.0,50.0,0.209502
0.5,0.0,100,0,0.755,0.1466,31.175,0.154998
0.5,0.0,100,1,0.715,0.0774,32.595,0.1595
0.5,0.0,100,2,0.59,-0.0803,34.105,0.163
0.5,0.0,100,3,0.765,0.1577,31.13,0.1525
0.5,0.0,100,4,0.75,0.135,31.5,0.155501
0.5,0.0,100,5,0.365,-0.4571,41.47,0.191502
0.5,0.0,100,6,0.695,0.0606,32.415,0.157498
0.5,0.0,100,7,0.76,0.156,30.96,0.147501
0.5,0.0,100,8,0.325,-0.5235,42.75,0.194999
0.5,0.0,100,9,0.385,-0.418,40.535,0.192
0.5,0.0,100,10,0.735,0.118,31.585,0.149503
0.5,0.0,100,11,0.75,0.1552,30.49,0.152501
0.5,0.0,100,12,0.77,0.1703,30.755,0.158165
0.5,0.0,100,13,0.71,0.095,31.46,0.156837
0.5,0.0,100,14,0.7,0.0334,34.03,0.158998
0.5,0.0,100,15,0.87,0.3669,26.025,0.135502
0.5,0.0,100,16,0.75,0.1484,30.83,0.152501
0.5,0.0,100,17,0.71,0.0818,32.12,0.148998
0.5,0.0,100,18,0.815,0.2333,29.9,0.150001
0.5,0.0,100,19,0.765,0.1457,31.73,0.165
0.5,0.0,100,20,0.73,0.1154,31.46,0.158499
0.5,0.0,100,21,0.33,-0.4954,41.6,0.199499
0.5,0.0,100,22,0.72,0.078,32.82,0.168502
0.5,0.0,100,23,0.745,0.1372,31.135,0.156998
0.5,0.0,100,24,0.8,0.2385,28.875,0.146502
0.5,0.0,100,25,0.865,0.3518,26.525,0.132497
0.5,0.0,100,26,0.825,0.2471,29.72,0.154001
0.5,0.0,100,27,0.75,0.1355,31.475,0.154001
0.5,0.0,100,28,0.4,-0.4048,40.64,0.1875
0.5,0.0,100,29,0.875,0.3584,26.705,0.138998
0.5,0.0,100,30,0.77,0.168,30.87,0.149
0.5,0.0,100,31,0.475,-0.2923,38.84,0.174002
0.5,0.0,100,32,0.755,0.1526,30.875,0.1565
0.5,0.0,100,33,0.765,0.1711,30.46,0.146499
0.5,0.0,100,34,0.795,0.1924,30.925,0.1505
0.5,0.0,100,35,0.73,0.1125,31.605,0.152503
0.5,0.0,100,36,0.425,-0.3566,39.505,0.178997
0.5,0.0,100,37,0.82,0.2707,28.285,0.139999
0.5,0.0,100,38,0.89,0.3922,25.78,0.127
0.5,0.0,100,39,0.86,0.3925,24.235,0.129999
0.5,0.0,100,40,0.915,0.4393,24.7,0.158001
0.5,0.0,100,41,0.365,-0.4311,40.17,0.214
0.5,0.0,100,42,0.675,-0.0098,34.915,0.202501
0.5,0.0,100,43,0.715,0.0973,31.6,0.170999
0.5,0.0,100,44,0.81,0.2486,28.88,0.150501
0.5,0.0,100,45,0.43,-0.3428,39.07,0.184001
0.5,0.0,100,46,0.78,0.1752,31.02,0.161499
0.5,0.0,100,47,0.69,0.047,32.84,0.1705
0.5,0.0,100,48,0.38,-0.4317,40.965,0.1925
0.5,0.0,100,49,0.365,-0.4597,41.6,0.197499
0.5,0.0,100,50,0.445,-0.3012,37.755,0.184001
0.5,0.0,100,51,0.785,0.1977,30.15,0.2035
0.5,0.0,100,52,0.775,0.1868,30.185,0.169999
0.5,0.0,100,53,0.74,0.1071,32.385,0.163501
0.5,0.0,100,54,0.39,-0.408,40.29,0.1905
0.5,0.0,100,55,0.745,0.1354,31.225,0.169999
0.5,0.0,100,56,0.745,0.1306,31.465,0.178001
0.5,0.0,100,57,0.705,0.0796,31.975,0.154499
0.5,0.0,100,58,0.79,0.1951,30.535,0.149
0.5,0.0,100,59,0.75,0.1069,32.905,0.161001
0.5,0.0,100,60,0.795,0.2097,30.06,0.152499
0.5,0.0,100,61,0.75,0.1428,31.11,0.148502
0.5,0.0,100,62,0.0,-1.0,50.0,0.235498
0.5,0.0,100,63,0.8,0.2211,29.745,0.147001
0.5,0.0,100,64,0.77,0.1757,30.485,0.161
0.5,0.0,100,65,0.795,0.2181,29.64,0.144499
0.5,0.0,100,66,0.79,0.2075,29.915,0.148002
0.5,0.0,100,67,0.755,0.136,31.705,0.153997
0.5,0.0,100,68,0.725,0.1186,31.045,0.146003
0.5,0.0,100,69,0.675,0.015,33.675,0.164
0.5,0.0,100,70,0.78,0.1726,31.15,0.174999
0.5,0.0,100,71,0.735,0.1281,31.08,0.1465
0.5,0.0,100,72,0.735,0.1074,32.115,0.158001
0.5,0.0,100,73,0.29,-0.5575,42.665,0.202499
0.5,0.0,100,74,0.75,0.1184,32.33,0.152
0.5,0.0,100,75,0.78,0.1899,30.285,0.145
0.5,0.0,100,76,0.75,0.1275,31.875,0.157002
0.5,0.0,100,77,0.73,0.1011,32.175,0.157499
0.5,0.0,100,78,0.71,0.0788,32.27,0.152501
0.5,0.0,100,79,0.695,0.042,33.345,0.166081
0.5,0.0,100,80,0.705,0.0671,32.6,0.163918
0.5,0.0,100,81,0.72,0.067,33.37,0.166499
0.5,0.0,100,82,0.775,0.1674,31.155,0.174001
0.5,0.0,100,83,0.73,0.1215,31.155,0.1585
0.5,0.0,100,84,0.7,0.0688,32.26,0.161999
0.5,0.0,100,85,0.0,-1.0,50.0,0.222502
0.5,0.0,100,86,0.435,-0.3489,39.63,0.185
0.5,0.0,100,87,0.34,-0.4865,41.665,0.188502
0.5,0.0,100,88,0.76,0.1769,29.915,0.149997
0.5,0.0,100,89,0.76,0.1213,32.695,0.156001
0.5,0.0,100,90,0.385,-0.4384,41.555,0.196999
0.5,0.0,100,91,0.325,-0.528,42.975,0.1885
0.5,0.0,100,92,0.35,-0.4665,41.175,0.1995
0.5,0.0,100,93,0.715,0.0727,32.83,0.165001
0.5,0.0,100,94,0.695,0.0431,33.29,0.161499
0.5,0.0,100,95,0.715,0.0948,31.725,0.154002
0.5,0.0,100,96,0.715,0.0702,32.955,0.160499
0.5,0.0,100,97,0.67,-0.0067,34.505,0.181997
0.5,0.0,100,98,0.39,-0.4217,40.975,0.217002
0.5,0.0,100,99,0.795,0.2105,30.02,0.152998
0.5,0.0,500,0,0.755,0.1466,31.175,0.2695
0.5,0.0,500,1,0.715,0.0774,32.595,0.278501
0.5,0.0,500,2,0.76,0.1912,29.2,0.256999
0.5,0.0,500,3,0.765,0.1577,31.13,0.296501
0.5,0.0,500,4,0.75,0.135,31.5,0.284
0.5,0.0,500,5,0.695,0.054,32.745,0.292003
0.5,0.0,500,6,0.695,0.0606,32.415,0.277498
0.5,0.0,500,7,0.725,0.0839,32.78,0.311999
0.5,0.0,500,8,0.765,0.1639,30.82,0.280503
0.5,0.0,500,9,0.73,0.1067,31.895,0.258999
0.5,0.0,500,10,0.735,0.118,31.585,0.287
0.5,0.0,500,11,0.75,0.1552,30.49,0.2555
0.5,0.0,500,12,0.77,0.1703,30.755,0.267502
0.5,0.0,500,13,0.71,0.095,31.46,0.268997
0.5,0.0,500,14,0.7,0.0334,34.03,0.2715
0.5,0.0,500,15,0.76,0.1566,30.93,0.273502
0.5,0.0,500,16,0.75,0.1484,30.83,0.265997
0.5,0.0,500,17,0.71,0.0818,32.12,0.272501
0.5,0.0,500,18,0.805,0.2131,30.4,0.270999
0.5,0.0,500,19,0.765,0.1457,31.73,0.258
0.5,0.0,500,20,0.73,0.1154,31.46,0.278501
0.5,0.0,500,21,0.715,0.0868,32.125,0.272501
0.5,0.0,500,22,0.72,0.078,32.82,0.268499
0.5,0.0,500,23,0.745,0.1372,31.135,0.2755
0.5,0.0,500,24,0.76,0.1602,30.75,0.283
0.5,0.0,500,25,0.74,0.1381,30.835,0.275001
0.5,0.0,500,26,0.825,0.2471,29.72,0.2565
0.5,0.0,500,27,0.75,0.1355,31.475,0.271001
0.5,0.0,500,28,0.745,0.1697,29.51,0.265501
0.5,0.0,500,29,0.78,0.2046,29.55,0.266499
0.5,0.0,500,30,0.77,0.168,30.87,0.266001
0.5,0.0,500,31,0.77,0.1574,31.4,0.265003
0.5,0.0,500,32,0.755,0.1526,30.875,0.269497
0.5,0.0,500,33,0.765,0.1711,30.46,0.256
0.5,0.0,500,34,0.795,0.1924,30.925,0.264501
0.5,0.0,500,35,0.73,0.1125,31.605,0.264002
0.5,0.0,500,36,0.73,0.1119,31.635,0.301
0.5,0.0,500,37,0.74,0.145,30.49,0.2745
0.5,0.0,500,38,0.725,0.0965,32.15,0.274999
0.5,0.0,500,39,0.725,0.0866,32.645,0.285
0.5,0.0,500,40,0.765,0.1688,30.575,0.272
0.5,0.0,500,41,0.71,0.0704,32.69,0.267501
0.5,0.0,500,42,0.675,-0.0098,34.915,0.289
0.5,0.0,500,43,0.715,0.0973,31.6,0.2805
0.5,0.0,500,44,0.795,0.2055,30.27,0.268501
0.5,0.0,500,45,0.755,0.1801,29.5,0.269502
0.5,0.0,500,46,0.78,0.1752,31.02,0.261996
0.5,0.0,500,47,0.69,0.047,32.84,0.287001
0.5,0.0,500,48,0.725,0.1249,30.73,0.257
0.5,0.0,500,49,0.755,0.1508,30.965,0.2615
0.5,0.0,500,50,0.675,0.0309,32.88,0.309
0.5,0.0,500,51,0.77,0.1503,31.755,0.317001
0.5,0.0,500,52,0.775,0.1868,30.185,0.289001
0.5,0.0,500,53,0.74,0.1071,32.385,0.280501
0.5,0.0,500,54,0.765,0.1468,31.675,0.276
0.5,0.0,500,55,0.745,0.1354,31.225,0.263501
0.5,0.0,500,56,0.745,0.1306,31.465,0.269998
0.5,0.0,500,57,0.705,0.0796,31.975,0.276504
0.5,0.0,500,58,0.79,0.1951,30.535,0.271997
0.5,0.0,500,59,0.75,0.1069,32.905,0.273001
0.5,0.0,500,60,0.795,0.2097,30.06,0.305
0.5,0.0,500,61,0.75,0.1428,31.11,0.298501
0.5,0.0,500,62,0.77,0.1902,29.76,0.265499
0.5,0.0,500,63,0.71,0.0555,33.435,0.281
0.5,0.0,500,64,0.76,0.1375,31.885,0.284002
0.5,0.0,500,65,0.73,0.0877,32.845,0.279498
0.5,0.0,500,66,0.79,0.2075,29.915,0.253502
0.5,0.0,500,67,0.755,0.136,31.705,0.277499
0.5,0.0,500,68,0.725,0.1186,31.045,0.255
0.5,0.0,500,69,0.675,0.015,33.675,0.292
0.5,0.0,500,70,0.78,0.1726,31.15,0.251501
0.5,0.0,500,71,0.735,0.1281,31.08,0.282499
0.5,0.0,500,72,0.735,0.1074,32.115,0.305999
0.5,0.0,500,73,0.715,0.0768,32.625,0.376501
0.5,0.0,500,74,0.75,0.1184,32.33,0.2935
0.5,0.0,500,75,0.78,0.1899,30.285,0.295001
0.5,0.0,500,76,0.75,0.1275,31.875,0.265
0.5,0.0,500,77,0.73,0.1011,32.175,0.2675
0.5,0.0,500,78,0.71,0.0788,32.27,0.278999
0.5,0.0,500,79,0.695,0.042,33.345,0.281001
0.5,0.0,500,80,0.705,0.0671,32.6,0.2695
0.5,0.0,500,81,0.72,0.067,33.37,0.2715
0.5,0.0,500,82,0.775,0.1674,31.155,0.266
0.5,0.0,500,83,0.73,0.1215,31.155,0.277
0.5,0.0,500,84,0.7,0.0688,32.26,0.277501
0.5,0.0,500,85,0.725,0.0838,32.785,0.268999
0.5,0.0,500,86,0.7,0.0555,32.925,0.270999
0.5,0.0,500,87,0.685,0.0298,33.445,0.2675
0.5,0.0,500,88,0.76,0.1769,29.915,0.256001
0.5,0.0,500,89,0.76,0.1213,32.695,0.277999
0.5,0.0,500,90,0.72,0.1105,31.195,0.274
0.5,0.0,500,91,0.75,0.1539,30.555,0.2585
0.5,0.0,500,92,0.72,0.1123,31.105,0.272
0.5,0.0,500,93,0.715,0.0727,32.83,0.291502
0.5,0.0,500,94,0.695,0.0431,33.29,0.2735
0.5,0.0,500,95,0.715,0.0948,31.725,0.288998
0.5,0.0,500,96,0.715,0.0702,32.955,0.275501
0.5,0.0,500,97,0.67,-0.0067,34.505,0.305499
0.5,0.0,500,98,0.755,0.1503,30.99,0.267503
0.5,0.0,500,99,0.795,0.2105,30.02,0.270997
0.5,0.0,2000,0,0.755,0.1466,31.175,0.713501
0.5,0.0,2000,1,0.715,0.0774,32.595,0.709
0.5,0.0,2000,2,0.76,0.1912,29.2,0.696002
0.5,0.0,2000,3,0.765,0.1577,31.13,0.697998
0.5,0.0,2000,4,0.75,0.135,31.5,0.687499
0.5,0.0,2000,5,0.695,0.054,32.745,0.720001
0.5,0.0,2000,6,0.695,0.0606,32.415,0.709999
0.5,0.0,2000,7,0.725,0.0839,32.78,0.735501
0.5,0.0,2000,8,0.765,0.1639,30.82,0.733501
0.5,0.0,2000,9,0.73,0.1067,31.895,0.688
0.5,0.0,2000,10,0.735,0.118,31.585,0.684998
0.5,0.0,2000,11,0.75,0.1552,30.49,0.702001
0.5,0.0,2000,12,0.77,0.1703,30.755,0.700501
0.5,0.0,2000,13,0.71,0.095,31.46,0.701998
0.5,0.0,2000,14,0.7,0.0334,34.03,0.714503
0.5,0.0,2000,15,0.76,0.1566,30.93,0.688499
0.5,0.0,2000,16,0.75,0.1484,30.83,0.707999
0.5,0.0,2000,17,0.71,0.0818,32.12,0.700999
0.5,0.0,2000,18,0.805,0.2131,30.4,0.6945
0.5,0.0,2000,19,0.765,0.1457,31.73,0.738
0.5,0.0,2000,20,0.73,0.1154,31.46,0.704
0.5,0.0,2000,21,0.715,0.0868,32.125,0.7175
0.5,0.0,2000,22,0.72,0.078,32.82,0.6855
0.5,0.0,2000,23,0.745,0.1372,31.135,0.694499
0.5,0.0,2000,24,0.76,0.1602,30.75,0.671499
0.5,0.0,2000,25,0.74,0.1381,30.835,0.6945
0.5,0.0,2000,26,0.825,0.2471,29.72,0.7105
0.5,0.0,2000,27,0.75,0.1355,31.475,0.712
0.5,0.0,2000,28,0.745,0.1697,29.51,0.7015
0.5,0.0,2000,29,0.78,0.2046,29.55,0.7405
0.5,0.0,2000,30,0.77,0.168,30.87,0.736999
0.5,0.0,2000,31,0.77,0.1574,31.4,0.817502
0.5,0.0,2000,32,0.755,0.1526,30.875,0.813999
0.5,0.0,2000,33,0.765,0.1711,30.46,0.7885
0.5,0.0,2000,34,0.795,0.1924,30.925,0.720999
0.5,0.0,2000,35,0.73,0.1125,31.605,0.709501
0.5,0.0,2000,36,0.73,0.1119,31.635,0.700499
0.5,0.0,2000,37,0.74,0.145,30.49,0.695501
0.5,0.0,2000,38,0.725,0.0965,32.15,0.7475
0.5,0.0,2000,39,0.725,0.0866,32.645,0.699004
0.5,0.0,2000,40,0.765,0.1688,30.575,0.717998
0.5,0.0,2000,41,0.71,0.0704,32.69,0.697503
0.5,0.0,2000,42,0.675,-0.0098,34.915,0.718499
0.5,0.0,2000,43,0.715,0.0973,31.6,0.704999
0.5,0.0,2000,44,0.795,0.2055,30.27,0.726501
0.5,0.0,2000,45,0.755,0.1801,29.5,0.717502
0.5,0.0,2000,46,0.78,0.1752,31.02,0.703998
0.5,0.0,2000,47,0.69,0.047,32.84,0.726001
0.5,0.0,2000,48,0.725,0.1249,30.73,0.687998
0.5,0.0,2000,49,0.755,0.1508,30.965,0.708502
0.5,0.0,2000,50,0.675,0.0309,32.88,0.754498
0.5,0.0,2000,51,0.77,0.1503,31.755,0.7065
0.5,0.0,2000,52,0.775,0.1868,30.185,0.678002
0.5,0.0,2000,53,0.74,0.1071,32.385,0.765999
0.5,0.0,2000,54,0.765,0.1468,31.675,0.769501
0.5,0.0,2000,55,0.745,0.1354,31.225,0.728001
0.5,0.0,2000,56,0.745,0.1306,31.465,0.714501
0.5,0.0,2000,57,0.705,0.0796,31.975,0.7135
0.5,0.0,2000,58,0.79,0.1951,30.535,0.7275
0.5,0.0,2000,59,0.75,0.1069,32.905,0.703372
0.5,0.0,2000,60,0.795,0.2097,30.06,0.702501
0.5,0.0,2000,61,0.75,0.1428,31.11,0.702502
0.5,0.0,2000,62,0.77,0.1902,29.76,0.688998
0.5,0.0,2000,63,0.71,0.0555,33.435,0.724499
0.5,0.0,2000,64,0.76,0.1375,31.885,0.702501
0.5,0.0,2000,65,0.73,0.0877,32.845,0.690001
0.5,0.0,2000,66,0.79,0.2075,29.915,0.694
0.5,0.0,2000,67,0.755,0.136,31.705,0.728501
0.5,0.0,2000,68,0.725,0.1186,31.045,0.827996
0.5,0.0,2000,69,0.675,0.015,33.675,0.726502
0.5,0.0,2000,70,0.78,0.1726,31.15,0.695
0.5,0.0,2000,71,0.735,0.1281,31.08,0.6915
0.5,0.0,2000,72,0.735,0.1074,32.115,0.7685
0.5,0.0,2000,73,0.715,0.0768,32.625,0.756003
0.5,0.0,2000,74,0.75,0.1184,32.33,0.716502
0.5,0.0,2000,75,0.78,0.1899,30.285,0.714499
0.5,0.0,2000,76,0.75,0.1275,31.875,0.703
0.5,0.0,2000,77,0.73,0.1011,32.175,0.688499
0.5,0.0,2000,78,0.71,0.0788,32.27,0.7085
0.5,0.0,2000,79,0.695,0.042,33.345,0.703501
0.5,0.0,2000,80,0.705,0.0671,32.6,0.701001
0.5,0.0,2000,81,0.72,0.067,33.37,0.687998
0.5,0.0,2000,82,0.775,0.1674,31.155,0.7025
0.5,0.0,2000,83,0.73,0.1215,31.155,0.702
0.5,0.0,2000,84,0.7,0.0688,32.26,0.693
0.5,0.0,2000,85,0.725,0.0838,32.785,0.710001
0.5,0.0,2000,86,0.7,0.0555,32.925,0.687999
0.5,0.0,2000,87,0.685,0.0298,33.445,0.6965
0.5,0.0,2000,88,0.76,0.1769,29.915,0.684502
0.5,0.0,2000,89,0.76,0.1213,32.695,0.707499
0.5,0.0,2000,90,0.72,0.1105,31.195,0.703499
0.5,0.0,2000,91,0.75,0.1539,30.555,0.7015
0.5,0.0,2000,92,0.72,0.1123,31.105,0.6845
0.5,0.0,2000,93,0.715,0.0727,32.83,0.681
0.5,0.0,2000,94,0.695,0.0431,33.29,0.765001
0.5,0.0,2000,95,0.715,0.0948,31.725,0.720999
0.5,0.0,2000,96,0.715,0.0702,32.955,0.699501
0.5,0.0,2000,97,0.67,-0.0067,34.505,0.727002
0.5,0.0,2000,98,0.755,0.1503,30.99,0.704498
0.5,0.0,2000,99,0.795,0.2105,30.02,0.689998
0.5,0.5,20,0,1.0,0.9,6.0,0.029501
0.5,0.5,20,1,0.0,-1.0,50.0,0.201502
0.5,0.5,20,2,0.0,-1.0,50.0,0.196999
0.5,0.5,20,3,1.0,0.9,6.0,0.0275
0.5,0.5,20,4,0.0,-1.0,50.0,0.195
0.5,0.5,20,5,0.0,-1.0,50.0,0.201499
0.5,0.5,20,6,0.0,-1.0,50.0,0.205002
0.5,0.5,20,7,1.0,0.7893,11.535,0.051001
0.5,0.5,20,8,1.0,0.9,6.0,0.025997
0.5,0.5,20,9,1.0,0.9,6.0,0.023999
0.5,0.5,20,10,0.0,-1.0,50.0,0.196999
0.5,0.5,20,11,1.0,0.9,6.0,0.025002
0.5,0.5,20,12,0.0,-1.0,50.0,0.199
0.5,0.5,20,13,0.0,-1.0,50.0,0.190999
0.5,0.5,20,14,0.0,-1.0,50.0,0.203004
0.5,0.5,20,15,0.0,-1.0,50.0,0.201997
0.5,0.5,20,16,0.0,-1.0,50.0,0.1935
0.5,0.5,20,17,0.0,-1.0,50.0,0.197999
0.5,0.5,20,18,0.0,-1.0,50.0,0.192502
0.5,0.5,20,19,0.0,-1.0,50.0,0.199999
0.5,0.5,20,20,0.0,-1.0,50.0,0.215999
0.5,0.5,20,21,0.0,-1.0,50.0,0.195499
0.5,0.5,20,22,0.0,-1.0,50.0,0.202501
0.5,0.5,20,23,0.0,-1.0,50.0,0.189501
0.5,0.5,20,24,0.0,-1.0,50.0,0.204
0.5,0.5,20,25,1.0,0.9,6.0,0.028999
0.5,0.5,20,26,0.0,-1.0,50.0,0.199
0.5,0.5,20,27,1.0,0.9,6.0,0.027
0.5,0.5,20,28,0.0,-1.0,50.0,0.189499
0.5,0.5,20,29,0.0,-1.0,50.0,0.209501
0.5,0.5,20,30,0.0,-1.0,50.0,0.213
0.5,0.5,20,31,0.0,-1.0,50.0,0.1985
0.5,0.5,20,32,0.0,-1.0,50.0,0.200536
0.5,0.5,20,33,1.0,0.9,6.0,0.034002
0.5,0.5,20,34,0.0,-1.0,50.0,0.197996
0.5,0.5,20,35,0.0,-1.0,50.0,0.247001
0.5,0.5,20,36,1.0,0.9,6.0,0.030501
0.5,0.5,20,37,0.0,-1.0,50.0,0.202498
0.5,0.5,20,38,0.0,-1.0,50.0,0.2
0.5,0.5,20,39,0.0,-1.0,50.0,0.201501
0.5,0.5,20,40,0.0,-1.0,50.0,0.201501
0.5,0.5,20,41,0.0,-1.0,50.0,0.196499
0.5,0.5,20,42,1.0,0.9,6.0,0.025501
0.5,0.5,20,43,1.0,0.9,6.0,0.030497
0.5,0.5,20,44,1.0,0.9,6.0,0.026003
0.5,0.5,20,45,0.0,-1.0,50.0,0.204998
0.5,0.5,20,46,0.0,-1.0,50.0,0.194503
0.5,0.5,20,47,0.0,-1.0,50.0,0.197496
0.5,0.5,20,48,0.0,-1.0,50.0,0.200502
0.5,0.5,20,49,0.0,-1.0,50.0,0.200999
0.5,0.5,20,50,0.0,-1.0,50.0,0.2095
0.5,0.5,20,51,1.0,0.9,6.0,0.0295
0.5,0.5,20,52,1.0,0.9,6.0,0.028002
0.5,0.5,20,53,0.0,-1.0,50.0,0.197498
0.5,0.5,20,54,0.0,-1.0,50.0,0.202
0.5,0.5,20,55,0.0,-1.0,50.0,0.198
0.5,0.5,20,56,0.0,-1.0,50.0,0.195
0.5,0.5,20,57,1.0,0.9,6.0,0.027001
0.5,0.5,20,58,0.0,-1.0,50.0,0.205498
0.5,0.5,20,59,0.0,-1.0,50.0,0.196
0.5,0.5,20,60,0.0,-1.0,50.0,0.201499
0.5,0.5,20,61,0.0,-1.0,50.0,0.200501
0.5,0.5,20,62,1.0,0.9,6.0,0.0295
0.5,0.5,20,63,0.0,-1.0,50.0,0.192002
0.5,0.5,20,64,1.0,0.9,6.0,0.025998
0.5,0.5,20,65,0.0,-1.0,50.0,0.200499
0.5,0.5,20,66,0.0,-1.0,50.0,0.193001
0.5,0.5,20,67,1.0,0.9,6.0,0.025999
0.5,0.5,20,68,0.0,-1.0,50.0,0.199501
0.5,0.5,20,69,0.0,-1.0,50.0,0.200499
0.5,0.5,20,70,0.0,-1.0,50.0,0.247004
0.5,0.5,20,71,0.0,-1.0,50.0,0.213998
0.5,0.5,20,72,1.0,0.9,6.0,0.033001
0.5,0.5,20,73,0.0,-1.0,50.0,0.224498
0.5,0.5,20,74,0.0,-1.0,50.0,0.205501
0.5,0.5,20,75,0.0,-1.0,50.0,0.221999
0.5,0.5,20,76,0.0,-1.0,50.0,0.222501
0.5,0.5,20,77,0.0,-1.0,50.0,0.2025
0.5,0.5,20,78,1.0,0.9,6.0,0.029502
0.5,0.5,20,79,1.0,0.9,6.0,0.027999
0.5,0.5,20,80,0.0,-1.0,50.0,0.2165
0.5,0.5,20,81,0.0,-1.0,50.0,0.225
0.5,0.5,20,82,0.0,-1.0,50.0,0.214002
0.5,0.5,20,83,1.0,0.8588,8.06,0.035498
0.5,0.5,20,84,1.0,0.9,6.0,0.027502
0.5,0.5,20,85,0.0,-1.0,50.0,0.201499
0.5,0.5,20,86,0.0,-1.0,50.0,0.197499
0.5,0.5,20,87,0.0,-1.0,50.0,0.194501
0.5,0.5,20,88,0.0,-1.0,50.0,0.192497
0.5,0.5,20,89,0.0,-1.0,50.0,0.201001
0.5,0.5,20,90,0.0,-1.0,50.0,0.192999
0.5,0.5,20,91,1.0,0.9,6.0,0.028001
0.5,0.5,20,92,1.0,0.8897,6.515,0.030499
0.5,0.5,20,93,0.0,-1.0,50.0,0.2005
0.5,0.5,20,94,0.0,-1.0,50.0,0.199002
0.5,0.5,20,95,1.0,0.9,6.0,0.026497
0.5,0.5,20,96,1.0,0.9,6.0,0.026502
0.5,0.5,20,97,0.0,-1.0,50.0,0.204501
0.5,0.5,20,98,0.0,-1.0,50.0,0.201499
0.5,0.5,20,99,0.0,-1.0,50.0,0.197499
0.5,0.5,100,0,1.0,0.9,6.0,0.0345
0.5,0.5,100,1,1.0,0.9,6.0,0.035001
0.5,0.5,100,2,1.0,0.9,6.0,0.062499
0.5,0.5,100,3,1.0,0.9,6.0,0.032501
0.5,0.5,100,4,1.0,0.9,6.0,0.032
0.5,0.5,100,5,1.0,0.9,6.0,0.034501
0.5,0.5,100,6,1.0,0.9,6.0,0.034998
0.5,0.5,100,7,1.0,0.9,6.0,0.035
0.5,0.5,100,8,1.0,0.9,6.0,0.032502
0.5,0.5,100,9,1.0,0.9,6.0,0.037
0.5,0.5,100,10,1.0,0.9,6.0,0.032998
0.5,0.5,100,11,1.0,0.9,6.0,0.033003
0.5,0.5,100,12,1.0,0.9,6.0,0.030998
0.5,0.5,100,13,1.0,0.9,6.0,0.0335
0.5,0.5,100,14,1.0,0.9,6.0,0.031
0.5,0.5,100,15,1.0,0.9,6.0,0.036998
0.5,0.5,100,16,1.0,0.9,6.0,0.034001
0.5,0.5,100,17,1.0,0.9,6.0,0.032499
0.5,0.5,100,18,1.0,0.9,6.0,0.033002
0.5,0.5,100,19,1.0,0.9,6.0,0.035002
0.5,0.5,100,20,1.0,0.9,6.0,0.033498
0.5,0.5,100,21,1.0,0.9,6.0,0.032
0.5,0.5,100,22,1.0,0.9,6.0,0.034
0.5,0.5,100,23,1.0,0.9,6.0,0.032501
0.5,0.5,100,24,1.0,0.9,6.0,0.035501
0.5,0.5,100,25,1.0,0.9,6.0,0.033498
0.5,0.5,100,26,1.0,0.9,6.0,0.0355
0.5,0.5,100,27,1.0,0.9,6.0,0.034001
0.5,0.5,100,28,1.0,0.9,6.0,0.032498
0.5,0.5,100,29,1.0,0.9,6.0,0.031001
0.5,0.5,100,30,1.0,0.9,6.0,0.035999
0.5,0.5,100,31,1.0,0.9,6.0,0.035
0.5,0.5,100,32,1.0,0.9,6.0,0.032002
0.5,0.5,100,33,1.0,0.9,6.0,0.033499
0.5,0.5,100,34,1.0,0.9,6.0,0.032501
0.5,0.5,100,35,1.0,0.9,6.0,0.033497
0.5,0.5,100,36,1.0,0.9,6.0,0.0335
0.5,0.5,100,37,1.0,0.9,6.0,0.0345
0.5,0.5,100,38,1.0,0.9,6.0,0.0325
0.5,0.5,100,39,1.0,0.9,6.0,0.041003
0.5,0.5,100,40,1.0,0.9,6.0,0.0365
0.5,0.5,100,41,1.0,0.9,6.0,0.031998
0.5,0.5,100,42,1.0,0.9,6.0,0.034501
0.5,0.5,100,43,1.0,0.9,6.0,0.032997
0.5,0.5,100,44,1.0,0.9,6.0,0.030999
0.5,0.5,100,45,1.0,0.9,6.0,0.036002
0.5,0.5,100,46,1.0,0.9,6.0,0.033999
0.5,0.5,100,47,1.0,0.9,6.0,0.032501
0.5,0.5,100,48,1.0,0.9,6.0,0.034
0.5,0.5,100,49,1.0,0.9,6.0,0.032999
0.5,0.5,100,50,1.0,0.9,6.0,0.0345
0.5,0.5,100,51,1.0,0.9,6.0,0.032502
0.5,0.5,100,52,1.0,0.9,6.0,0.032999
0.5,0.5,100,53,1.0,0.9,6.0,0.032999
0.5,0.5,100,54,1.0,0.9,6.0,0.035002
0.5,0.5,100,55,1.0,0.9,6.0,0.034999
0.5,0.5,100,56,1.0,0.9,6.0,0.0335
0.5,0.5,100,57,1.0,0.9,6.0,0.033999
0.5,0.5,100,58,1.0,0.9,6.0,0.034002
0.5,0.5,100,59,1.0,0.9,6.0,0.0365
0.5,0.5,100,60,1.0,0.9,6.0,0.031999
0.5,0.5,100,61,1.0,0.9,6.0,0.031998
0.5,0.5,100,62,1.0,0.9,6.0,0.035
0.5,0.5,100,63,1.0,0.9,6.0,0.033
0.5,0.5,100,64,1.0,0.9,6.0,0.033501
0.5,0.5,100,65,1.0,0.9,6.0,0.0315
0.5,0.5,100,66,1.0,0.9,6.0,0.034501
0.5,0.5,100,67,1.0,0.9,6.0,0.033998
0.5,0.5,100,68,1.0,0.9,6.0,0.031999
0.5,0.5,100,69,1.0,0.9,6.0,0.033501
0.5,0.5,100,70,1.0,0.9,6.0,0.0335
0.5,0.5,100,71,1.0,0.9,6.0,0.032501
0.5,0.5,100,72,1.0,0.9,6.0,0.034001
0.5,0.5,100,73,1.0,0.9,6.0,0.0335
0.5,0.5,100,74,1.0,0.9,6.0,0.0355
0.5,0.5,100,75,1.0,0.9,6.0,0.043
0.5,0.5,100,76,1.0,0.9,6.0,0.035999
0.5,0.5,100,77,1.0,0.9,6.0,0.0365
0.5,0.5,100,78,1.0,0.9,6.0,0.035501
0.5,0.5,100,79,1.0,0.9,6.0,0.034999
0.5,0.5,100,80,1.0,0.9,6.0,0.0345
0.5,0.5,100,81,1.0,0.9,6.0,0.035001
0.5,0.5,100,82,1.0,0.9,6.0,0.035501
0.5,0.5,100,83,1.0,0.9,6.0,0.036499
0.5,0.5,100,84,1.0,0.9,6.0,0.034002
0.5,0.5,100,85,1.0,0.9,6.0,0.035497
0.5,0.5,100,86,1.0,0.9,6.0,0.032503
0.5,0.5,100,87,1.0,0.9,6.0,0.036497
0.5,0.5,100,88,1.0,0.9,6.0,0.036538
0.5,0.5,100,89,1.0,0.9,6.0,0.035
0.5,0.5,100,90,1.0,0.9,6.0,0.033
0.5,0.5,100,91,1.0,0.9,6.0,0.035499
0.5,0.5,100,92,1.0,0.9,6.0,0.030498
0.5,0.5,100,93,1.0,0.9,6.0,0.031502
0.5,0.5,100,94,1.0,0.9,6.0,0.033498
0.5,0.5,100,95,1.0,0.9,6.0,0.033999
0.5,0.5,100,96,1.0,0.9,6.0,0.034502
0.5,0.5,100,97,1.0,0.9,6.0,0.035504
0.5,0.5,100,98,1.0,0.9,6.0,0.032998
0.5,0.5,100,99,1.0,0.9,6.0,0.034998
0.5,0.5,500,0,1.0,0.9,6.0,0.069
0.5,0.5,500,1,1.0,0.9,6.0,0.078999
0.5,0.5,500,2,1.0,0.9,6.0,0.077001
0.5,0.5,500,3,1.0,0.9,6.0,0.0745
0.5,0.5,500,4,1.0,0.9,6.0,0.0685
0.5,0.5,500,5,1.0,0.9,6.0,0.0715
0.5,0.5,500,6,1.0,0.9,6.0,0.0725
0.5,0.5,500,7,1.0,0.9,6.0,0.075001
0.5,0.5,500,8,1.0,0.9,6.0,0.076499
0.5,0.5,500,9,1.0,0.9,6.0,0.0755
0.5,0.5,500,10,1.0,0.9,6.0,0.073499
0.5,0.5,500,11,1.0,0.9,6.0,0.068001
0.5,0.5,500,12,1.0,0.9,6.0,0.0725
0.5,0.5,500,13,1.0,0.9,6.0,0.072
0.5,0.5,500,14,1.0,0.9,6.0,0.074502
0.5,0.5,500,15,1.0,0.9,6.0,0.0795
0.5,0.5,500,16,1.0,0.9,6.0,0.072999
0.5,0.5,500,17,1.0,0.9,6.0,0.074498
0.5,0.5,500,18,1.0,0.9,6.0,0.071
0.5,0.5,500,19,1.0,0.9,6.0,0.0745
0.5,0.5,500,20,1.0,0.9,6.0,0.072999
0.5,0.5,500,21,1.0,0.9,6.0,0.076501
0.5,0.5,500,22,1.0,0.9,6.0,0.075999
0.5,0.5,500,23,1.0,0.9,6.0,0.077
0.5,0.5,500,24,1.0,0.9,6.0,0.073999
0.5,0.5,500,25,1.0,0.9,6.0,0.078
0.5,0.5,500,26,1.0,0.9,6.0,0.074586
0.5,0.5,500,27,1.0,0.9,6.0,0.073415
0.5,0.5,500,28,1.0,0.9,6.0,0.085999
0.5,0.5,500,29,1.0,0.9,6.0,0.074501
0.5,0.5,500,30,1.0,0.9,6.0,0.075002
0.5,0.5,500,31,1.0,0.9,6.0,0.077498
0.5,0.5,500,32,1.0,0.9,6.0,0.073
0.5,0.5,500,33,1.0,0.9,6.0,0.075499
0.5,0.5,500,34,1.0,0.9,6.0,0.0725
0.5,0.5,500,35,1.0,0.9,6.0,0.074502
0.5,0.5,500,36,1.0,0.9,6.0,0.074718
0.5,0.5,500,37,1.0,0.9,6.0,0.071781
0.5,0.5,500,38,1.0,0.9,6.0,0.070001
0.5,0.5,500,39,1.0,0.9,6.0,0.073002
0.5,0.5,500,40,1.0,0.9,6.0,0.076499
0.5,0.5,500,41,1.0,0.9,6.0,0.073999
0.5,0.5,500,42,1.0,0.9,6.0,0.0795
0.5,0.5,500,43,1.0,0.9,6.0,0.072499
0.5,0.5,500,44,1.0,0.9,6.0,0.075501
0.5,0.5,500,45,1.0,0.9,6.0,0.069999
0.5,0.5,500,46,1.0,0.9,6.0,0.075001
0.5,0.5,500,47,1.0,0.9,6.0,0.0815
0.5,0.5,500,48,1.0,0.9,6.0,0.076501
0.5,0.5,500,49,1.0,0.9,6.0,0.070997
0.5,0.5,500,50,1.0,0.9,6.0,0.0745
0.5,0.5,500,51,1.0,0.9,6.0,0.07
0.5,0.5,500,52,1.0,0.9,6.0,0.069999
0.5,0.5,500,53,1.0,0.9,6.0,0.0735
0.5,0.5,500,54,1.0,0.9,6.0,0.074501
0.5,0.5,500,55,1.0,0.9,6.0,0.075499
0.5,0.5,500,56,1.0,0.9,6.0,0.069501
0.5,0.5,500,57,1.0,0.9,6.0,0.077001
0.5,0.5,500,58,1.0,0.9,6.0,0.073498
0.5,0.5,500,59,1.0,0.9,6.0,0.077
0.5,0.5,500,60,1.0,0.9,6.0,0.075001
0.5,0.5,500,61,1.0,0.9,6.0,0.074001
0.5,0.5,500,62,1.0,0.9,6.0,0.072501
0.5,0.5,500,63,1.0,0.9,6.0,0.0705
0.5,0.5,500,64,1.0,0.9,6.0,0.072
0.5,0.5,500,65,1.0,0.9,6.0,0.073001
0.5,0.5,500,66,1.0,0.9,6.0,0.077499
0.5,0.5,500,67,1.0,0.9,6.0,0.0745
0.5,0.5,500,68,1.0,0.9,6.0,0.0725
0.5,0.5,500,69,1.0,0.9,6.0,0.0765
0.5,0.5,500,70,1.0,0.9,6.0,0.071999
0.5,0.5,500,71,1.0,0.9,6.0,0.068501
0.5,0.5,500,72,1.0,0.9,6.0,0.069499
0.5,0.5,500,73,1.0,0.9,6.0,0.078501
0.5,0.5,500,74,1.0,0.9,6.0,0.071499
0.5,0.5,500,75,1.0,0.9,6.0,0.079
0.5,0.5,500,76,1.0,0.9,6.0,0.074
0.5,0.5,500,77,1.0,0.9,6.0,0.072546
0.5,0.5,500,78,1.0,0.9,6.0,0.071454
0.5,0.5,500,79,1.0,0.9,6.0,0.071501
0.5,0.5,500,80,1.0,0.9,6.0,0.0745
0.5,0.5,500,81,1.0,0.9,6.0,0.0745
0.5,0.5,500,82,1.0,0.9,6.0,0.0845
0.5,0.5,500,83,1.0,0.9,6.0,0.072999
0.5,0.5,500,84,1.0,0.9,6.0,0.078001
0.5,0.5,500,85,1.0,0.9,6.0,0.069999
0.5,0.5,500,86,1.0,0.9,6.0,0.075501
0.5,0.5,500,87,1.0,0.9,6.0,0.078
0.5,0.5,500,88,1.0,0.9,6.0,0.078
0.5,0.5,500,89,1.0,0.9,6.0,0.074502
0.5,0.5,500,90,1.0,0.9,6.0,0.072497
0.5,0.5,500,91,1.0,0.9,6.0,0.077502
0.5,0.5,500,92,1.0,0.9,6.0,0.071501
0.5,0.5,500,93,1.0,0.9,6.0,0.070997
0.5,0.5,500,94,1.0,0.9,6.0,0.0765
0.5,0.5,500,95,1.0,0.9,6.0,0.075001
0.5,0.5,500,96,1.0,0.9,6.0,0.079999
0.5,0.5,500,97,1.0,0.9,6.0,0.073
0.5,0.5,500,98,1.0,0.9,6.0,0.079002
0.5,0.5,500,99,1.0,0.9,6.0,0.075998
0.5,0.5,2000,0,1.0,0.9,6.0,0.219002
0.5,0.5,2000,1,1.0,0.9,6.0,0.224499
0.5,0.5,2000,2,1.0,0.9,6.0,0.213001
0.5,0.5,2000,3,1.0,0.9,6.0,0.229999
0.5,0.5,2000,4,1.0,0.9,6.0,0.207999
0.5,0.5,2000,5,1.0,0.9,6.0,0.222501
0.5,0.5,2000,6,1.0,0.9,6.0,0.226
0.5,0.5,2000,7,1.0,0.9,6.0,0.2315
0.5,0.5,2000,8,1.0,0.9,6.0,0.2335
0.5,0.5,2000,9,1.0,0.9,6.0,0.215036
0.5,0.5,2000,10,1.0,0.9,6.0,0.217964
0.5,0.5,2000,11,1.0,0.9,6.0,0.209499
0.5,0.5,2000,12,1.0,0.9,6.0,0.228
0.5,0.5,2000,13,1.0,0.9,6.0,0.2155
0.5,0.5,2000,14,1.0,0.9,6.0,0.2175
0.5,0.5,2000,15,1.0,0.9,6.0,0.222
0.5,0.5,2000,16,1.0,0.9,6.0,0.251001
0.5,0.5,2000,17,1.0,0.9,6.0,0.2305
0.5,0.5,2000,18,1.0,0.9,6.0,0.2425
0.5,0.5,2000,19,1.0,0.9,6.0,0.2285
0.5,0.5,2000,20,1.0,0.9,6.0,0.2485
0.5,0.5,2000,21,1.0,0.9,6.0,0.213
0.5,0.5,2000,22,1.0,0.9,6.0,0.225501
0.5,0.5,2000,23,1.0,0.9,6.0,0.22
0.5,0.5,2000,24,1.0,0.9,6.0,0.212
0.5,0.5,2000,25,1.0,0.9,6.0,0.221501
0.5,0.5,2000,26,1.0,0.9,6.0,0.219
0.5,0.5,2000,27,1.0,0.9,6.0,0.211999
0.5,0.5,2000,28,1.0,0.9,6.0,0.219501
0.5,0.5,2000,29,1.0,0.9,6.0,0.2355
0.5,0.5,2000,30,1.0,0.9,6.0,0.232999
0.5,0.5,2000,31,1.0,0.9,6.0,0.261502
0.5,0.5,2000,32,1.0,0.9,6.0,0.241999
0.5,0.5,2000,33,1.0,0.9,6.0,0.219499
0.5,0.5,2000,34,1.0,0.9,6.0,0.2375
0.5,0.5,2000,35,1.0,0.9,6.0,0.220502
0.5,0.5,2000,36,1.0,0.9,6.0,0.243997
0.5,0.5,2000,37,1.0,0.9,6.0,0.234501
0.5,0.5,2000,38,1.0,0.9,6.0,0.224114
0.5,0.5,2000,39,1.0,0.9,6.0,0.221384
0.5,0.5,2000,40,1.0,0.9,6.0,0.226
0.5,0.5,2000,41,1.0,0.9,6.0,0.211501
0.5,0.5,2000,42,1.0,0.9,6.0,0.2465
0.5,0.5,2000,43,1.0,0.9,6.0,0.214999
0.5,0.5,2000,44,1.0,0.9,6.0,0.218501
0.5,0.5,2000,45,1.0,0.9,6.0,0.221499
0.5,0.5,2000,46,1.0,0.9,6.0,0.213001
0.5,0.5,2000,47,1.0,0.9,6.0,0.239534
0.5,0.5,2000,48,1.0,0.9,6.0,0.212465
0.5,0.5,2000,49,1.0,0.9,6.0,0.218
0.5,0.5,2000,50,1.0,0.9,6.0,0.269
0.5,0.5,2000,51,1.0,0.9,6.0,0.256499
0.5,0.5,2000,52,1.0,0.9,6.0,0.262501
0.5,0.5,2000,53,1.0,0.9,6.0,0.2205
0.5,0.5,2000,54,1.0,0.9,6.0,0.237503
0.5,0.5,2000,55,1.0,0.9,6.0,0.227497
0.5,0.5,2000,56,1.0,0.9,6.0,0.223
0.5,0.5,2000,57,1.0,0.9,6.0,0.2135
0.5,0.5,2000,58,1.0,0.9,6.0,0.224
0.5,0.5,2000,59,1.0,0.9,6.0,0.221001
0.5,0.5,2000,60,1.0,0.9,6.0,0.215499
0.5,0.5,2000,61,1.0,0.9,6.0,0.2255
0.5,0.5,2000,62,1.0,0.9,6.0,0.213537
0.5,0.5,2000,63,1.0,0.9,6.0,0.229466
0.5,0.5,2000,64,1.0,0.9,6.0,0.250998
0.5,0.5,2000,65,1.0,0.9,6.0,0.261503
0.5,0.5,2000,66,1.0,0.9,6.0,0.241997
0.5,0.5,2000,67,1.0,0.9,6.0,0.214
0.5,0.5,2000,68,1.0,0.9,6.0,0.243501
0.5,0.5,2000,69,1.0,0.9,6.0,0.216501
0.5,0.5,2000,70,1.0,0.9,6.0,0.2165
0.5,0.5,2000,71,1.0,0.9,6.0,0.208997
0.5,0.5,2000,72,1.0,0.9,6.0,0.216001
0.5,0.5,2000,73,1.0,0.9,6.0,0.237501
0.5,0.5,2000,74,1.0,0.9,6.0,0.222997
0.5,0.5,2000,75,1.0,0.9,6.0,0.233502
0.5,0.5,2000,76,1.0,0.9,6.0,0.224001
0.5,0.5,2000,77,1.0,0.9,6.0,0.230999
0.5,0.5,2000,78,1.0,0.9,6.0,0.2225
0.5,0.5,2000,79,1.0,0.9,6.0,0.228999
0.5,0.5,2000,80,1.0,0.9,6.0,0.262501
0.5,0.5,2000,81,1.0,0.9,6.0,0.217001
0.5,0.5,2000,82,1.0,0.9,6.0,0.221999
0.5,0.5,2000,83,1.0,0.9,6.0,0.209501
0.5,0.5,2000,84,1.0,0.9,6.0,0.220999
0.5,0.5,2000,85,1.0,0.9,6.0,0.218
0.5,0.5,2000,86,1.0,0.9,6.0,0.216001
0.5,0.5,2000,87,1.0,0.9,6.0,0.2175
0.5,0.5,2000,88,1.0,0.9,6.0,0.210999
0.5,0.5,2000,89,1.0,0.9,6.0,0.213002
0.5,0.5,2000,90,1.0,0.9,6.0,0.218998
0.5,0.5,2000,91,1.0,0.9,6.0,0.214
0.5,0.5,2000,92,1.0,0.9,6.0,0.215501
0.5,0.5,2000,93,1.0,0.9,6.0,0.212498
0.5,0.5,2000,94,1.0,0.9,6.0,0.219
0.5,0.5,2000,95,1.0,0.9,6.0,0.223001
0.5,0.5,2000,96,1.0,0.9,6.0,0.2245
0.5,0.5,2000,97,1.0,0.9,6.0,0.227999
0.5,0.5,2000,98,1.0,0.9,6.0,0.215501
0.5,0.5,2000,99,1.0,0.9,6.0,0.2195
0.5,0.8,20,0,0.0,-1.0,50.0,0.1985
0.5,0.8,20,1,0.0,-1.0,50.0,0.2
0.5,0.8,20,2,0.0,-1.0,50.0,0.198
0.5,0.8,20,3,1.0,0.9,6.0,0.03
0.5,0.8,20,4,0.0,-1.0,50.0,0.192
0.5,0.8,20,5,0.0,-1.0,50.0,0.201999
0.5,0.8,20,6,0.0,-1.0,50.0,0.207002
0.5,0.8,20,7,0.0,-1.0,50.0,0.190998
0.5,0.8,20,8,0.0,-1.0,50.0,0.202001
0.5,0.8,20,9,1.0,0.9,6.0,0.026999
0.5,0.8,20,10,0.0,-1.0,50.0,0.193503
0.5,0.8,20,11,1.0,0.9,6.0,0.024497
0.5,0.8,20,12,1.0,0.9,6.0,0.025499
0.5,0.8,20,13,0.0,-1.0,50.0,0.201001
0.5,0.8,20,14,1.0,0.8434,8.83,0.043
0.5,0.8,20,15,0.0,-1.0,50.0,0.204002
0.5,0.8,20,16,0.0,-1.0,50.0,0.195998
0.5,0.8,20,17,1.0,0.9,6.0,0.027499
0.5,0.8,20,18,0.0,-1.0,50.0,0.198502
0.5,0.8,20,19,1.0,0.9,6.0,0.028498
0.5,0.8,20,20,1.0,0.9,6.0,0.0285
0.5,0.8,20,21,0.0,-1.0,50.0,0.1905
0.5,0.8,20,22,0.0,-1.0,50.0,0.1995
0.5,0.8,20,23,1.0,0.9,6.0,0.027503
0.5,0.8,20,24,0.0,-1.0,50.0,0.194498
0.5,0.8,20,25,0.0,-1.0,50.0,0.197502
0.5,0.8,20,26,0.0,-1.0,50.0,0.195498
0.5,0.8,20,27,0.0,-1.0,50.0,0.192501
0.5,0.8,20,28,0.0,-1.0,50.0,0.196498
0.5,0.8,20,29,1.0,0.9,6.0,0.03
0.5,0.8,20,30,0.0,-1.0,50.0,0.203501
0.5,0.8,20,31,0.0,-1.0,50.0,0.209999
0.5,0.8,20,32,0.0,-1.0,50.0,0.210002
0.5,0.8,20,33,0.0,-1.0,50.0,0.202502
0.5,0.8,20,34,0.0,-1.0,50.0,0.203498
0.5,0.8,20,35,0.0,-1.0,50.0,0.200499
0.5,0.8,20,36,0.0,-1.0,50.0,0.197001
0.5,0.8,20,37,0.0,-1.0,50.0,0.201003
0.5,0.8,20,38,0.0,-1.0,50.0,0.203998
0.5,0.8,20,39,1.0,0.9,6.0,0.0265
0.5,0.8,20,40,0.0,-1.0,50.0,0.206001
0.5,0.8,20,41,1.0,0.9,6.0,0.028502
0.5,0.8,20,42,0.0,-1.0,50.0,0.204498
0.5,0.8,20,43,0.0,-1.0,50.0,0.202999
0.5,0.8,20,44,0.0,-1.0,50.0,0.200498
0.5,0.8,20,45,0.0,-1.0,50.0,0.1975
0.5,0.8,20,46,0.0,-1.0,50.0,0.1945
0.5,0.8,20,47,1.0,0.9,6.0,0.026502
0.5,0.8,20,48,0.0,-1.0,50.0,0.202101
0.5,0.8,20,49,0.0,-1.0,50.0,0.2009
0.5,0.8,20,50,0.0,-1.0,50.0,0.222
0.5,0.8,20,51,0.0,-1.0,50.0,0.220501
0.5,0.8,20,52,1.0,0.9,6.0,0.027499
0.5,0.8,20,53,0.0,-1.0,50.0,0.2025
0.5,0.8,20,54,1.0,0.9,6.0,0.027
0.5,0.8,20,55,1.0,0.9,6.0,0.0265
0.5,0.8,20,56,1.0,0.9,6.0,0.025
0.5,0.8,20,57,1.0,0.9,6.0,0.028001
0.5,0.8,20,58,0.0,-1.0,50.0,0.1985
0.5,0.8,20,59,0.0,-1.0,50.0,0.191999
0.5,0.8,20,60,1.0,0.9,6.0,0.025497
0.5,0.8,20,61,1.0,0.9,6.0,0.027004
0.5,0.8,20,62,0.0,-1.0,50.0,0.198996
0.5,0.8,20,63,0.0,-1.0,50.0,0.209002
0.5,0.8,20,64,0.0,-1.0,50.0,0.302499
0.5,0.8,20,65,0.0,-1.0,50.0,0.198999
0.5,0.8,20,66,0.0,-1.0,50.0,0.191999
0.5,0.8,20,67,1.0,0.9,6.0,0.028501
0.5,0.8,20,68,0.0,-1.0,50.0,0.2095
0.5,0.8,20,69,0.0,-1.0,50.0,0.3205
0.5,0.8,20,70,0.0,-1.0,50.0,0.241501
0.5,0.8,20,71,1.0,0.9,6.0,0.031001
0.5,0.8,20,72,1.0,0.9,6.0,0.030998
0.5,0.8,20,73,0.0,-1.0,50.0,0.231
0.5,0.8,20,74,0.0,-1.0,50.0,0.1935
0.5,0.8,20,75,0.0,-1.0,50.0,0.204499
0.5,0.8,20,76,1.0,0.9,6.0,0.027503
0.5,0.8,20,77,1.0,0.9,6.0,0.027998
0.5,0.8,20,78,1.0,0.9,6.0,0.029001
0.5,0.8,20,79,0.0,-1.0,50.0,0.198499
0.5,0.8,20,80,0.0,-1.0,50.0,0.201002
0.5,0.8,20,81,0.0,-1.0,50.0,0.216497
0.5,0.8,20,82,1.0,0.9,6.0,0.025501
0.5,0.8,20,83,0.0,-1.0,50.0,0.191502
0.5,0.8,20,84,0.0,-1.0,50.0,0.217501
0.5,0.8,20,85,1.0,0.9,6.0,0.031
0.5,0.8,20,86,0.0,-1.0,50.0,0.208999
0.5,0.8,20,87,0.0,-1.0,50.0,0.224501
0.5,0.8,20,88,0.0,-1.0,50.0,0.226001
0.5,0.8,20,89,0.0,-1.0,50.0,0.278
0.5,0.8,20,90,0.0,-1.0,50.0,0.210998
0.5,0.8,20,91,0.0,-1.0,50.0,0.217504
0.5,0.8,20,92,1.0,0.9,6.0,0.038498
0.5,0.8,20,93,1.0,0.9,6.0,0.025001
0.5,0.8,20,94,1.0,0.9,6.0,0.029499
0.5,0.8,20,95,1.0,0.9,6.0,0.029001
0.5,0.8,20,96,1.0,0.9,6.0,0.0335
0.5,0.8,20,97,0.0,-1.0,50.0,0.214498
0.5,0.8,20,98,1.0,0.9,6.0,0.0265
0.5,0.8,20,99,0.0,-1.0,50.0,0.227002
0.5,0.8,100,0,1.0,0.9,6.0,0.035499
0.5,0.8,100,1,1.0,0.9,6.0,0.034501
0.5,0.8,100,2,1.0,0.9,6.0,0.0435
0.5,0.8,100,3,1.0,0.9,6.0,0.034002
0.5,0.8,100,4,1.0,0.9,6.0,0.034498
0.5,0.8,100,5,1.0,0.9,6.0,0.0345
0.5,0.8,100,6,1.0,0.9,6.0,0.037
0.5,0.8,100,7,1.0,0.9,6.0,0.047
0.5,0.8,100,8,1.0,0.9,6.0,0.041001
0.5,0.8,100,9,1.0,0.9,6.0,0.036498
0.5,0.8,100,10,1.0,0.9,6.0,0.032502
0.5,0.8,100,11,1.0,0.9,6.0,0.034
0.5,0.8,100,12,1.0,0.9,6.0,0.035499
0.5,0.8,100,13,1.0,0.9,6.0,0.034502
0.5,0.8,100,14,1.0,0.9,6.0,0.034498
0.5,0.8,100,15,1.0,0.9,6.0,0.032537
0.5,0.8,100,16,1.0,0.9,6.0,0.033964
0.5,0.8,100,17,1.0,0.9,6.0,0.0305
0.5,0.8,100,18,1.0,0.9,6.0,0.036498
0.5,0.8,100,19,1.0,0.9,6.0,0.0335
0.5,0.8,100,20,1.0,0.9,6.0,0.034001
0.5,0.8,100,21,1.0,0.9,6.0,0.0325
0.5,0.8,100,22,1.0,0.9,6.0,0.033501
0.5,0.8,100,23,1.0,0.9,6.0,0.038
0.5,0.8,100,24,1.0,0.9,6.0,0.033999
0.5,0.8,100,25,1.0,0.9,6.0,0.038502
0.5,0.8,100,26,1.0,0.9,6.0,0.0345
0.5,0.8,100,27,1.0,0.9,6.0,0.037
0.5,0.8,100,28,1.0,0.9,6.0,0.040001
0.5,0.8,100,29,1.0,0.9,6.0,0.039999
0.5,0.8,100,30,1.0,0.9,6.0,0.034002
0.5,0.8,100,31,1.0,0.9,6.0,0.0355
0.5,0.8,100,32,1.0,0.9,6.0,0.034997
0.5,0.8,100,33,1.0,0.9,6.0,0.0335
0.5,0.8,100,34,1.0,0.9,6.0,0.033
0.5,0.8,100,35,1.0,0.9,6.0,0.033999
0.5,0.8,100,36,1.0,0.9,6.0,0.036001
0.5,0.8,100,37,1.0,0.9,6.0,0.0355
0.5,0.8,100,38,1.0,0.9,6.0,0.047001
0.5,0.8,100,39,1.0,0.9,6.0,0.034999
0.5,0.8,100,40,1.0,0.9,6.0,0.034001
0.5,0.8,100,41,1.0,0.9,6.0,0.033
0.5,0.8,100,42,1.0,0.9,6.0,0.035001
0.5,0.8,100,43,1.0,0.9,6.0,0.033999
0.5,0.8,100,44,1.0,0.9,6.0,0.0325
0.5,0.8,100,45,1.0,0.9,6.0,0.032001
0.5,0.8,100,46,1.0,0.9,6.0,0.034501
0.5,0.8,100,47,1.0,0.9,6.0,0.0375
0.5,0.8,100,48,1.0,0.9,6.0,0.032499
0.5,0.8,100,49,1.0,0.9,6.0,0.034001
0.5,0.8,100,50,1.0,0.9,6.0,0.033998
0.5,0.8,100,51,1.0,0.9,6.0,0.0345
0.5,0.8,100,52,1.0,0.9,6.0,0.0355
0.5,0.8,100,53,1.0,0.9,6.0,0.035
0.5,0.8,100,54,1.0,0.9,6.0,0.0345
0.5,0.8,100,55,1.0,0.9,6.0,0.0315
0.5,0.8,100,56,1.0,0.9,6.0,0.033502
0.5,0.8,100,57,1.0,0.9,6.0,0.037997
0.5,0.8,100,58,1.0,0.9,6.0,0.036002
0.5,0.8,100,59,1.0,0.9,6.0,0.034501
0.5,0.8,100,60,1.0,0.9,6.0,0.032997
0.5,0.8,100,61,1.0,0.9,6.0,0.031503
0.5,0.8,100,62,1.0,0.9,6.0,0.032499
0.5,0.8,100,63,1.0,0.9,6.0,0.033999
0.5,0.8,100,64,1.0,0.9,6.0,0.033502
0.5,0.8,100,65,1.0,0.9,6.0,0.032998
0.5,0.8,100,66,1.0,0.9,6.0,0.031999
0.5,0.8,100,67,1.0,0.9,6.0,0.054001
0.5,0.8,100,68,1.0,0.9,6.0,0.031501
0.5,0.8,100,69,1.0,0.9,6.0,0.033498
0.5,0.8,100,70,1.0,0.9,6.0,0.034501
0.5,0.8,100,71,1.0,0.9,6.0,0.037999
0.5,0.8,100,72,1.0,0.9,6.0,0.034001
0.5,0.8,100,73,1.0,0.9,6.0,0.0335
0.5,0.8,100,74,1.0,0.9,6.0,0.034501
0.5,0.8,100,75,1.0,0.9,6.0,0.033
0.5,0.8,100,76,1.0,0.9,6.0,0.032999
0.5,0.8,100,77,1.0,0.9,6.0,0.0315
0.5,0.8,100,78,1.0,0.9,6.0,0.034003
0.5,0.8,100,79,1.0,0.9,6.0,0.031998
0.5,0.8,100,80,1.0,0.9,6.0,0.034999
0.5,0.8,100,81,1.0,0.9,6.0,0.036499
0.5,0.8,100,82,1.0,0.9,6.0,0.036003
0.5,0.8,100,83,1.0,0.9,6.0,0.035498
0.5,0.8,100,84,1.0,0.9,6.0,0.0335
0.5,0.8,100,85,1.0,0.9,6.0,0.0345
0.5,0.8,100,86,1.0,0.9,6.0,0.034002
0.5,0.8,100,87,1.0,0.9,6.0,0.033998
0.5,0.8,100,88,1.0,0.9,6.0,0.035
0.5,0.8,100,89,1.0,0.9,6.0,0.0365
0.5,0.8,100,90,1.0,0.9,6.0,0.033
0.5,0.8,100,91,1.0,0.9,6.0,0.033999
0.5,0.8,100,92,1.0,0.9,6.0,0.031502
0.5,0.8,100,93,1.0,0.9,6.0,0.030498
0.5,0.8,100,94,1.0,0.9,6.0,0.0335
0.5,0.8,100,95,1.0,0.9,6.0,0.034001
0.5,0.8,100,96,1.0,0.9,6.0,0.044
0.5,0.8,100,97,1.0,0.9,6.0,0.034003
0.5,0.8,100,98,1.0,0.9,6.0,0.031998
0.5,0.8,100,99,1.0,0.9,6.0,0.030999
0.5,0.8,500,0,1.0,0.9,6.0,0.095
0.5,0.8,500,1,1.0,0.9,6.0,0.088501
0.5,0.8,500,2,1.0,0.9,6.0,0.0855
0.5,0.8,500,3,1.0,0.9,6.0,0.079499
0.5,0.8,500,4,1.0,0.9,6.0,0.081001
0.5,0.8,500,5,1.0,0.9,6.0,0.0835
0.5,0.8,500,6,1.0,0.9,6.0,0.089499
0.5,0.8,500,7,1.0,0.9,6.0,0.089499
0.5,0.8,500,8,1.0,0.9,6.0,0.077499
0.5,0.8,500,9,1.0,0.9,6.0,0.075003
0.5,0.8,500,10,1.0,0.9,6.0,0.072499
0.5,0.8,500,11,1.0,0.9,6.0,0.071499
0.5,0.8,500,12,1.0,0.9,6.0,0.082499
0.5,0.8,500,13,1.0,0.9,6.0,0.091502
0.5,0.8,500,14,1.0,0.9,6.0,0.082497
0.5,0.8,500,15,1.0,0.9,6.0,0.086003
0.5,0.8,500,16,1.0,0.9,6.0,0.075498
0.5,0.8,500,17,1.0,0.9,6.0,0.072999
0.5,0.8,500,18,1.0,0.9,6.0,0.077002
0.5,0.8,500,19,1.0,0.9,6.0,0.072998
0.5,0.8,500,20,1.0,0.9,6.0,0.074501
0.5,0.8,500,21,1.0,0.9,6.0,0.071
0.5,0.8,500,22,1.0,0.9,6.0,0.072
0.5,0.8,500,23,1.0,0.9,6.0,0.078001
0.5,0.8,500,24,1.0,0.9,6.0,0.070001
0.5,0.8,500,25,1.0,0.9,6.0,0.0735
0.5,0.8,500,26,1.0,0.9,6.0,0.073
0.5,0.8,500,27,1.0,0.9,6.0,0.076999
0.5,0.8,500,28,1.0,0.9,6.0,0.071001
0.5,0.8,500,29,1.0,0.9,6.0,0.077001
0.5,0.8,500,30,1.0,0.9,6.0,0.077499
0.5,0.8,500,31,1.0,0.9,6.0,0.0735
0.5,0.8,500,32,1.0,0.9,6.0,0.074502
0.5,0.8,500,33,1.0,0.9,6.0,0.073503
0.5,0.8,500,34,1.0,0.9,6.0,0.074496
0.5,0.8,500,35,1.0,0.9,6.0,0.087002
0.5,0.8,500,36,1.0,0.9,6.0,0.089501
0.5,0.8,500,37,1.0,0.9,6.0,0.075499
0.5,0.8,500,38,1.0,0.9,6.0,0.071501
0.5,0.8,500,39,1.0,0.9,6.0,0.076497
0.5,0.8,500,40,1.0,0.9,6.0,0.077
0.5,0.8,500,41,1.0,0.9,6.0,0.0735
0.5,0.8,500,42,1.0,0.9,6.0,0.075003
0.5,0.8,500,43,1.0,0.9,6.0,0.0765
0.5,0.8,500,44,1.0,0.9,6.0,0.075498
0.5,0.8,500,45,1.0,0.9,6.0,0.073004
0.5,0.8,500,46,1.0,0.9,6.0,0.078997
0.5,0.8,500,47,1.0,0.9,6.0,0.095499
0.5,0.8,500,48,1.0,0.9,6.0,0.119173
0.5,0.8,500,49,1.0,0.9,6.0,0.087
0.5,0.8,500,50,1.0,0.9,6.0,0.078502
0.5,0.8,500,51,1.0,0.9,6.0,0.081499
0.5,0.8,500,52,1.0,0.9,6.0,0.090499
0.5,0.8,500,53,1.0,0.9,6.0,0.083999
0.5,0.8,500,54,1.0,0.9,6.0,0.081499
0.5,0.8,500,55,1.0,0.9,6.0,0.08
0.5,0.8,500,56,1.0,0.9,6.0,0.074999
0.5,0.8,500,57,1.0,0.9,6.0,0.074999
0.5,0.8,500,58,1.0,0.9,6.0,0.073
0.5,0.8,500,59,1.0,0.9,6.0,0.083501
0.5,0.8,500,60,1.0,0.9,6.0,0.076
0.5,0.8,500,61,1.0,0.9,6.0,0.092002
0.5,0.8,500,62,1.0,0.9,6.0,0.077998
0.5,0.8,500,63,1.0,0.9,6.0,0.076
0.5,0.8,500,64,1.0,0.9,6.0,0.071501
0.5,0.8,500,65,1.0,0.9,6.0,0.074998
0.5,0.8,500,66,1.0,0.9,6.0,0.077001
0.5,0.8,500,67,1.0,0.9,6.0,0.072998
0.5,0.8,500,68,1.0,0.9,6.0,0.072501
0.5,0.8,500,69,1.0,0.9,6.0,0.076
0.5,0.8,500,70,1.0,0.9,6.0,0.073999
0.5,0.8,500,71,1.0,0.9,6.0,0.073001
0.5,0.8,500,72,1.0,0.9,6.0,0.076501
0.5,0.8,500,73,1.0,0.9,6.0,0.0755
0.5,0.8,500,74,1.0,0.9,6.0,0.074999
0.5,0.8,500,75,1.0,0.9,6.0,0.073002
0.5,0.8,500,76,1.0,0.9,6.0,0.077498
0.5,0.8,500,77,1.0,0.9,6.0,0.071999
0.5,0.8,500,78,1.0,0.9,6.0,0.076502
0.5,0.8,500,79,1.0,0.9,6.0,0.076499
0.5,0.8,500,80,1.0,0.9,6.0,0.073001
0.5,0.8,500,81,1.0,0.9,6.0,0.074498
0.5,0.8,500,82,1.0,0.9,6.0,0.070002
0.5,0.8,500,83,1.0,0.9,6.0,0.072998
0.5,0.8,500,84,1.0,0.9,6.0,0.073504
0.5,0.8,500,85,1.0,0.9,6.0,0.074499
0.5,0.8,500,86,1.0,0.9,6.0,0.072999
0.5,0.8,500,87,1.0,0.9,6.0,0.086504
0.5,0.8,500,88,1.0,0.9,6.0,0.077496
0.5,0.8,500,89,1.0,0.9,6.0,0.070501
0.5,0.8,500,90,1.0,0.9,6.0,0.074004
0.5,0.8,500,91,1.0,0.9,6.0,0.071997
0.5,0.8,500,92,1.0,0.9,6.0,0.073499
0.5,0.8,500,93,1.0,0.9,6.0,0.073001
0.5,0.8,500,94,1.0,0.9,6.0,0.071997
0.5,0.8,500,95,1.0,0.9,6.0,0.071999
0.5,0.8,500,96,1.0,0.9,6.0,0.073002
0.5,0.8,500,97,1.0,0.9,6.0,0.073499
0.5,0.8,500,98,1.0,0.9,6.0,0.0745
0.5,0.8,500,99,1.0,0.9,6.0,0.077
0.5,0.8,2000,0,1.0,0.9,6.0,0.241999
0.5,0.8,2000,1,1.0,0.9,6.0,0.226001
0.5,0.8,2000,2,1.0,0.9,6.0,0.2225
0.5,0.8,2000,3,1.0,0.9,6.0,0.211501
0.5,0.8,2000,4,1.0,0.9,6.0,0.217
0.5,0.8,2000,5,1.0,0.9,6.0,0.22
0.5,0.8,2000,6,1.0,0.9,6.0,0.220112
0.5,0.8,2000,7,1.0,0.9,6.0,0.215387
0.5,0.8,2000,8,1.0,0.9,6.0,0.218501
0.5,0.8,2000,9,1.0,0.9,6.0,0.233499
0.5,0.8,2000,10,1.0,0.9,6.0,0.233001
0.5,0.8,2000,11,1.0,0.9,6.0,0.222499
0.5,0.8,2000,12,1.0,0.9,6.0,0.217001
0.5,0.8,2000,13,1.0,0.9,6.0,0.217001
0.5,0.8,2000,14,1.0,0.9,6.0,0.219498
0.5,0.8,2000,15,1.0,0.9,6.0,0.228499
0.5,0.8,2000,16,1.0,0.9,6.0,0.218501
0.5,0.8,2000,17,1.0,0.9,6.0,0.218001
0.5,0.8,2000,18,1.0,0.9,6.0,0.220502
0.5,0.8,2000,19,1.0,0.9,6.0,0.216587
0.5,0.8,2000,20,1.0,0.9,6.0,0.222999
0.5,0.8,2000,21,1.0,0.9,6.0,0.212498
0.5,0.8,2000,22,1.0,0.9,6.0,0.222502
0.5,0.8,2000,23,1.0,0.9,6.0,0.207499
0.5,0.8,2000,24,1.0,0.9,6.0,0.214
0.5,0.8,2000,25,1.0,0.9,6.0,0.226001
0.5,0.8,2000,26,1.0,0.9,6.0,0.216499
0.5,0.8,2000,27,1.0,0.9,6.0,0.218
0.5,0.8,2000,28,1.0,0.9,6.0,0.211499
0.5,0.8,2000,29,1.0,0.9,6.0,0.224
0.5,0.8,2000,30,1.0,0.9,6.0,0.2145
0.5,0.8,2000,31,1.0,0.9,6.0,0.209
0.5,0.8,2000,32,1.0,0.9,6.0,0.217501
0.5,0.8,2000,33,1.0,0.9,6.0,0.210999
0.5,0.8,2000,34,1.0,0.9,6.0,0.220999
0.5,0.8,2000,35,1.0,0.9,6.0,0.2145
0.5,0.8,2000,36,1.0,0.9,6.0,0.219
0.5,0.8,2000,37,1.0,0.9,6.0,0.2215
0.5,0.8,2000,38,1.0,0.9,6.0,0.211499
0.5,0.8,2000,39,1.0,0.9,6.0,0.218501
0.5,0.8,2000,40,1.0,0.9,6.0,0.218499
0.5,0.8,2000,41,1.0,0.9,6.0,0.216002
0.5,0.8,2000,42,1.0,0.9,6.0,0.215498
0.5,0.8,2000,43,1.0,0.9,6.0,0.217
0.5,0.8,2000,44,1.0,0.9,6.0,0.215501
0.5,0.8,2000,45,1.0,0.9,6.0,0.214
0.5,0.8,2000,46,1.0,0.9,6.0,0.224001
0.5,0.8,2000,47,1.0,0.9,6.0,0.224689
0.5,0.8,2000,48,1.0,0.9,6.0,0.216812
0.5,0.8,2000,49,1.0,0.9,6.0,0.210999
0.5,0.8,2000,50,1.0,0.9,6.0,0.22
0.5,0.8,2000,51,1.0,0.9,6.0,0.2125
0.5,0.8,2000,52,1.0,0.9,6.0,0.2155
0.5,0.8,2000,53,1.0,0.9,6.0,0.2175
0.5,0.8,2000,54,1.0,0.9,6.0,0.220501
0.5,0.8,2000,55,1.0,0.9,6.0,0.224499
0.5,0.8,2000,56,1.0,0.9,6.0,0.223998
0.5,0.8,2000,57,1.0,0.9,6.0,0.220001
0.5,0.8,2000,58,1.0,0.9,6.0,0.2095
0.5,0.8,2000,59,1.0,0.9,6.0,0.2485
0.5,0.8,2000,60,1.0,0.9,6.0,0.217999
0.5,0.8,2000,61,1.0,0.9,6.0,0.246998
0.5,0.8,2000,62,1.0,0.9,6.0,0.266001
0.5,0.8,2000,63,1.0,0.9,6.0,0.227003
0.5,0.8,2000,64,1.0,0.9,6.0,0.218498
0.5,0.8,2000,65,1.0,0.9,6.0,0.215999
0.5,0.8,2000,66,1.0,0.9,6.0,0.227003
0.5,0.8,2000,67,1.0,0.9,6.0,0.206999
0.5,0.8,2000,68,1.0,0.9,6.0,0.231998
0.5,0.8,2000,69,1.0,0.9,6.0,0.221499
0.5,0.8,2000,70,1.0,0.9,6.0,0.2385
0.5,0.8,2000,71,1.0,0.9,6.0,0.224999
0.5,0.8,2000,72,1.0,0.9,6.0,0.2405
0.5,0.8,2000,73,1.0,0.9,6.0,0.225002
0.5,0.8,2000,74,1.0,0.9,6.0,0.212499
0.5,0.8,2000,75,1.0,0.9,6.0,0.222003
0.5,0.8,2000,76,1.0,0.9,6.0,0.216498
0.5,0.8,2000,77,1.0,0.9,6.0,0.289501
0.5,0.8,2000,78,1.0,0.9,6.0,0.225999
0.5,0.8,2000,79,1.0,0.9,6.0,0.227499
0.5,0.8,2000,80,1.0,0.9,6.0,0.2235
0.5,0.8,2000,81,1.0,0.9,6.0,0.215501
0.5,0.8,2000,82,1.0,0.9,6.0,0.222999
0.5,0.8,2000,83,1.0,0.9,6.0,0.2175
0.5,0.8,2000,84,1.0,0.9,6.0,0.218501
0.5,0.8,2000,85,1.0,0.9,6.0,0.215001
0.5,0.8,2000,86,1.0,0.9,6.0,0.219999
0.5,0.8,2000,87,1.0,0.9,6.0,0.214
0.5,0.8,2000,88,1.0,0.9,6.0,0.225502
0.5,0.8,2000,89,1.0,0.9,6.0,0.207997
0.5,0.8,2000,90,1.0,0.9,6.0,0.240501
0.5,0.8,2000,91,1.0,0.9,6.0,0.222501
0.5,0.8,2000,92,1.0,0.9,6.0,0.222999
0.5,0.8,2000,93,1.0,0.9,6.0,0.215999
0.5,0.8,2000,94,1.0,0.9,6.0,0.2145
0.5,0.8,2000,95,1.0,0.9,6.0,0.2205
0.5,0.8,2000,96,1.0,0.9,6.0,0.2175
0.5,0.8,2000,97,1.0,0.9,6.0,0.222499
0.5,0.8,2000,98,1.0,0.9,6.0,0.221004
0.5,0.8,2000,99,1.0,0.9,6.0,0.228
0.5,0.95,20,0,1.0,0.9,6.0,0.035997
0.5,0.95,20,1,0.0,-1.0,50.0,0.205999
0.5,0.95,20,2,0.0,-1.0,50.0,0.193
0.5,0.95,20,3,1.0,0.9,6.0,0.025
0.5,0.95,20,4,1.0,0.9,6.0,0.028001
0.5,0.95,20,5,0.0,-1.0,50.0,0.197001
0.5,0.95,20,6,1.0,0.9,6.0,0.027498
0.5,0.95,20,7,0.0,-1.0,50.0,0.206501
0.5,0.95,20,8,0.0,-1.0,50.0,0.200589
0.5,0.95,20,9,1.0,0.9,6.0,0.027999
0.5,0.95,20,10,0.0,-1.0,50.0,0.204498
0.5,0.95,20,11,1.0,0.9,6.0,0.025001
0.5,0.95,20,12,1.0,0.9,6.0,0.027002
0.5,0.95,20,13,1.0,0.9,6.0,0.029499
0.5,0.95,20,14,0.0,-1.0,50.0,0.196501
0.5,0.95,20,15,0.0,-1.0,50.0,0.202
0.5,0.95,20,16,0.0,-1.0,50.0,0.2085
0.5,0.95,20,17,1.0,0.9,6.0,0.0275
0.5,0.95,20,18,0.0,-1.0,50.0,0.199999
0.5,0.95,20,19,1.0,0.9,6.0,0.0285
0.5,0.95,20,20,0.0,-1.0,50.0,0.193501
0.5,0.95,20,21,0.0,-1.0,50.0,0.192998
0.5,0.95,20,22,0.0,-1.0,50.0,0.198001
0.5,0.95,20,23,1.0,0.9,6.0,0.029001
0.5,0.95,20,24,0.0,-1.0,50.0,0.190498
0.5,0.95,20,25,0.0,-1.0,50.0,0.227001
0.5,0.95,20,26,0.0,-1.0,50.0,0.191998
0.5,0.95,20,27,0.0,-1.0,50.0,0.2005
0.5,0.95,20,28,0.0,-1.0,50.0,0.241001
0.5,0.95,20,29,1.0,0.9,6.0,0.027501
0.5,0.95,20,30,0.0,-1.0,50.0,0.22
0.5,0.95,20,31,0.0,-1.0,50.0,0.225999
0.5,0.95,20,32,0.0,-1.0,50.0,0.201502
0.5,0.95,20,33,0.0,-1.0,50.0,0.2105
0.5,0.95,20,34,1.0,0.9,6.0,0.028999
0.5,0.95,20,35,1.0,0.9,6.0,0.029001
0.5,0.95,20,36,1.0,0.9,6.0,0.0345
0.5,0.95,20,37,0.0,-1.0,50.0,0.204499
0.5,0.95,20,38,0.0,-1.0,50.0,0.1935
0.5,0.95,20,39,0.0,-1.0,50.0,0.1935
0.5,0.95,20,40,0.0,-1.0,50.0,0.192501
0.5,0.95,20,41,0.0,-1.0,50.0,0.1955
0.5,0.95,20,42,1.0,0.9,6.0,0.028002
0.5,0.95,20,43,1.0,0.9,6.0,0.026499
0.5,0.95,20,44,1.0,0.9,6.0,0.026001
0.5,0.95,20,45,0.0,-1.0,50.0,0.200501
0.5,0.95,20,46,0.0,-1.0,50.0,0.211502
0.5,0.95,20,47,0.0,-1.0,50.0,0.191997
0.5,0.95,20,48,0.0,-1.0,50.0,0.197998
0.5,0.95,20,49,0.0,-1.0,50.0,0.201499
0.5,0.95,20,50,0.0,-1.0,50.0,0.1955
0.5,0.95,20,51,0.0,-1.0,50.0,0.195499
0.5,0.95,20,52,0.0,-1.0,50.0,0.192501
0.5,0.95,20,53,0.0,-1.0,50.0,0.194
0.5,0.95,20,54,0.0,-1.0,50.0,0.198
0.5,0.95,20,55,0.0,-1.0,50.0,0.188498
0.5,0.95,20,56,1.0,0.9,6.0,0.028502
0.5,0.95,20,57,1.0,0.9,6.0,0.024
0.5,0.95,20,58,0.0,-1.0,50.0,0.2035
0.5,0.95,20,59,0.0,-1.0,50.0,0.195
0.5,0.95,20,60,1.0,0.9,6.0,0.0285
0.5,0.95,20,61,0.0,-1.0,50.0,0.1995
0.5,0.95,20,62,0.0,-1.0,50.0,0.2095
0.5,0.95,20,63,0.0,-1.0,50.0,0.205501
0.5,0.95,20,64,1.0,0.9,6.0,0.028036
0.5,0.95,20,65,0.0,-1.0,50.0,0.212963
0.5,0.95,20,66,1.0,0.9,6.0,0.030001
0.5,0.95,20,67,0.0,-1.0,50.0,0.193001
0.5,0.95,20,68,0.0,-1.0,50.0,0.214998
0.5,0.95,20,69,1.0,0.9,6.0,0.036999
0.5,0.95,20,70,0.0,-1.0,50.0,0.209501
0.5,0.95,20,71,0.0,-1.0,50.0,0.195
0.5,0.95,20,72,0.0,-1.0,50.0,0.208
0.5,0.95,20,73,0.0,-1.0,50.0,0.200501
0.5,0.95,20,74,0.0,-1.0,50.0,0.203997
0.5,0.95,20,75,0.0,-1.0,50.0,0.2065
0.5,0.95,20,76,1.0,0.9,6.0,0.030001
0.5,0.95,20,77,1.0,0.9,6.0,0.0295
0.5,0.95,20,78,1.0,0.9,6.0,0.0285
0.5,0.95,20,79,0.0,-1.0,50.0,0.202
0.5,0.95,20,80,0.0,-1.0,50.0,0.2045
0.5,0.95,20,81,0.0,-1.0,50.0,0.203498
0.5,0.95,20,82,0.0,-1.0,50.0,0.208001
0.5,0.95,20,83,0.0,-1.0,50.0,0.202
0.5,0.95,20,84,1.0,0.9,6.0,0.026999
0.5,0.95,20,85,1.0,0.9,6.0,0.029001
0.5,0.95,20,86,0.0,-1.0,50.0,0.2045
0.5,0.95,20,87,0.0,-1.0,50.0,0.237
0.5,0.95,20,88,0.0,-1.0,50.0,0.228
0.5,0.95,20,89,1.0,0.9,6.0,0.029498
0.5,0.95,20,90,0.0,-1.0,50.0,0.216
0.5,0.95,20,91,0.0,-1.0,50.0,0.224499
0.5,0.95,20,92,1.0,0.9,6.0,0.030001
0.5,0.95,20,93,1.0,0.9,6.0,0.028001
0.5,0.95,20,94,1.0,0.9,6.0,0.027501
0.5,0.95,20,95,0.0,-1.0,50.0,0.196498
0.5,0.95,20,96,0.0,-1.0,50.0,0.206897
0.5,0.95,20,97,0.0,-1.0,50.0,0.237999
0.5,0.95,20,98,1.0,0.9,6.0,0.026999
0.5,0.95,20,99,0.0,-1.0,50.0,0.197001
0.5,0.95,100,0,1.0,0.9,6.0,0.035001
0.5,0.95,100,1,1.0,0.9,6.0,0.034499
0.5,0.95,100,2,1.0,0.9,6.0,0.037003
0.5,0.95,100,3,1.0,0.9,6.0,0.034497
0.5,0.95,100,4,1.0,0.9,6.0,0.034501
0.5,0.95,100,5,1.0,0.9,6.0,0.0335
0.5,0.95,100,6,1.0,0.9,6.0,0.036
0.5,0.95,100,7,1.0,0.9,6.0,0.034499
0.5,0.95,100,8,1.0,0.9,6.0,0.0335
0.5,0.95,100,9,1.0,0.9,6.0,0.0365
0.5,0.95,100,10,1.0,0.9,6.0,0.034999
0.5,0.95,100,11,1.0,0.9,6.0,0.035
0.5,0.95,100,12,1.0,0.9,6.0,0.034503
0.5,0.95,100,13,1.0,0.9,6.0,0.035999
0.5,0.95,100,14,1.0,0.9,6.0,0.0325
0.5,0.95,100,15,1.0,0.9,6.0,0.033999
0.5,0.95,100,16,1.0,0.9,6.0,0.0345
0.5,0.95,100,17,1.0,0.9,6.0,0.031999
0.5,0.95,100,18,1.0,0.9,6.0,0.034502
0.5,0.95,100,19,1.0,0.9,6.0,0.033
0.5,0.95,100,20,1.0,0.9,6.0,0.0345
0.5,0.95,100,21,1.0,0.9,6.0,0.032998
0.5,0.95,100,22,1.0,0.9,6.0,0.033002
0.5,0.95,100,23,1.0,0.9,6.0,0.033499
0.5,0.95,100,24,1.0,0.9,6.0,0.032499
0.5,0.95,100,25,1.0,0.9,6.0,0.038
0.5,0.95,100,26,1.0,0.9,6.0,0.034999
0.5,0.95,100,27,1.0,0.9,6.0,0.03551
0.5,0.95,100,28,1.0,0.9,6.0,0.03599
0.5,0.95,100,29,1.0,0.9,6.0,0.0375
0.5,0.95,100,30,1.0,0.9,6.0,0.034
0.5,0.95,100,31,1.0,0.9,6.0,0.034
0.5,0.95,100,32,1.0,0.9,6.0,0.032001
0.5,0.95,100,33,1.0,0.9,6.0,0.035498
0.5,0.95,100,34,1.0,0.9,6.0,0.0335
0.5,0.95,100,35,1.0,0.9,6.0,0.032
0.5,0.95,100,36,1.0,0.9,6.0,0.0315
0.5,0.95,100,37,1.0,0.9,6.0,0.036501
0.5,0.95,100,38,1.0,0.9,6.0,0.032553
0.5,0.95,100,39,1.0,0.9,6.0,0.034946
0.5,0.95,100,40,1.0,0.9,6.0,0.034
0.5,0.95,100,41,1.0,0.9,6.0,0.035998
0.5,0.95,100,42,1.0,0.9,6.0,0.037
0.5,0.95,100,43,1.0,0.9,6.0,0.034
0.5,0.95,100,44,1.0,0.9,6.0,0.034999
0.5,0.95,100,45,1.0,0.9,6.0,0.0335
0.5,0.95,100,46,1.0,0.9,6.0,0.034001
0.5,0.95,100,47,1.0,0.9,6.0,0.0305
0.5,0.95,100,48,1.0,0.9,6.0,0.032001
0.5,0.95,100,49,1.0,0.9,6.0,0.029999
0.5,0.95,100,50,1.0,0.9,6.0,0.035002
0.5,0.95,100,51,1.0,0.9,6.0,0.038498
0.5,0.95,100,52,1.0,0.9,6.0,0.033501
0.5,0.95,100,53,1.0,0.9,6.0,0.0345
0.5,0.95,100,54,1.0,0.9,6.0,0.035502
0.5,0.95,100,55,1.0,0.9,6.0,0.037502
0.5,0.95,100,56,1.0,0.9,6.0,0.032498
0.5,0.95,100,57,1.0,0.9,6.0,0.037001
0.5,0.95,100,58,1.0,0.9,6.0,0.033499
0.5,0.95,100,59,1.0,0.9,6.0,0.036
0.5,0.95,100,60,1.0,0.9,6.0,0.038499
0.5,0.95,100,61,1.0,0.9,6.0,0.033504
0.5,0.95,100,62,1.0,0.9,6.0,0.034502
0.5,0.95,100,63,1.0,0.9,6.0,0.031997
0.5,0.95,100,64,1.0,0.9,6.0,0.033
0.5,0.95,100,65,1.0,0.9,6.0,0.031001
0.5,0.95,100,66,1.0,0.9,6.0,0.031999
0.5,0.95,100,67,1.0,0.9,6.0,0.032019
0.5,0.95,100,68,1.0,0.9,6.0,0.033484
0.5,0.95,100,69,1.0,0.9,6.0,0.036496
0.5,0.95,100,70,1.0,0.9,6.0,0.035999
0.5,0.95,100,71,1.0,0.9,6.0,0.034
0.5,0.95,100,72,1.0,0.9,6.0,0.031501
0.5,0.95,100,73,1.0,0.9,6.0,0.032999
0.5,0.95,100,74,1.0,0.9,6.0,0.0335
0.5,0.95,100,75,1.0,0.9,6.0,0.033503
0.5,0.95,100,76,1.0,0.9,6.0,0.031997
0.5,0.95,100,77,1.0,0.9,6.0,0.0315
0.5,0.95,100,78,1.0,0.9,6.0,0.034
0.5,0.95,100,79,1.0,0.9,6.0,0.0305
0.5,0.95,100,80,1.0,0.9,6.0,0.034001
0.5,0.95,100,81,1.0,0.9,6.0,0.033408
0.5,0.95,100,82,1.0,0.9,6.0,0.031001
0.5,0.95,100,83,1.0,0.9,6.0,0.030501
0.5,0.95,100,84,1.0,0.9,6.0,0.034497
0.5,0.95,100,85,1.0,0.9,6.0,0.035002
0.5,0.95,100,86,1.0,0.9,6.0,0.033998
0.5,0.95,100,87,1.0,0.9,6.0,0.036501
0.5,0.95,100,88,1.0,0.9,6.0,0.034502
0.5,0.95,100,89,1.0,0.9,6.0,0.032497
0.5,0.95,100,90,1.0,0.9,6.0,0.035
0.5,0.95,100,91,1.0,0.9,6.0,0.035001
0.5,0.95,100,92,1.0,0.9,6.0,0.036
0.5,0.95,100,93,1.0,0.9,6.0,0.031999
0.5,0.95,100,94,1.0,0.9,6.0,0.032999
0.5,0.95,100,95,1.0,0.9,6.0,0.035501
0.5,0.95,100,96,1.0,0.9,6.0,0.0325
0.5,0.95,100,97,1.0,0.9,6.0,0.033
0.5,0.95,100,98,1.0,0.9,6.0,0.0295
0.5,0.95,100,99,1.0,0.9,6.0,0.034499
0.5,0.95,500,0,1.0,0.9,6.0,0.075
0.5,0.95,500,1,1.0,0.9,6.0,0.071
0.5,0.95,500,2,1.0,0.9,6.0,0.074001
0.5,0.95,500,3,1.0,0.9,6.0,0.079
0.5,0.95,500,4,1.0,0.9,6.0,0.079998
0.5,0.95,500,5,1.0,0.9,6.0,0.072001
0.5,0.95,500,6,1.0,0.9,6.0,0.072999
0.5,0.95,500,7,1.0,0.9,6.0,0.077034
0.5,0.95,500,8,1.0,0.9,6.0,0.071465
0.5,0.95,500,9,1.0,0.9,6.0,0.075001
0.5,0.95,500,10,1.0,0.9,6.0,0.073498
0.5,0.95,500,11,1.0,0.9,6.0,0.071
0.5,0.95,500,12,1.0,0.9,6.0,0.076003
0.5,0.95,500,13,1.0,0.9,6.0,0.076998
0.5,0.95,500,14,1.0,0.9,6.0,0.071999
0.5,0.95,500,15,1.0,0.9,6.0,0.075001
0.5,0.95,500,16,1.0,0.9,6.0,0.074
0.5,0.95,500,17,1.0,0.9,6.0,0.0735
0.5,0.95,500,18,1.0,0.9,6.0,0.075
0.5,0.95,500,19,1.0,0.9,6.0,0.075
0.5,0.95,500,20,1.0,0.9,6.0,0.075499
0.5,0.95,500,21,1.0,0.9,6.0,0.074503
0.5,0.95,500,22,1.0,0.9,6.0,0.0725
0.5,0.95,500,23,1.0,0.9,6.0,0.076499
0.5,0.95,500,24,1.0,0.9,6.0,0.076498
0.5,0.95,500,25,1.0,0.9,6.0,0.074
0.5,0.95,500,26,1.0,0.9,6.0,0.073
0.5,0.95,500,27,1.0,0.9,6.0,0.077501
0.5,0.95,500,28,1.0,0.9,6.0,0.069499
0.5,0.95,500,29,1.0,0.9,6.0,0.0695
0.5,0.95,500,30,1.0,0.9,6.0,0.076
0.5,0.95,500,31,1.0,0.9,6.0,0.084499
0.5,0.95,500,32,1.0,0.9,6.0,0.080501
0.5,0.95,500,33,1.0,0.9,6.0,0.076
0.5,0.95,500,34,1.0,0.9,6.0,0.075999
0.5,0.95,500,35,1.0,0.9,6.0,0.076999
0.5,0.95,500,36,1.0,0.9,6.0,0.0715
0.5,0.95,500,37,1.0,0.9,6.0,0.073
0.5,0.95,500,38,1.0,0.9,6.0,0.0735
0.5,0.95,500,39,1.0,0.9,6.0,0.079501
0.5,0.95,500,40,1.0,0.9,6.0,0.081998
0.5,0.95,500,41,1.0,0.9,6.0,0.076999
0.5,0.95,500,42,1.0,0.9,6.0,0.079594
0.5,0.95,500,43,1.0,0.9,6.0,0.071408
0.5,0.95,500,44,1.0,0.9,6.0,0.076999
0.5,0.95,500,45,1.0,0.9,6.0,0.0765
0.5,0.95,500,46,1.0,0.9,6.0,0.076501
0.5,0.95,500,47,1.0,0.9,6.0,0.081501
0.5,0.95,500,48,1.0,0.9,6.0,0.077998
0.5,0.95,500,49,1.0,0.9,6.0,0.084
0.5,0.95,500,50,1.0,0.9,6.0,0.080499
0.5,0.95,500,51,1.0,0.9,6.0,0.077501
0.5,0.95,500,52,1.0,0.9,6.0,0.083002
0.5,0.95,500,53,1.0,0.9,6.0,0.088498
0.5,0.95,500,54,1.0,0.9,6.0,0.0775
0.5,0.95,500,55,1.0,0.9,6.0,0.08
0.5,0.95,500,56,1.0,0.9,6.0,0.0775
0.5,0.95,500,57,1.0,0.9,6.0,0.0795
0.5,0.95,500,58,1.0,0.9,6.0,0.077
0.5,0.95,500,59,1.0,0.9,6.0,0.088
0.5,0.95,500,60,1.0,0.9,6.0,0.083498
0.5,0.95,500,61,1.0,0.9,6.0,0.085501
0.5,0.95,500,62,1.0,0.9,6.0,0.084508
0.5,0.95,500,63,1.0,0.9,6.0,0.079492
0.5,0.95,500,64,1.0,0.9,6.0,0.077502
0.5,0.95,500,65,1.0,0.9,6.0,0.085498
0.5,0.95,500,66,1.0,0.9,6.0,0.087003
0.5,0.95,500,67,1.0,0.9,6.0,0.086997
0.5,0.95,500,68,1.0,0.9,6.0,0.086
0.5,0.95,500,69,1.0,0.9,6.0,0.080002
0.5,0.95,500,70,1.0,0.9,6.0,0.083
0.5,0.95,500,71,1.0,0.9,6.0,0.077499
0.5,0.95,500,72,1.0,0.9,6.0,0.079001
0.5,0.95,500,73,1.0,0.9,6.0,0.072999
0.5,0.95,500,74,1.0,0.9,6.0,0.080001
0.5,0.95,500,75,1.0,0.9,6.0,0.079
0.5,0.95,500,76,1.0,0.9,6.0,0.076
0.5,0.95,500,77,1.0,0.9,6.0,0.077501
0.5,0.95,500,78,1.0,0.9,6.0,0.074999
0.5,0.95,500,79,1.0,0.9,6.0,0.073999
0.5,0.95,500,80,1.0,0.9,6.0,0.072001
0.5,0.95,500,81,1.0,0.9,6.0,0.0745
0.5,0.95,500,82,1.0,0.9,6.0,0.0775
0.5,0.95,500,83,1.0,0.9,6.0,0.105501
0.5,0.95,500,84,1.0,0.9,6.0,0.113498
0.5,0.95,500,85,1.0,0.9,6.0,0.085502
0.5,0.95,500,86,1.0,0.9,6.0,0.073999
0.5,0.95,500,87,1.0,0.9,6.0,0.074
0.5,0.95,500,88,1.0,0.9,6.0,0.0815
0.5,0.95,500,89,1.0,0.9,6.0,0.079
0.5,0.95,500,90,1.0,0.9,6.0,0.083501
0.5,0.95,500,91,1.0,0.9,6.0,0.078
0.5,0.95,500,92,1.0,0.9,6.0,0.076001
0.5,0.95,500,93,1.0,0.9,6.0,0.0735
0.5,0.95,500,94,1.0,0.9,6.0,0.086
0.5,0.95,500,95,1.0,0.9,6.0,0.0745
0.5,0.95,500,96,1.0,0.9,6.0,0.076001
0.5,0.95,500,97,1.0,0.9,6.0,0.081
0.5,0.95,500,98,1.0,0.9,6.0,0.072502
0.5,0.95,500,99,1.0,0.9,6.0,0.073999
0.5,0.95,2000,0,1.0,0.9,6.0,0.269001
0.5,0.95,2000,1,1.0,0.9,6.0,0.2735
0.5,0.95,2000,2,1.0,0.9,6.0,0.281
0.5,0.95,2000,3,1.0,0.9,6.0,0.2325
0.5,0.95,2000,4,1.0,0.9,6.0,0.239499
0.5,0.95,2000,5,1.0,0.9,6.0,0.227
0.5,0.95,2000,6,1.0,0.9,6.0,0.222999
0.5,0.95,2000,7,1.0,0.9,6.0,0.230001
0.5,0.95,2000,8,1.0,0.9,6.0,0.224
0.5,0.95,2000,9,1.0,0.9,6.0,0.223499
0.5,0.95,2000,10,1.0,0.9,6.0,0.228498
0.5,0.95,2000,11,1.0,0.9,6.0,0.2235
0.5,0.95,2000,12,1.0,0.9,6.0,0.239501
0.5,0.95,2000,13,1.0,0.9,6.0,0.248498
0.5,0.95,2000,14,1.0,0.9,6.0,0.223
0.5,0.95,2000,15,1.0,0.9,6.0,0.223499
0.5,0.95,2000,16,1.0,0.9,6.0,0.2155
0.5,0.95,2000,17,1.0,0.9,6.0,0.219501
0.5,0.95,2000,18,1.0,0.9,6.0,0.235999
0.5,0.95,2000,19,1.0,0.9,6.0,0.2315
0.5,0.95,2000,20,1.0,0.9,6.0,0.221
0.5,0.95,2000,21,1.0,0.9,6.0,0.227999
0.5,0.95,2000,22,1.0,0.9,6.0,0.2185
0.5,0.95,2000,23,1.0,0.9,6.0,0.247498
0.5,0.95,2000,24,1.0,0.9,6.0,0.250503
0.5,0.95,2000,25,1.0,0.9,6.0,0.246997
0.5,0.95,2000,26,1.0,0.9,6.0,0.236501
0.5,0.95,2000,27,1.0,0.9,6.0,0.220999
0.5,0.95,2000,28,1.0,0.9,6.0,0.2255
0.5,0.95,2000,29,1.0,0.9,6.0,0.224004
0.5,0.95,2000,30,1.0,0.9,6.0,0.224497
0.5,0.95,2000,31,1.0,0.9,6.0,0.2145
0.5,0.95,2000,32,1.0,0.9,6.0,0.221501
0.5,0.95,2000,33,1.0,0.9,6.0,0.220003
0.5,0.95,2000,34,1.0,0.9,6.0,0.242497
0.5,0.95,2000,35,1.0,0.9,6.0,0.259999
0.5,0.95,2000,36,1.0,0.9,6.0,0.2535
0.5,0.95,2000,37,1.0,0.9,6.0,0.230499
0.5,0.95,2000,38,1.0,0.9,6.0,0.226001
0.5,0.95,2000,39,1.0,0.9,6.0,0.247001
0.5,0.95,2000,40,1.0,0.9,6.0,0.218498
0.5,0.95,2000,41,1.0,0.9,6.0,0.2235
0.5,0.95,2000,42,1.0,0.9,6.0,0.218501
0.5,0.95,2000,43,1.0,0.9,6.0,0.225499
0.5,0.95,2000,44,1.0,0.9,6.0,0.218501
0.5,0.95,2000,45,1.0,0.9,6.0,0.2275
0.5,0.95,2000,46,1.0,0.9,6.0,0.232501
0.5,0.95,2000,47,1.0,0.9,6.0,0.228596
0.5,0.95,2000,48,1.0,0.9,6.0,0.235404
0.5,0.95,2000,49,1.0,0.9,6.0,0.216502
0.5,0.95,2000,50,1.0,0.9,6.0,0.225997
0.5,0.95,2000,51,1.0,0.9,6.0,0.219002
0.5,0.95,2000,52,1.0,0.9,6.0,0.224498
0.5,0.95,2000,53,1.0,0.9,6.0,0.234999
0.5,0.95,2000,54,1.0,0.9,6.0,0.2235
0.5,0.95,2000,55,1.0,0.9,6.0,0.222501
0.5,0.95,2000,56,1.0,0.9,6.0,0.22
0.5,0.95,2000,57,1.0,0.9,6.0,0.224
0.5,0.95,2000,58,1.0,0.9,6.0,0.216499
0.5,0.95,2000,59,1.0,0.9,6.0,0.217499
0.5,0.95,2000,60,1.0,0.9,6.0,0.214998
0.5,0.95,2000,61,1.0,0.9,6.0,0.2125
0.5,0.95,2000,62,1.0,0.9,6.0,0.2135
0.5,0.95,2000,63,1.0,0.9,6.0,0.216001
0.5,0.95,2000,64,1.0,0.9,6.0,0.224
0.5,0.95,2000,65,1.0,0.9,6.0,0.226002
0.5,0.95,2000,66,1.0,0.9,6.0,0.222499
0.5,0.95,2000,67,1.0,0.9,6.0,0.220999
0.5,0.95,2000,68,1.0,0.9,6.0,0.234
0.5,0.95,2000,69,1.0,0.9,6.0,0.226
0.5,0.95,2000,70,1.0,0.9,6.0,0.23
0.5,0.95,2000,71,1.0,0.9,6.0,0.233502
0.5,0.95,2000,72,1.0,0.9,6.0,0.238998
0.5,0.95,2000,73,1.0,0.9,6.0,0.226503
0.5,0.95,2000,74,1.0,0.9,6.0,0.217497
0.5,0.95,2000,75,1.0,0.9,6.0,0.226499
0.5,0.95,2000,76,1.0,0.9,6.0,0.209
0.5,0.95,2000,77,1.0,0.9,6.0,0.236
0.5,0.95,2000,78,1.0,0.9,6.0,0.222
0.5,0.95,2000,79,1.0,0.9,6.0,0.218499
0.5,0.95,2000,80,1.0,0.9,6.0,0.222002
0.5,0.95,2000,81,1.0,0.9,6.0,0.213499
0.5,0.95,2000,82,1.0,0.9,6.0,0.230998
0.5,0.95,2000,83,1.0,0.9,6.0,0.213001
0.5,0.95,2000,84,1.0,0.9,6.0,0.225999
0.5,0.95,2000,85,1.0,0.9,6.0,0.212001
0.5,0.95,2000,86,1.0,0.9,6.0,0.2225
0.5,0.95,2000,87,1.0,0.9,6.0,0.2225
0.5,0.95,2000,88,1.0,0.9,6.0,0.2175
0.5,0.95,2000,89,1.0,0.9,6.0,0.215501
0.5,0.95,2000,90,1.0,0.9,6.0,0.2195
0.5,0.95,2000,91,1.0,0.9,6.0,0.223497
0.5,0.95,2000,92,1.0,0.9,6.0,0.228002
0.5,0.95,2000,93,1.0,0.9,6.0,0.229998
0.5,0.95,2000,94,1.0,0.9,6.0,0.217501
0.5,0.95,2000,95,1.0,0.9,6.0,0.220502
0.5,0.95,2000,96,1.0,0.9,6.0,0.219497
0.5,0.95,2000,97,1.0,0.9,6.0,0.222001
0.5,0.95,2000,98,1.0,0.9,6.0,0.2175
0.5,0.95,2000,99,1.0,0.9,6.0,0.220499
0.5,0.99,20,0,1.0,0.9,6.0,0.026003
0.5,0.99,20,1,0.0,-1.0,50.0,0.194498
0.5,0.99,20,2,0.0,-1.0,50.0,0.192501
0.5,0.99,20,3,0.0,-1.0,50.0,0.22
0.5,0.99,20,4,1.0,0.9,6.0,0.026998
0.5,0.99,20,5,0.0,-1.0,50.0,0.201001
0.5,0.99,20,6,1.0,0.9,6.0,0.024501
0.5,0.99,20,7,1.0,0.9,6.0,0.023999
0.5,0.99,20,8,0.0,-1.0,50.0,0.200001
0.5,0.99,20,9,1.0,0.9,6.0,0.025
0.5,0.99,20,10,0.0,-1.0,50.0,0.198999
0.5,0.99,20,11,1.0,0.9,6.0,0.026499
0.5,0.99,20,12,1.0,0.9,6.0,0.025001
0.5,0.99,20,13,1.0,0.9,6.0,0.0285
0.5,0.99,20,14,0.0,-1.0,50.0,0.201999
0.5,0.99,20,15,1.0,0.879,7.05,0.031
0.5,0.99,20,16,0.0,-1.0,50.0,0.208501
0.5,0.99,20,17,1.0,0.9,6.0,0.0265
0.5,0.99,20,18,0.0,-1.0,50.0,0.199001
0.5,0.99,20,19,0.0,-1.0,50.0,0.192501
0.5,0.99,20,20,1.0,0.9,6.0,0.026998
0.5,0.99,20,21,0.0,-1.0,50.0,0.194
0.5,0.99,20,22,0.0,-1.0,50.0,0.196001
0.5,0.99,20,23,1.0,0.9,6.0,0.026999
0.5,0.99,20,24,0.0,-1.0,50.0,0.190001
0.5,0.99,20,25,1.0,0.9,6.0,0.030001
0.5,0.99,20,26,0.0,-1.0,50.0,0.207998
0.5,0.99,20,27,1.0,0.9,6.0,0.030001
0.5,0.99,20,28,0.0,-1.0,50.0,0.209
0.5,0.99,20,29,1.0,0.9,6.0,0.0265
0.5,0.99,20,30,1.0,0.9,6.0,0.023498
0.5,0.99,20,31,1.0,0.9,6.0,0.0265
0.5,0.99,20,32,0.0,-1.0,50.0,0.196999
0.5,0.99,20,33,0.0,-1.0,50.0,0.199502
0.5,0.99,20,34,1.0,0.9,6.0,0.024999
0.5,0.99,20,35,1.0,0.9,6.0,0.029001
0.5,0.99,20,36,0.0,-1.0,50.0,0.236499
0.5,0.99,20,37,0.0,-1.0,50.0,0.215999
0.5,0.99,20,38,0.0,-1.0,50.0,0.191001
0.5,0.99,20,39,0.0,-1.0,50.0,0.196036
0.5,0.99,20,40,0.0,-1.0,50.0,0.203963
0.5,0.99,20,41,0.0,-1.0,50.0,0.197001
0.5,0.99,20,42,1.0,0.9,6.0,0.0255
0.5,0.99,20,43,1.0,0.9,6.0,0.028001
0.5,0.99,20,44,1.0,0.9,6.0,0.025498
0.5,0.99,20,45,0.0,-1.0,50.0,0.195502
0.5,0.99,20,46,0.0,-1.0,50.0,0.196003
0.5,0.99,20,47,1.0,0.9,6.0,0.026497
0.5,0.99,20,48,0.0,-1.0,50.0,0.191998
0.5,0.99,20,49,0.0,-1.0,50.0,0.194502
0.5,0.99,20,50,0.0,-1.0,50.0,0.191499
0.5,0.99,20,51,0.0,-1.0,50.0,0.194502
0.5,0.99,20,52,1.0,0.9,6.0,0.026999
0.5,0.99,20,53,0.0,-1.0,50.0,0.203502
0.5,0.99,20,54,0.0,-1.0,50.0,0.203998
0.5,0.99,20,55,0.0,-1.0,50.0,0.198499
0.5,0.99,20,56,1.0,0.9,6.0,0.029499
0.5,0.99,20,57,0.0,-1.0,50.0,0.191001
0.5,0.99,20,58,1.0,0.9,6.0,0.0275
0.5,0.99,20,59,0.0,-1.0,50.0,0.203001
0.5,0.99,20,60,1.0,0.9,6.0,0.026499
0.5,0.99,20,61,0.0,-1.0,50.0,0.200502
0.5,0.99,20,62,0.0,-1.0,50.0,0.2015
0.5,0.99,20,63,0.0,-1.0,50.0,0.210001
0.5,0.99,20,64,1.0,0.9,6.0,0.027499
0.5,0.99,20,65,0.0,-1.0,50.0,0.197499
0.5,0.99,20,66,1.0,0.9,6.0,0.027502
0.5,0.99,20,67,0.0,-1.0,50.0,0.201002
0.5,0.99,20,68,0.0,-1.0,50.0,0.193496
0.5,0.99,20,69,1.0,0.9,6.0,0.025502
0.5,0.99,20,70,0.0,-1.0,50.0,0.199501
0.5,0.99,20,71,0.0,-1.0,50.0,0.194499
0.5,0.99,20,72,0.0,-1.0,50.0,0.195498
0.5,0.99,20,73,0.0,-1.0,50.0,0.196002
0.5,0.99,20,74,0.0,-1.0,50.0,0.198999
0.5,0.99,20,75,0.0,-1.0,50.0,0.199
0.5,0.99,20,76,1.0,0.9,6.0,0.026501
0.5,0.99,20,77,1.0,0.9,6.0,0.026499
0.5,0.99,20,78,1.0,0.9,6.0,0.029
0.5,0.99,20,79,0.0,-1.0,50.0,0.195
0.5,0.99,20,80,0.0,-1.0,50.0,0.1895
0.5,0.99,20,81,0.0,-1.0,50.0,0.1995
0.5,0.99,20,82,0.0,-1.0,50.0,0.193999
0.5,0.99,20,83,1.0,0.9,6.0,0.026502
0.5,0.99,20,84,1.0,0.9,6.0,0.027998
0.5,0.99,20,85,1.0,0.9,6.0,0.026501
0.5,0.99,20,86,0.0,-1.0,50.0,0.199
0.5,0.99,20,87,0.0,-1.0,50.0,0.198001
0.5,0.99,20,88,0.0,-1.0,50.0,0.194
0.5,0.99,20,89,1.0,0.9,6.0,0.025499
0.5,0.99,20,90,1.0,0.9,6.0,0.024999
0.5,0.99,20,91,0.0,-1.0,50.0,0.191
0.5,0.99,20,92,1.0,0.9,6.0,0.027
0.5,0.99,20,93,1.0,0.9,6.0,0.0265
0.5,0.99,20,94,1.0,0.9,6.0,0.025001
0.5,0.99,20,95,0.0,-1.0,50.0,0.201
0.5,0.99,20,96,0.0,-1.0,50.0,0.194499
0.5,0.99,20,97,0.0,-1.0,50.0,0.206001
0.5,0.99,20,98,1.0,0.9,6.0,0.0305
0.5,0.99,20,99,0.0,-1.0,50.0,0.189502
0.5,0.99,100,0,1.0,0.9,6.0,0.033498
0.5,0.99,100,1,1.0,0.9,6.0,0.0325
0.5,0.99,100,2,1.0,0.9,6.0,0.034499
0.5,0.99,100,3,1.0,0.9,6.0,0.033544
0.5,0.99,100,4,1.0,0.9,6.0,0.032456
0.5,0.99,100,5,1.0,0.9,6.0,0.031
0.5,0.99,100,6,1.0,0.9,6.0,0.035
0.5,0.99,100,7,1.0,0.9,6.0,0.0325
0.5,0.99,100,8,1.0,0.9,6.0,0.040501
0.5,0.99,100,9,1.0,0.9,6.0,0.0365
0.5,0.99,100,10,1.0,0.9,6.0,0.04
0.5,0.99,100,11,1.0,0.9,6.0,0.036001
0.5,0.99,100,12,1.0,0.9,6.0,0.035999
0.5,0.99,100,13,1.0,0.9,6.0,0.0345
0.5,0.99,100,14,1.0,0.9,6.0,0.0355
0.5,0.99,100,15,1.0,0.9,6.0,0.036999
0.5,0.99,100,16,1.0,0.9,6.0,0.034502
0.5,0.99,100,17,1.0,0.9,6.0,0.033499
0.5,0.99,100,18,1.0,0.9,6.0,0.034499
0.5,0.99,100,19,1.0,0.9,6.0,0.033499
0.5,0.99,100,20,1.0,0.9,6.0,0.034501
0.5,0.99,100,21,1.0,0.9,6.0,0.032608
0.5,0.99,100,22,1.0,0.9,6.0,0.03739
0.5,0.99,100,23,1.0,0.9,6.0,0.050001
0.5,0.99,100,24,1.0,0.9,6.0,0.033
0.5,0.99,100,25,1.0,0.9,6.0,0.0365
0.5,0.99,100,26,1.0,0.9,6.0,0.031536
0.5,0.99,100,27,1.0,0.9,6.0,0.031965
0.5,0.99,100,28,1.0,0.9,6.0,0.036002
0.5,0.99,100,29,1.0,0.9,6.0,0.032043
0.5,0.99,100,30,1.0,0.9,6.0,0.035956
0.5,0.99,100,31,1.0,0.9,6.0,0.034501
0.5,0.99,100,32,1.0,0.9,6.0,0.032501
0.5,0.99,100,33,1.0,0.9,6.0,0.035999
0.5,0.99,100,34,1.0,0.9,6.0,0.033001
0.5,0.99,100,35,1.0,0.9,6.0,0.032999
0.5,0.99,100,36,1.0,0.9,6.0,0.037
0.5,0.99,100,37,1.0,0.9,6.0,0.036999
0.5,0.99,100,38,1.0,0.9,6.0,0.0355
0.5,0.99,100,39,1.0,0.9,6.0,0.033502
0.5,0.99,100,40,1.0,0.9,6.0,0.037998
0.5,0.99,100,41,1.0,0.9,6.0,0.032001
0.5,0.99,100,42,1.0,0.9,6.0,0.032999
0.5,0.99,100,43,1.0,0.9,6.0,0.031501
0.5,0.99,100,44,1.0,0.9,6.0,0.031499
0.5,0.99,100,45,1.0,0.9,6.0,0.033
0.5,0.99,100,46,1.0,0.9,6.0,0.031499
0.5,0.99,100,47,1.0,0.9,6.0,0.033499
0.5,0.99,100,48,1.0,0.9,6.0,0.031501
0.5,0.99,100,49,1.0,0.9,6.0,0.033501
0.5,0.99,100,50,1.0,0.9,6.0,0.043499
0.5,0.99,100,51,1.0,0.9,6.0,0.0545
0.5,0.99,100,52,1.0,0.9,6.0,0.045001
0.5,0.99,100,53,1.0,0.9,6.0,0.0405
0.5,0.99,100,54,1.0,0.9,6.0,0.041
0.5,0.99,100,55,1.0,0.9,6.0,0.0375
0.5,0.99,100,56,1.0,0.9,6.0,0.038999
0.5,0.99,100,57,1.0,0.9,6.0,0.040501
0.5,0.99,100,58,1.0,0.9,6.0,0.034999
0.5,0.99,100,59,1.0,0.9,6.0,0.034502
0.5,0.99,100,60,1.0,0.9,6.0,0.034499
0.5,0.99,100,61,1.0,0.9,6.0,0.042001
0.5,0.99,100,62,1.0,0.9,6.0,0.036499
0.5,0.99,100,63,1.0,0.9,6.0,0.045001
0.5,0.99,100,64,1.0,0.9,6.0,0.042499
0.5,0.99,100,65,1.0,0.9,6.0,0.04158
0.5,0.99,100,66,1.0,0.9,6.0,0.036498
0.5,0.99,100,67,1.0,0.9,6.0,0.039001
0.5,0.99,100,68,1.0,0.9,6.0,0.0355
0.5,0.99,100,69,1.0,0.9,6.0,0.038001
0.5,0.99,100,70,1.0,0.9,6.0,0.035499
0.5,0.99,100,71,1.0,0.9,6.0,0.042
0.5,0.99,100,72,1.0,0.9,6.0,0.040001
0.5,0.99,100,73,1.0,0.9,6.0,0.038001
0.5,0.99,100,74,1.0,0.9,6.0,0.044999
0.5,0.99,100,75,1.0,0.9,6.0,0.042999
0.5,0.99,100,76,1.0,0.9,6.0,0.043535
0.5,0.99,100,77,1.0,0.9,6.0,0.042465
0.5,0.99,100,78,1.0,0.9,6.0,0.048002
0.5,0.99,100,79,1.0,0.9,6.0,0.042998
0.5,0.99,100,80,1.0,0.9,6.0,0.041
0.5,0.99,100,81,1.0,0.9,6.0,0.041501
0.5,0.99,100,82,1.0,0.9,6.0,0.042
0.5,0.99,100,83,1.0,0.9,6.0,0.048002
0.5,0.99,100,84,1.0,0.9,6.0,0.045497
0.5,0.99,100,85,1.0,0.9,6.0,0.047999
0.5,0.99,100,86,1.0,0.9,6.0,0.045001
0.5,0.99,100,87,1.0,0.9,6.0,0.043501
0.5,0.99,100,88,1.0,0.9,6.0,0.046
0.5,0.99,100,89,1.0,0.9,6.0,0.047999
0.5,0.99,100,90,1.0,0.9,6.0,0.039998
0.5,0.99,100,91,1.0,0.9,6.0,0.044502
0.5,0.99,100,92,1.0,0.9,6.0,0.043
0.5,0.99,100,93,1.0,0.9,6.0,0.04
0.5,0.99,100,94,1.0,0.9,6.0,0.039001
0.5,0.99,100,95,1.0,0.9,6.0,0.041999
0.5,0.99,100,96,1.0,0.9,6.0,0.035999
0.5,0.99,100,97,1.0,0.9,6.0,0.033502
0.5,0.99,100,98,1.0,0.9,6.0,0.038999
0.5,0.99,100,99,1.0,0.9,6.0,0.031501
0.5,0.99,500,0,1.0,0.9,6.0,0.078501
0.5,0.99,500,1,1.0,0.9,6.0,0.072999
0.5,0.99,500,2,1.0,0.9,6.0,0.076001
0.5,0.99,500,3,1.0,0.9,6.0,0.092
0.5,0.99,500,4,1.0,0.9,6.0,0.089001
0.5,0.99,500,5,1.0,0.9,6.0,0.086499
0.5,0.99,500,6,1.0,0.9,6.0,0.072998
0.5,0.99,500,7,1.0,0.9,6.0,0.075503
0.5,0.99,500,8,1.0,0.9,6.0,0.0695
0.5,0.99,500,9,1.0,0.9,6.0,0.0695
0.5,0.99,500,10,1.0,0.9,6.0,0.075499
0.5,0.99,500,11,1.0,0.9,6.0,0.0705
0.5,0.99,500,12,1.0,0.9,6.0,0.074999
0.5,0.99,500,13,1.0,0.9,6.0,0.078502
0.5,0.99,500,14,1.0,0.9,6.0,0.073498
0.5,0.99,500,15,1.0,0.9,6.0,0.071501
0.5,0.99,500,16,1.0,0.9,6.0,0.069502
0.5,0.99,500,17,1.0,0.9,6.0,0.073998
0.5,0.99,500,18,1.0,0.9,6.0,0.074001
0.5,0.99,500,19,1.0,0.9,6.0,0.082003
0.5,0.99,500,20,1.0,0.9,6.0,0.081497
0.5,0.99,500,21,1.0,0.9,6.0,0.0765
0.5,0.99,500,22,1.0,0.9,6.0,0.073
0.5,0.99,500,23,1.0,0.9,6.0,0.0785
0.5,0.99,500,24,1.0,0.9,6.0,0.077
0.5,0.99,500,25,1.0,0.9,6.0,0.078501
0.5,0.99,500,26,1.0,0.9,6.0,0.0855
0.5,0.99,500,27,1.0,0.9,6.0,0.072499
0.5,0.99,500,28,1.0,0.9,6.0,0.0695
0.5,0.99,500,29,1.0,0.9,6.0,0.071001
0.5,0.99,500,30,1.0,0.9,6.0,0.072001
0.5,0.99,500,31,1.0,0.9,6.0,0.080499
0.5,0.99,500,32,1.0,0.9,6.0,0.079
0.5,0.99,500,33,1.0,0.9,6.0,0.073501
0.5,0.99,500,34,1.0,0.9,6.0,0.079497
0.5,0.99,500,35,1.0,0.9,6.0,0.072502
0.5,0.99,500,36,1.0,0.9,6.0,0.073999
0.5,0.99,500,37,1.0,0.9,6.0,0.069999
0.5,0.99,500,38,1.0,0.9,6.0,0.076001
0.5,0.99,500,39,1.0,0.9,6.0,0.076499
0.5,0.99,500,40,1.0,0.9,6.0,0.075001
0.5,0.99,500,41,1.0,0.9,6.0,0.077999
0.5,0.99,500,42,1.0,0.9,6.0,0.076501
0.5,0.99,500,43,1.0,0.9,6.0,0.072
0.5,0.99,500,44,1.0,0.9,6.0,0.072001
0.5,0.99,500,45,1.0,0.9,6.0,0.0765
0.5,0.99,500,46,1.0,0.9,6.0,0.076502
0.5,0.99,500,47,1.0,0.9,6.0,0.076497
0.5,0.99,500,48,1.0,0.9,6.0,0.077003
0.5,0.99,500,49,1.0,0.9,6.0,0.072999
0.5,0.99,500,50,1.0,0.9,6.0,0.074499
0.5,0.99,500,51,1.0,0.9,6.0,0.072501
0.5,0.99,500,52,1.0,0.9,6.0,0.070999
0.5,0.99,500,53,1.0,0.9,6.0,0.078498
0.5,0.99,500,54,1.0,0.9,6.0,0.074
0.5,0.99,500,55,1.0,0.9,6.0,0.074499
0.5,0.99,500,56,1.0,0.9,6.0,0.074003
0.5,0.99,500,57,1.0,0.9,6.0,0.073998
0.5,0.99,500,58,1.0,0.9,6.0,0.069499
0.5,0.99,500,59,1.0,0.9,6.0,0.0755
0.5,0.99,500,60,1.0,0.9,6.0,0.076006
0.5,0.99,500,61,1.0,0.9,6.0,0.078494
0.5,0.99,500,62,1.0,0.9,6.0,0.073507
0.5,0.99,500,63,1.0,0.9,6.0,0.073495
0.5,0.99,500,64,1.0,0.9,6.0,0.072999
0.5,0.99,500,65,1.0,0.9,6.0,0.083501
0.5,0.99,500,66,1.0,0.9,6.0,0.0735
0.5,0.99,500,67,1.0,0.9,6.0,0.073498
0.5,0.99,500,68,1.0,0.9,6.0,0.074518
0.5,0.99,500,69,1.0,0.9,6.0,0.073985
0.5,0.99,500,70,1.0,0.9,6.0,0.074497
0.5,0.99,500,71,1.0,0.9,6.0,0.0715
0.5,0.99,500,72,1.0,0.9,6.0,0.079
0.5,0.99,500,73,1.0,0.9,6.0,0.077001
0.5,0.99,500,74,1.0,0.9,6.0,0.072
0.5,0.99,500,75,1.0,0.9,6.0,0.075
0.5,0.99,500,76,1.0,0.9,6.0,0.072002
0.5,0.99,500,77,1.0,0.9,6.0,0.073497
0.5,0.99,500,78,1.0,0.9,6.0,0.074
0.5,0.99,500,79,1.0,0.9,6.0,0.080521
0.5,0.99,500,80,1.0,0.9,6.0,0.075979
0.5,0.99,500,81,1.0,0.9,6.0,0.0725
0.5,0.99,500,82,1.0,0.9,6.0,0.079999
0.5,0.99,500,83,1.0,0.9,6.0,0.073501
0.5,0.99,500,84,1.0,0.9,6.0,0.076
0.5,0.99,500,85,1.0,0.9,6.0,0.074501
0.5,0.99,500,86,1.0,0.9,6.0,0.081501
0.5,0.99,500,87,1.0,0.9,6.0,0.077031
0.5,0.99,500,88,1.0,0.9,6.0,0.081471
0.5,0.99,500,89,1.0,0.9,6.0,0.073999
0.5,0.99,500,90,1.0,0.9,6.0,0.077499
0.5,0.99,500,91,1.0,0.9,6.0,0.075001
0.5,0.99,500,92,1.0,0.9,6.0,0.0855
0.5,0.99,500,93,1.0,0.9,6.0,0.079501
0.5,0.99,500,94,1.0,0.9,6.0,0.08
0.5,0.99,500,95,1.0,0.9,6.0,0.075999
0.5,0.99,500,96,1.0,0.9,6.0,0.072
0.5,0.99,500,97,1.0,0.9,6.0,0.0735
0.5,0.99,500,98,1.0,0.9,6.0,0.079
0.5,0.99,500,99,1.0,0.9,6.0,0.077001
0.5,0.99,2000,0,1.0,0.9,6.0,0.214502
0.5,0.99,2000,1,1.0,0.9,6.0,0.213001
0.5,0.99,2000,2,1.0,0.9,6.0,0.225999
0.5,0.99,2000,3,1.0,0.9,6.0,0.220002
0.5,0.99,2000,4,1.0,0.9,6.0,0.2225
0.5,0.99,2000,5,1.0,0.9,6.0,0.217499
0.5,0.99,2000,6,1.0,0.9,6.0,0.225504
0.5,0.99,2000,7,1.0,0.9,6.0,0.221996
0.5,0.99,2000,8,1.0,0.9,6.0,0.225501
0.5,0.99,2000,9,1.0,0.9,6.0,0.220499
0.5,0.99,2000,10,1.0,0.9,6.0,0.223
0.5,0.99,2000,11,1.0,0.9,6.0,0.222499
0.5,0.99,2000,12,1.0,0.9,6.0,0.222036
0.5,0.99,2000,13,1.0,0.9,6.0,0.230465
0.5,0.99,2000,14,1.0,0.9,6.0,0.2165
0.5,0.99,2000,15,1.0,0.9,6.0,0.222501
0.5,0.99,2000,16,1.0,0.9,6.0,0.219489
0.5,0.99,2000,17,1.0,0.9,6.0,0.2125
0.5,0.99,2000,18,1.0,0.9,6.0,0.2425
0.5,0.99,2000,19,1.0,0.9,6.0,0.221001
0.5,0.99,2000,20,1.0,0.9,6.0,0.235499
0.5,0.99,2000,21,1.0,0.9,6.0,0.230426
0.5,0.99,2000,22,1.0,0.9,6.0,0.249999
0.5,0.99,2000,23,1.0,0.9,6.0,0.232
0.5,0.99,2000,24,1.0,0.9,6.0,0.219002
0.5,0.99,2000,25,1.0,0.9,6.0,0.226
0.5,0.99,2000,26,1.0,0.9,6.0,0.232001
0.5,0.99,2000,27,1.0,0.9,6.0,0.2195
0.5,0.99,2000,28,1.0,0.9,6.0,0.2205
0.5,0.99,2000,29,1.0,0.9,6.0,0.218502
0.5,0.99,2000,30,1.0,0.9,6.0,0.227499
0.5,0.99,2000,31,1.0,0.9,6.0,0.217001
0.5,0.99,2000,32,1.0,0.9,6.0,0.220498
0.5,0.99,2000,33,1.0,0.9,6.0,0.227
0.5,0.99,2000,34,1.0,0.9,6.0,0.225001
0.5,0.99,2000,35,1.0,0.9,6.0,0.231498
0.5,0.99,2000,36,1.0,0.9,6.0,0.219001
0.5,0.99,2000,37,1.0,0.9,6.0,0.2255
0.5,0.99,2000,38,1.0,0.9,6.0,0.2255
0.5,0.99,2000,39,1.0,0.9,6.0,0.2175
0.5,0.99,2000,40,1.0,0.9,6.0,0.241501
0.5,0.99,2000,41,1.0,0.9,6.0,0.2205
0.5,0.99,2000,42,1.0,0.9,6.0,0.2445
0.5,0.99,2000,43,1.0,0.9,6.0,0.274999
0.5,0.99,2000,44,1.0,0.9,6.0,0.220001
0.5,0.99,2000,45,1.0,0.9,6.0,0.218002
0.5,0.99,2000,46,1.0,0.9,6.0,0.217999
0.5,0.99,2000,47,1.0,0.9,6.0,0.227001
0.5,0.99,2000,48,1.0,0.9,6.0,0.229498
0.5,0.99,2000,49,1.0,0.9,6.0,0.214
0.5,0.99,2000,50,1.0,0.9,6.0,0.23
0.5,0.99,2000,51,1.0,0.9,6.0,0.218001
0.5,0.99,2000,52,1.0,0.9,6.0,0.224499
0.5,0.99,2000,53,1.0,0.9,6.0,0.224498
0.5,0.99,2000,54,1.0,0.9,6.0,0.213501
0.5,0.99,2000,55,1.0,0.9,6.0,0.227
0.5,0.99,2000,56,1.0,0.9,6.0,0.213999
0.5,0.99,2000,57,1.0,0.9,6.0,0.223002
0.5,0.99,2000,58,1.0,0.9,6.0,0.234496
0.5,0.99,2000,59,1.0,0.9,6.0,0.217501
0.5,0.99,2000,60,1.0,0.9,6.0,0.222
0.5,0.99,2000,61,1.0,0.9,6.0,0.222003
0.5,0.99,2000,62,1.0,0.9,6.0,0.231498
0.5,0.99,2000,63,1.0,0.9,6.0,0.22296
0.5,0.99,2000,64,1.0,0.9,6.0,0.216998
0.5,0.99,2000,65,1.0,0.9,6.0,0.231004
0.5,0.99,2000,66,1.0,0.9,6.0,0.226999
0.5,0.99,2000,67,1.0,0.9,6.0,0.246499
0.5,0.99,2000,68,1.0,0.9,6.0,0.226999
0.5,0.99,2000,69,1.0,0.9,6.0,0.223
0.5,0.99,2000,70,1.0,0.9,6.0,0.243001
0.5,0.99,2000,71,1.0,0.9,6.0,0.2225
0.5,0.99,2000,72,1.0,0.9,6.0,0.230499
0.5,0.99,2000,73,1.0,0.9,6.0,0.216001
0.5,0.99,2000,74,1.0,0.9,6.0,0.2185
0.5,0.99,2000,75,1.0,0.9,6.0,0.236039
0.5,0.99,2000,76,1.0,0.9,6.0,0.217461
0.5,0.99,2000,77,1.0,0.9,6.0,0.225001
0.5,0.99,2000,78,1.0,0.9,6.0,0.215499
0.5,0.99,2000,79,1.0,0.9,6.0,0.2305
0.5,0.99,2000,80,1.0,0.9,6.0,0.227002
0.5,0.99,2000,81,1.0,0.9,6.0,0.227998
0.5,0.99,2000,82,1.0,0.9,6.0,0.228
0.5,0.99,2000,83,1.0,0.9,6.0,0.212
0.5,0.99,2000,84,1.0,0.9,6.0,0.231001
0.5,0.99,2000,85,1.0,0.9,6.0,0.2315
0.5,0.99,2000,86,1.0,0.9,6.0,0.239502
0.5,0.99,2000,87,1.0,0.9,6.0,0.221001
0.5,0.99,2000,88,1.0,0.9,6.0,0.218002
0.5,0.99,2000,89,1.0,0.9,6.0,0.223499
0.5,0.99,2000,90,1.0,0.9,6.0,0.226499
0.5,0.99,2000,91,1.0,0.9,6.0,0.218003
0.5,0.99,2000,92,1.0,0.9,6.0,0.230498
0.5,0.99,2000,93,1.0,0.9,6.0,0.215999
0.5,0.99,2000,94,1.0,0.9,6.0,0.263003
0.5,0.99,2000,95,1.0,0.9,6.0,0.250498
0.5,0.99,2000,96,1.0,0.9,6.0,0.268002
0.5,0.99,2000,97,1.0,0.9,6.0,0.2345
0.5,0.99,2000,98,1.0,0.9,6.0,0.228498
0.5,0.99,2000,99,1.0,0.9,6.0,0.233002
